filename,video_id,gloss,match_type,confidence
00335.mp4,00335,abdomen,exact,1.0
00336.mp4,00336,abdomen,exact,1.0
00338.mp4,00338,abdomen,exact,1.0
00339.mp4,00339,abdomen,exact,1.0
00341.mp4,00341,abdomen,exact,1.0
00376.mp4,00376,able,exact,1.0
00377.mp4,00377,able,exact,1.0
00381.mp4,00381,able,exact,1.0
00382.mp4,00382,able,exact,1.0
00384.mp4,00384,able,exact,1.0
00414.mp4,00414,about,exact,1.0
00415.mp4,00415,about,exact,1.0
00416.mp4,00416,about,exact,1.0
00421.mp4,00421,about,exact,1.0
00426.mp4,00426,about,exact,1.0
00430.mp4,00430,above,exact,1.0
00431.mp4,00431,above,exact,1.0
00433.mp4,00433,above,exact,1.0
00435.mp4,00435,above,exact,1.0
00583.mp4,00583,accent,exact,1.0
00584.mp4,00584,accent,exact,1.0
00585.mp4,00585,accent,exact,1.0
00586.mp4,00586,accent,exact,1.0
00592.mp4,00592,accept,exact,1.0
00593.mp4,00593,accept,exact,1.0
00594.mp4,00594,accept,exact,1.0
00597.mp4,00597,accept,exact,1.0
00599.mp4,00599,accept,exact,1.0
00600.mp4,00600,accept,exact,1.0
00603.mp4,00603,accept,exact,1.0
00623.mp4,00623,accident,exact,1.0
00624.mp4,00624,accident,exact,1.0
00625.mp4,00625,accident,exact,1.0
00626.mp4,00626,accident,exact,1.0
00627.mp4,00627,accident,exact,1.0
00628.mp4,00628,accident,exact,1.0
00629.mp4,00629,accident,exact,1.0
00631.mp4,00631,accident,exact,1.0
00632.mp4,00632,accident,exact,1.0
00633.mp4,00633,accident,exact,1.0
00634.mp4,00634,accident,exact,1.0
00639.mp4,00639,accident,exact,1.0
00663.mp4,00663,accomplish,exact,1.0
00664.mp4,00664,accomplish,exact,1.0
00666.mp4,00666,accomplish,exact,1.0
00668.mp4,00668,accomplish,exact,1.0
00689.mp4,00689,accountant,exact,1.0
00690.mp4,00690,accountant,exact,1.0
00692.mp4,00692,accountant,exact,1.0
00694.mp4,00694,accountant,exact,1.0
00832.mp4,00832,across,exact,1.0
00834.mp4,00834,across,exact,1.0
00835.mp4,00835,across,exact,1.0
00836.mp4,00836,across,exact,1.0
00839.mp4,00839,across,exact,1.0
00842.mp4,00842,across,exact,1.0
00846.mp4,00846,act,exact,1.0
00847.mp4,00847,act,exact,1.0
00849.mp4,00849,act,exact,1.0
00851.mp4,00851,act,exact,1.0
00853.mp4,00853,action,exact,1.0
00854.mp4,00854,action,exact,1.0
00855.mp4,00855,action,exact,1.0
00856.mp4,00856,action,exact,1.0
00858.mp4,00858,action,exact,1.0
00868.mp4,00868,active,exact,1.0
00869.mp4,00869,active,exact,1.0
00871.mp4,00871,active,exact,1.0
00872.mp4,00872,active,exact,1.0
00874.mp4,00874,active,exact,1.0
00890.mp4,00890,activity,exact,1.0
00891.mp4,00891,activity,exact,1.0
00892.mp4,00892,activity,exact,1.0
00894.mp4,00894,activity,exact,1.0
00898.mp4,00898,actor,exact,1.0
00899.mp4,00899,actor,exact,1.0
00900.mp4,00900,actor,exact,1.0
00901.mp4,00901,actor,exact,1.0
00904.mp4,00904,actor,exact,1.0
00943.mp4,00943,adapt,exact,1.0
00944.mp4,00944,adapt,exact,1.0
00946.mp4,00946,adapt,exact,1.0
00947.mp4,00947,adapt,exact,1.0
00949.mp4,00949,adapt,exact,1.0
00951.mp4,00951,adapt,exact,1.0
00961.mp4,00961,add,exact,1.0
00962.mp4,00962,add,exact,1.0
00963.mp4,00963,add,exact,1.0
00964.mp4,00964,add,exact,1.0
00965.mp4,00965,add,exact,1.0
00967.mp4,00967,add,exact,1.0
00973.mp4,00973,add,exact,1.0
01011.mp4,01011,address,exact,1.0
01012.mp4,01012,address,exact,1.0
01018.mp4,01018,address,exact,1.0
01024.mp4,01024,address,exact,1.0
01064.mp4,01064,adjective,exact,1.0
01065.mp4,01065,adjective,exact,1.0
01066.mp4,01066,adjective,exact,1.0
01068.mp4,01068,adjective,exact,1.0
01073.mp4,01073,adjust,exact,1.0
01074.mp4,01074,adjust,exact,1.0
01076.mp4,01076,adjust,exact,1.0
01079.mp4,01079,adjust,exact,1.0
01100.mp4,01100,admire,exact,1.0
01101.mp4,01101,admire,exact,1.0
01103.mp4,01103,admire,exact,1.0
01107.mp4,01107,admire,exact,1.0
01118.mp4,01118,admit,exact,1.0
01120.mp4,01120,admit,exact,1.0
01122.mp4,01122,admit,exact,1.0
01127.mp4,01127,admit,exact,1.0
01157.mp4,01157,adopt,exact,1.0
01158.mp4,01158,adopt,exact,1.0
01159.mp4,01159,adopt,exact,1.0
01160.mp4,01160,adopt,exact,1.0
01162.mp4,01162,adopt,exact,1.0
01206.mp4,01206,adult,exact,1.0
01207.mp4,01207,adult,exact,1.0
01208.mp4,01208,adult,exact,1.0
01209.mp4,01209,adult,exact,1.0
01214.mp4,01214,adult,exact,1.0
01217.mp4,01217,adult,exact,1.0
01226.mp4,01226,advanced,exact,1.0
01227.mp4,01227,advanced,exact,1.0
01229.mp4,01229,advanced,exact,1.0
01231.mp4,01231,advanced,exact,1.0
01244.mp4,01244,advantage,exact,1.0
01245.mp4,01245,advantage,exact,1.0
01252.mp4,01252,advantage,exact,1.0
01264.mp4,01264,adverb,exact,1.0
01265.mp4,01265,adverb,exact,1.0
01266.mp4,01266,adverb,exact,1.0
01268.mp4,01268,adverb,exact,1.0
01318.mp4,01318,affect,exact,1.0
01319.mp4,01319,affect,exact,1.0
01320.mp4,01320,affect,exact,1.0
01321.mp4,01321,affect,exact,1.0
01323.mp4,01323,affect,exact,1.0
01327.mp4,01327,affect,exact,1.0
01373.mp4,01373,afraid,exact,1.0
01374.mp4,01374,afraid,exact,1.0
01376.mp4,01376,afraid,exact,1.0
01377.mp4,01377,afraid,exact,1.0
01381.mp4,01381,afraid,exact,1.0
01383.mp4,01383,africa,exact,1.0
01384.mp4,01384,africa,exact,1.0
01385.mp4,01385,africa,exact,1.0
01386.mp4,01386,africa,exact,1.0
01387.mp4,01387,africa,exact,1.0
01388.mp4,01388,africa,exact,1.0
01391.mp4,01391,africa,exact,1.0
01398.mp4,01398,africa,exact,1.0
01418.mp4,01418,after,exact,1.0
01419.mp4,01419,after,exact,1.0
01420.mp4,01420,after,exact,1.0
01421.mp4,01421,after,exact,1.0
01422.mp4,01422,after,exact,1.0
01428.mp4,01428,after,exact,1.0
01433.mp4,01433,afternoon,exact,1.0
01434.mp4,01434,afternoon,exact,1.0
01435.mp4,01435,afternoon,exact,1.0
01436.mp4,01436,afternoon,exact,1.0
01438.mp4,01438,afternoon,exact,1.0
01442.mp4,01442,afternoon,exact,1.0
01460.mp4,01460,again,exact,1.0
01461.mp4,01461,again,exact,1.0
01462.mp4,01462,again,exact,1.0
01463.mp4,01463,again,exact,1.0
01464.mp4,01464,again,exact,1.0
01466.mp4,01466,again,exact,1.0
01471.mp4,01471,again,exact,1.0
01473.mp4,01473,against,exact,1.0
01474.mp4,01474,against,exact,1.0
01477.mp4,01477,against,exact,1.0
01479.mp4,01479,against,exact,1.0
01485.mp4,01485,age,exact,1.0
01486.mp4,01486,age,exact,1.0
01487.mp4,01487,age,exact,1.0
01489.mp4,01489,age,exact,1.0
01490.mp4,01490,age,exact,1.0
01495.mp4,01495,age,exact,1.0
01505.mp4,01505,agenda,exact,1.0
01506.mp4,01506,agenda,exact,1.0
01507.mp4,01507,agenda,exact,1.0
01515.mp4,01515,agenda,exact,1.0
01552.mp4,01552,ago,exact,1.0
01553.mp4,01553,ago,exact,1.0
01554.mp4,01554,ago,exact,1.0
01556.mp4,01556,ago,exact,1.0
01557.mp4,01557,ago,exact,1.0
01558.mp4,01558,ago,exact,1.0
01560.mp4,01560,ago,exact,1.0
01561.mp4,01561,ago,exact,1.0
01564.mp4,01564,ago,exact,1.0
01575.mp4,01575,agree,exact,1.0
01576.mp4,01576,agree,exact,1.0
01577.mp4,01577,agree,exact,1.0
01579.mp4,01579,agree,exact,1.0
01582.mp4,01582,agree,exact,1.0
01583.mp4,01583,agreement,exact,1.0
01584.mp4,01584,agreement,exact,1.0
01585.mp4,01585,agreement,exact,1.0
01586.mp4,01586,agreement,exact,1.0
01587.mp4,01587,agreement,exact,1.0
01598.mp4,01598,ahead,exact,1.0
01599.mp4,01599,ahead,exact,1.0
01602.mp4,01602,ahead,exact,1.0
01605.mp4,01605,ahead,exact,1.0
01610.mp4,01610,a,exact,1.0
01612.mp4,01612,a,exact,1.0
01615.mp4,01615,a,exact,1.0
01621.mp4,01621,aid,exact,1.0
01622.mp4,01622,aid,exact,1.0
01624.mp4,01624,aid,exact,1.0
01626.mp4,01626,aid,exact,1.0
01627.mp4,01627,aid,exact,1.0
01642.mp4,01642,aim,exact,1.0
01643.mp4,01643,aim,exact,1.0
01646.mp4,01646,aim,exact,1.0
01652.mp4,01652,aim,exact,1.0
01653.mp4,01653,aim,exact,1.0
01724.mp4,01724,airplane,exact,1.0
01726.mp4,01726,airplane,exact,1.0
01727.mp4,01727,airplane,exact,1.0
01729.mp4,01729,airplane,exact,1.0
01730.mp4,01730,airplane,exact,1.0
01734.mp4,01734,airplane,exact,1.0
01801.mp4,01801,alarm,exact,1.0
01802.mp4,01802,alarm,exact,1.0
01804.mp4,01804,alarm,exact,1.0
01808.mp4,01808,alarm,exact,1.0
01831.mp4,01831,alcohol,exact,1.0
01832.mp4,01832,alcohol,exact,1.0
01836.mp4,01836,alcohol,exact,1.0
01839.mp4,01839,alcohol,exact,1.0
01874.mp4,01874,algebra,exact,1.0
01875.mp4,01875,algebra,exact,1.0
01876.mp4,01876,algebra,exact,1.0
01878.mp4,01878,algebra,exact,1.0
01880.mp4,01880,algebra,exact,1.0
01922.mp4,01922,all day,exact,1.0
01923.mp4,01923,all day,exact,1.0
01924.mp4,01924,all day,exact,1.0
01926.mp4,01926,all day,exact,1.0
01927.mp4,01927,all day,exact,1.0
01955.mp4,01955,allergy,exact,1.0
01956.mp4,01956,allergy,exact,1.0
01957.mp4,01957,allergy,exact,1.0
01960.mp4,01960,allergy,exact,1.0
01962.mp4,01962,allergy,exact,1.0
01965.mp4,01965,allergy,exact,1.0
01986.mp4,01986,all,exact,1.0
01987.mp4,01987,all,exact,1.0
01988.mp4,01988,all,exact,1.0
01991.mp4,01991,all,exact,1.0
01992.mp4,01992,all,exact,1.0
02003.mp4,02003,all,exact,1.0
02008.mp4,02008,alligator,exact,1.0
02009.mp4,02009,alligator,exact,1.0
02010.mp4,02010,alligator,exact,1.0
02012.mp4,02012,alligator,exact,1.0
02014.mp4,02014,alligator,exact,1.0
02045.mp4,02045,allow,exact,1.0
02046.mp4,02046,allow,exact,1.0
02048.mp4,02048,allow,exact,1.0
02049.mp4,02049,allow,exact,1.0
02052.mp4,02052,allow,exact,1.0
02091.mp4,02091,almost,exact,1.0
02092.mp4,02092,almost,exact,1.0
02093.mp4,02093,almost,exact,1.0
02095.mp4,02095,almost,exact,1.0
02103.mp4,02103,alone,exact,1.0
02104.mp4,02104,alone,exact,1.0
02105.mp4,02105,alone,exact,1.0
02106.mp4,02106,alone,exact,1.0
02108.mp4,02108,alone,exact,1.0
02109.mp4,02109,alone,exact,1.0
02110.mp4,02110,alone,exact,1.0
02112.mp4,02112,alone,exact,1.0
02124.mp4,02124,a lot,exact,1.0
02125.mp4,02125,a lot,exact,1.0
02126.mp4,02126,a lot,exact,1.0
02128.mp4,02128,a lot,exact,1.0
02129.mp4,02129,a lot,exact,1.0
02130.mp4,02130,a lot,exact,1.0
02131.mp4,02131,a lot,exact,1.0
02145.mp4,02145,alphabet,exact,1.0
02149.mp4,02149,alphabet,exact,1.0
02151.mp4,02151,alphabet,exact,1.0
02159.mp4,02159,already,exact,1.0
02160.mp4,02160,already,exact,1.0
02161.mp4,02161,already,exact,1.0
02162.mp4,02162,already,exact,1.0
02163.mp4,02163,already,exact,1.0
02165.mp4,02165,already,exact,1.0
02166.mp4,02166,already,exact,1.0
02168.mp4,02168,already,exact,1.0
02174.mp4,02174,also,exact,1.0
02175.mp4,02175,also,exact,1.0
02177.mp4,02177,also,exact,1.0
02178.mp4,02178,also,exact,1.0
02181.mp4,02181,also,exact,1.0
02228.mp4,02228,always,exact,1.0
02229.mp4,02229,always,exact,1.0
02230.mp4,02230,always,exact,1.0
02231.mp4,02231,always,exact,1.0
02233.mp4,02233,always,exact,1.0
02238.mp4,02238,always,exact,1.0
02269.mp4,02269,amazing,exact,1.0
02273.mp4,02273,amazing,exact,1.0
02276.mp4,02276,amazing,exact,1.0
02285.mp4,02285,amazing,exact,1.0
02349.mp4,02349,america,exact,1.0
02350.mp4,02350,america,exact,1.0
02351.mp4,02351,america,exact,1.0
02353.mp4,02353,america,exact,1.0
02356.mp4,02356,america,exact,1.0
02429.mp4,02429,amputate,exact,1.0
02430.mp4,02430,amputate,exact,1.0
02431.mp4,02431,amputate,exact,1.0
02434.mp4,02434,amputate,exact,1.0
02435.mp4,02435,amputate,exact,1.0
02474.mp4,02474,analyze,exact,1.0
02475.mp4,02475,analyze,exact,1.0
02476.mp4,02476,analyze,exact,1.0
02477.mp4,02477,analyze,exact,1.0
02478.mp4,02478,analyze,exact,1.0
02480.mp4,02480,analyze,exact,1.0
02483.mp4,02483,analyze,exact,1.0
02485.mp4,02485,anatomy,exact,1.0
02487.mp4,02487,anatomy,exact,1.0
02490.mp4,02490,anatomy,exact,1.0
02492.mp4,02492,anatomy,exact,1.0
02518.mp4,02518,and,exact,1.0
02519.mp4,02519,and,exact,1.0
02521.mp4,02521,and,exact,1.0
02525.mp4,02525,and,exact,1.0
02540.mp4,02540,angel,exact,1.0
02541.mp4,02541,angel,exact,1.0
02542.mp4,02542,angel,exact,1.0
02544.mp4,02544,angel,exact,1.0
02545.mp4,02545,angel,exact,1.0
02548.mp4,02548,angel,exact,1.0
02558.mp4,02558,angle,exact,1.0
02559.mp4,02559,angle,exact,1.0
02560.mp4,02560,angle,exact,1.0
02561.mp4,02561,angle,exact,1.0
02563.mp4,02563,angle,exact,1.0
02565.mp4,02565,angry,exact,1.0
02566.mp4,02566,angry,exact,1.0
02567.mp4,02567,angry,exact,1.0
02568.mp4,02568,angry,exact,1.0
02569.mp4,02569,angry,exact,1.0
02572.mp4,02572,angry,exact,1.0
02583.mp4,02583,animal,exact,1.0
02584.mp4,02584,animal,exact,1.0
02585.mp4,02585,animal,exact,1.0
02586.mp4,02586,animal,exact,1.0
02587.mp4,02587,animal,exact,1.0
02589.mp4,02589,animal,exact,1.0
02592.mp4,02592,animal,exact,1.0
02609.mp4,02609,anniversary,exact,1.0
02610.mp4,02610,anniversary,exact,1.0
02611.mp4,02611,anniversary,exact,1.0
02614.mp4,02614,anniversary,exact,1.0
02616.mp4,02616,anniversary,exact,1.0
02619.mp4,02619,announce,exact,1.0
02620.mp4,02620,announce,exact,1.0
02622.mp4,02622,announce,exact,1.0
02625.mp4,02625,announce,exact,1.0
02643.mp4,02643,annoy,exact,1.0
02644.mp4,02644,annoy,exact,1.0
02645.mp4,02645,annoy,exact,1.0
02653.mp4,02653,annoy,exact,1.0
02697.mp4,02697,another,exact,1.0
02698.mp4,02698,another,exact,1.0
02699.mp4,02699,another,exact,1.0
02701.mp4,02701,another,exact,1.0
02706.mp4,02706,another,exact,1.0
02710.mp4,02710,answer,exact,1.0
02711.mp4,02711,answer,exact,1.0
02712.mp4,02712,answer,exact,1.0
02713.mp4,02713,answer,exact,1.0
02715.mp4,02715,answer,exact,1.0
02718.mp4,02718,answer,exact,1.0
02826.mp4,02826,any,exact,1.0
02828.mp4,02828,any,exact,1.0
02833.mp4,02833,any,exact,1.0
02851.mp4,02851,anyway,exact,1.0
02852.mp4,02852,anyway,exact,1.0
02854.mp4,02854,anyway,exact,1.0
02856.mp4,02856,anyway,exact,1.0
02864.mp4,02864,apart,exact,1.0
02865.mp4,02865,apart,exact,1.0
02867.mp4,02867,apart,exact,1.0
02870.mp4,02870,apart,exact,1.0
02872.mp4,02872,apartment,exact,1.0
02873.mp4,02873,apartment,exact,1.0
02874.mp4,02874,apartment,exact,1.0
02875.mp4,02875,apartment,exact,1.0
02877.mp4,02877,apartment,exact,1.0
02880.mp4,02880,apartment,exact,1.0
02910.mp4,02910,apostrophe,exact,1.0
02911.mp4,02911,apostrophe,exact,1.0
02912.mp4,02912,apostrophe,exact,1.0
02913.mp4,02913,apostrophe,exact,1.0
02915.mp4,02915,apostrophe,exact,1.0
02951.mp4,02951,appear,exact,1.0
02952.mp4,02952,appear,exact,1.0
02953.mp4,02953,appear,exact,1.0
02954.mp4,02954,appear,exact,1.0
02956.mp4,02956,appear,exact,1.0
02961.mp4,02961,appear,exact,1.0
02969.mp4,02969,appetite,exact,1.0
02970.mp4,02970,appetite,exact,1.0
02971.mp4,02971,appetite,exact,1.0
02973.mp4,02973,appetite,exact,1.0
02975.mp4,02975,appetite,exact,1.0
02999.mp4,02999,apple,exact,1.0
03000.mp4,03000,apple,exact,1.0
03001.mp4,03001,apple,exact,1.0
03002.mp4,03002,apple,exact,1.0
03003.mp4,03003,apple,exact,1.0
03005.mp4,03005,apple,exact,1.0
03008.mp4,03008,apple,exact,1.0
03055.mp4,03055,appointment,exact,1.0
03056.mp4,03056,appointment,exact,1.0
03057.mp4,03057,appointment,exact,1.0
03058.mp4,03058,appointment,exact,1.0
03059.mp4,03059,appointment,exact,1.0
03060.mp4,03060,appointment,exact,1.0
03061.mp4,03061,appointment,exact,1.0
03062.mp4,03062,appointment,exact,1.0
03063.mp4,03063,appointment,exact,1.0
03068.mp4,03068,appreciate,exact,1.0
03069.mp4,03069,appreciate,exact,1.0
03070.mp4,03070,appreciate,exact,1.0
03073.mp4,03073,appreciate,exact,1.0
03074.mp4,03074,appreciate,exact,1.0
03090.mp4,03090,approach,exact,1.0
03092.mp4,03092,approach,exact,1.0
03093.mp4,03093,approach,exact,1.0
03096.mp4,03096,approach,exact,1.0
03101.mp4,03101,appropriate,exact,1.0
03102.mp4,03102,appropriate,exact,1.0
03103.mp4,03103,appropriate,exact,1.0
03105.mp4,03105,appropriate,exact,1.0
03108.mp4,03108,appropriate,exact,1.0
03118.mp4,03118,approve,exact,1.0
03119.mp4,03119,approve,exact,1.0
03120.mp4,03120,approve,exact,1.0
03121.mp4,03121,approve,exact,1.0
03122.mp4,03122,approve,exact,1.0
03124.mp4,03124,approve,exact,1.0
03125.mp4,03125,approve,exact,1.0
03131.mp4,03131,approve,exact,1.0
03154.mp4,03154,april,exact,1.0
03155.mp4,03155,april,exact,1.0
03156.mp4,03156,april,exact,1.0
03158.mp4,03158,april,exact,1.0
03161.mp4,03161,april,exact,1.0
03201.mp4,03201,archery,exact,1.0
03202.mp4,03202,archery,exact,1.0
03204.mp4,03204,archery,exact,1.0
03205.mp4,03205,archery,exact,1.0
03207.mp4,03207,archery,exact,1.0
03234.mp4,03234,area,exact,1.0
03235.mp4,03235,area,exact,1.0
03237.mp4,03237,area,exact,1.0
03238.mp4,03238,area,exact,1.0
03240.mp4,03240,area,exact,1.0
03246.mp4,03246,area,exact,1.0
03267.mp4,03267,argue,exact,1.0
03268.mp4,03268,argue,exact,1.0
03270.mp4,03270,argue,exact,1.0
03272.mp4,03272,argue,exact,1.0
03273.mp4,03273,argue,exact,1.0
03274.mp4,03274,argue,exact,1.0
03277.mp4,03277,argue,exact,1.0
03278.mp4,03278,argue,exact,1.0
03282.mp4,03282,argue,exact,1.0
03315.mp4,03315,arizona,exact,1.0
03316.mp4,03316,arizona,exact,1.0
03318.mp4,03318,arizona,exact,1.0
03337.mp4,03337,arm,exact,1.0
03338.mp4,03338,arm,exact,1.0
03339.mp4,03339,arm,exact,1.0
03342.mp4,03342,arm,exact,1.0
03344.mp4,03344,arm,exact,1.0
03361.mp4,03361,army,exact,1.0
03362.mp4,03362,army,exact,1.0
03364.mp4,03364,army,exact,1.0
03368.mp4,03368,army,exact,1.0
03376.mp4,03376,around,exact,1.0
03377.mp4,03377,around,exact,1.0
03378.mp4,03378,around,exact,1.0
03382.mp4,03382,around,exact,1.0
03389.mp4,03389,around,exact,1.0
03417.mp4,03417,arrest,exact,1.0
03418.mp4,03418,arrest,exact,1.0
03419.mp4,03419,arrest,exact,1.0
03420.mp4,03420,arrest,exact,1.0
03425.mp4,03425,arrest,exact,1.0
03430.mp4,03430,arrest,exact,1.0
03435.mp4,03435,arrive,exact,1.0
03436.mp4,03436,arrive,exact,1.0
03437.mp4,03437,arrive,exact,1.0
03438.mp4,03438,arrive,exact,1.0
03439.mp4,03439,arrive,exact,1.0
03441.mp4,03441,arrive,exact,1.0
03445.mp4,03445,arrive,exact,1.0
03448.mp4,03448,arrogant,exact,1.0
03449.mp4,03449,arrogant,exact,1.0
03450.mp4,03450,arrogant,exact,1.0
03451.mp4,03451,arrogant,exact,1.0
03454.mp4,03454,arrogant,exact,1.0
03457.mp4,03457,arrogant,exact,1.0
03478.mp4,03478,art,exact,1.0
03479.mp4,03479,art,exact,1.0
03480.mp4,03480,art,exact,1.0
03481.mp4,03481,art,exact,1.0
03484.mp4,03484,art,exact,1.0
03486.mp4,03486,art,exact,1.0
03490.mp4,03490,article,exact,1.0
03491.mp4,03491,article,exact,1.0
03493.mp4,03493,article,exact,1.0
03515.mp4,03515,artist,exact,1.0
03516.mp4,03516,artist,exact,1.0
03517.mp4,03517,artist,exact,1.0
03519.mp4,03519,artist,exact,1.0
03522.mp4,03522,artist,exact,1.0
03562.mp4,03562,asia,exact,1.0
03563.mp4,03563,asia,exact,1.0
03564.mp4,03564,asia,exact,1.0
03565.mp4,03565,asia,exact,1.0
03568.mp4,03568,asia,exact,1.0
03571.mp4,03571,asia,exact,1.0
03595.mp4,03595,ask,exact,1.0
03597.mp4,03597,ask,exact,1.0
03598.mp4,03598,ask,exact,1.0
03603.mp4,03603,ask,exact,1.0
03605.mp4,03605,ask,exact,1.0
03607.mp4,03607,ask,exact,1.0
03634.mp4,03634,asl,exact,1.0
03635.mp4,03635,asl,exact,1.0
03638.mp4,03638,asl,exact,1.0
03642.mp4,03642,asl,exact,1.0
03756.mp4,03756,assistant,exact,1.0
03757.mp4,03757,assistant,exact,1.0
03758.mp4,03758,assistant,exact,1.0
03761.mp4,03761,assistant,exact,1.0
03763.mp4,03763,assistant,exact,1.0
03765.mp4,03765,assist,exact,1.0
03766.mp4,03766,assist,exact,1.0
03768.mp4,03768,assist,exact,1.0
03769.mp4,03769,assist,exact,1.0
03771.mp4,03771,assist,exact,1.0
03799.mp4,03799,assume,exact,1.0
03800.mp4,03800,assume,exact,1.0
03802.mp4,03802,assume,exact,1.0
03805.mp4,03805,assume,exact,1.0
03999.mp4,03999,attend,exact,1.0
04000.mp4,04000,attend,exact,1.0
04002.mp4,04002,attend,exact,1.0
04003.mp4,04003,attend,exact,1.0
04007.mp4,04007,attend,exact,1.0
04011.mp4,04011,attention,exact,1.0
04012.mp4,04012,attention,exact,1.0
04013.mp4,04013,attention,exact,1.0
04015.mp4,04015,attention,exact,1.0
04017.mp4,04017,attention,exact,1.0
04040.mp4,04040,attitude,exact,1.0
04041.mp4,04041,attitude,exact,1.0
04042.mp4,04042,attitude,exact,1.0
04044.mp4,04044,attitude,exact,1.0
04045.mp4,04045,attitude,exact,1.0
04048.mp4,04048,attitude,exact,1.0
04050.mp4,04050,attorney,exact,1.0
04051.mp4,04051,attorney,exact,1.0
04053.mp4,04053,attorney,exact,1.0
04055.mp4,04055,attorney,exact,1.0
04062.mp4,04062,attract,exact,1.0
04063.mp4,04063,attract,exact,1.0
04064.mp4,04064,attract,exact,1.0
04072.mp4,04072,attract,exact,1.0
04073.mp4,04073,attract,exact,1.0
04076.mp4,04076,attract,exact,1.0
04099.mp4,04099,auction,exact,1.0
04101.mp4,04101,auction,exact,1.0
04102.mp4,04102,auction,exact,1.0
04104.mp4,04104,auction,exact,1.0
04106.mp4,04106,auction,exact,1.0
04115.mp4,04115,audience,exact,1.0
04116.mp4,04116,audience,exact,1.0
04118.mp4,04118,audience,exact,1.0
04119.mp4,04119,audience,exact,1.0
04120.mp4,04120,audience,exact,1.0
04123.mp4,04123,audience,exact,1.0
04129.mp4,04129,audiologist,exact,1.0
04130.mp4,04130,audiologist,exact,1.0
04132.mp4,04132,audiologist,exact,1.0
04134.mp4,04134,audiologist,exact,1.0
04136.mp4,04136,audiology,exact,1.0
04137.mp4,04137,audiology,exact,1.0
04139.mp4,04139,audiology,exact,1.0
04141.mp4,04141,audiology,exact,1.0
04155.mp4,04155,august,exact,1.0
04156.mp4,04156,august,exact,1.0
04157.mp4,04157,august,exact,1.0
04159.mp4,04159,august,exact,1.0
04163.mp4,04163,august,exact,1.0
04164.mp4,04164,august,exact,1.0
04168.mp4,04168,aunt,exact,1.0
04169.mp4,04169,aunt,exact,1.0
04170.mp4,04170,aunt,exact,1.0
04171.mp4,04171,aunt,exact,1.0
04173.mp4,04173,aunt,exact,1.0
04176.mp4,04176,aunt,exact,1.0
04184.mp4,04184,australia,exact,1.0
04186.mp4,04186,australia,exact,1.0
04187.mp4,04187,australia,exact,1.0
04188.mp4,04188,australia,exact,1.0
04189.mp4,04189,australia,exact,1.0
04190.mp4,04190,australia,exact,1.0
04193.mp4,04193,australia,exact,1.0
04198.mp4,04198,australia,exact,1.0
04200.mp4,04200,austria,exact,1.0
04201.mp4,04201,austria,exact,1.0
04202.mp4,04202,austria,exact,1.0
04203.mp4,04203,austria,exact,1.0
04218.mp4,04218,author,exact,1.0
04219.mp4,04219,author,exact,1.0
04221.mp4,04221,author,exact,1.0
04223.mp4,04223,author,exact,1.0
04226.mp4,04226,authority,exact,1.0
04227.mp4,04227,authority,exact,1.0
04228.mp4,04228,authority,exact,1.0
04230.mp4,04230,authority,exact,1.0
04232.mp4,04232,authority,exact,1.0
04289.mp4,04289,autumn,exact,1.0
04290.mp4,04290,autumn,exact,1.0
04291.mp4,04291,autumn,exact,1.0
04292.mp4,04292,autumn,exact,1.0
04294.mp4,04294,autumn,exact,1.0
04296.mp4,04296,autumn,exact,1.0
04301.mp4,04301,available,exact,1.0
04302.mp4,04302,available,exact,1.0
04304.mp4,04304,available,exact,1.0
04307.mp4,04307,available,exact,1.0
04324.mp4,04324,average,exact,1.0
04325.mp4,04325,average,exact,1.0
04326.mp4,04326,average,exact,1.0
04330.mp4,04330,average,exact,1.0
04332.mp4,04332,average,exact,1.0
04343.mp4,04343,avoid,exact,1.0
04344.mp4,04344,avoid,exact,1.0
04345.mp4,04345,avoid,exact,1.0
04347.mp4,04347,avoid,exact,1.0
04348.mp4,04348,avoid,exact,1.0
04352.mp4,04352,avoid,exact,1.0
04355.mp4,04355,awake,exact,1.0
04356.mp4,04356,awake,exact,1.0
04358.mp4,04358,awake,exact,1.0
04361.mp4,04361,awake,exact,1.0
04364.mp4,04364,award,exact,1.0
04369.mp4,04369,award,exact,1.0
04372.mp4,04372,award,exact,1.0
04375.mp4,04375,aware,exact,1.0
04376.mp4,04376,aware,exact,1.0
04378.mp4,04378,aware,exact,1.0
04380.mp4,04380,aware,exact,1.0
04388.mp4,04388,away,exact,1.0
04389.mp4,04389,away,exact,1.0
04393.mp4,04393,away,exact,1.0
04397.mp4,04397,away,exact,1.0
04424.mp4,04424,awful,exact,1.0
04425.mp4,04425,awful,exact,1.0
04426.mp4,04426,awful,exact,1.0
04427.mp4,04427,awful,exact,1.0
04429.mp4,04429,awful,exact,1.0
04430.mp4,04430,awful,exact,1.0
04434.mp4,04434,awful,exact,1.0
04437.mp4,04437,awkward,exact,1.0
04438.mp4,04438,awkward,exact,1.0
04439.mp4,04439,awkward,exact,1.0
04440.mp4,04440,awkward,exact,1.0
04441.mp4,04441,awkward,exact,1.0
04443.mp4,04443,awkward,exact,1.0
04446.mp4,04446,awkward,exact,1.0
04505.mp4,04505,baby,exact,1.0
04506.mp4,04506,baby,exact,1.0
04507.mp4,04507,baby,exact,1.0
04508.mp4,04508,baby,exact,1.0
04509.mp4,04509,baby,exact,1.0
04511.mp4,04511,baby,exact,1.0
04514.mp4,04514,baby,exact,1.0
04531.mp4,04531,babysitter,exact,1.0
04532.mp4,04532,babysitter,exact,1.0
04533.mp4,04533,babysitter,exact,1.0
04537.mp4,04537,babysitter,exact,1.0
04580.mp4,04580,background,exact,1.0
04581.mp4,04581,background,exact,1.0
04582.mp4,04582,background,exact,1.0
04590.mp4,04590,background,exact,1.0
04592.mp4,04592,back,exact,1.0
04593.mp4,04593,back,exact,1.0
04600.mp4,04600,back,exact,1.0
04601.mp4,04601,back,exact,1.0
04604.mp4,04604,back,exact,1.0
04616.mp4,04616,backpack,exact,1.0
04617.mp4,04617,backpack,exact,1.0
04618.mp4,04618,backpack,exact,1.0
04619.mp4,04619,backpack,exact,1.0
04620.mp4,04620,backpack,exact,1.0
04624.mp4,04624,backpack,exact,1.0
04631.mp4,04631,backpack,exact,1.0
04679.mp4,04679,bacon,exact,1.0
04680.mp4,04680,bacon,exact,1.0
04681.mp4,04681,bacon,exact,1.0
04682.mp4,04682,bacon,exact,1.0
04684.mp4,04684,bacon,exact,1.0
04687.mp4,04687,bacon,exact,1.0
04708.mp4,04708,bad,exact,1.0
04709.mp4,04709,bad,exact,1.0
04712.mp4,04712,bad,exact,1.0
04713.mp4,04713,bad,exact,1.0
04715.mp4,04715,bad,exact,1.0
04717.mp4,04717,bad,exact,1.0
04718.mp4,04718,bad,exact,1.0
04723.mp4,04723,bad,exact,1.0
04768.mp4,04768,bake,exact,1.0
04769.mp4,04769,bake,exact,1.0
04770.mp4,04770,bake,exact,1.0
04772.mp4,04772,bake,exact,1.0
04775.mp4,04775,bake,exact,1.0
04795.mp4,04795,balance,exact,1.0
04796.mp4,04796,balance,exact,1.0
04797.mp4,04797,balance,exact,1.0
04798.mp4,04798,balance,exact,1.0
04799.mp4,04799,balance,exact,1.0
04801.mp4,04801,balance,exact,1.0
04802.mp4,04802,balance,exact,1.0
04803.mp4,04803,balance,exact,1.0
04806.mp4,04806,balance,exact,1.0
04819.mp4,04819,bald,exact,1.0
04821.mp4,04821,bald,exact,1.0
04823.mp4,04823,bald,exact,1.0
04824.mp4,04824,bald,exact,1.0
04826.mp4,04826,bald,exact,1.0
04831.mp4,04831,bald,exact,1.0
04849.mp4,04849,ball,exact,1.0
04850.mp4,04850,ball,exact,1.0
04851.mp4,04851,ball,exact,1.0
04852.mp4,04852,ball,exact,1.0
04854.mp4,04854,ball,exact,1.0
04858.mp4,04858,ball,exact,1.0
04864.mp4,04864,ball,exact,1.0
04867.mp4,04867,balloon,exact,1.0
04868.mp4,04868,balloon,exact,1.0
04869.mp4,04869,balloon,exact,1.0
04870.mp4,04870,balloon,exact,1.0
04872.mp4,04872,balloon,exact,1.0
04873.mp4,04873,balloon,exact,1.0
04875.mp4,04875,balloon,exact,1.0
04896.mp4,04896,banana,exact,1.0
04897.mp4,04897,banana,exact,1.0
04898.mp4,04898,banana,exact,1.0
04899.mp4,04899,banana,exact,1.0
04900.mp4,04900,banana,exact,1.0
04903.mp4,04903,banana,exact,1.0
04906.mp4,04906,banana,exact,1.0
04971.mp4,04971,bank,exact,1.0
04972.mp4,04972,bank,exact,1.0
04974.mp4,04974,bank,exact,1.0
05017.mp4,05017,baptize,exact,1.0
05018.mp4,05018,baptize,exact,1.0
05019.mp4,05019,baptize,exact,1.0
05020.mp4,05020,baptize,exact,1.0
05025.mp4,05025,baptize,exact,1.0
05062.mp4,05062,barely,exact,1.0
05063.mp4,05063,barely,exact,1.0
05064.mp4,05064,barely,exact,1.0
05065.mp4,05065,barely,exact,1.0
05066.mp4,05066,barely,exact,1.0
05067.mp4,05067,barely,exact,1.0
05069.mp4,05069,barely,exact,1.0
05074.mp4,05074,barely,exact,1.0
05086.mp4,05086,bar,exact,1.0
05087.mp4,05087,bar,exact,1.0
05088.mp4,05088,bar,exact,1.0
05089.mp4,05089,bar,exact,1.0
05090.mp4,05090,bar,exact,1.0
05095.mp4,05095,bar,exact,1.0
05097.mp4,05097,bar,exact,1.0
05098.mp4,05098,bar,exact,1.0
05102.mp4,05102,bar,exact,1.0
05103.mp4,05103,bar,exact,1.0
05107.mp4,05107,bark,exact,1.0
05108.mp4,05108,bark,exact,1.0
05109.mp4,05109,bark,exact,1.0
05110.mp4,05110,bark,exact,1.0
05113.mp4,05113,bark,exact,1.0
05114.mp4,05114,bark,exact,1.0
05118.mp4,05118,bark,exact,1.0
05171.mp4,05171,baseball,exact,1.0
05172.mp4,05172,baseball,exact,1.0
05175.mp4,05175,baseball,exact,1.0
05178.mp4,05178,baseball,exact,1.0
05194.mp4,05194,basement,exact,1.0
05195.mp4,05195,basement,exact,1.0
05196.mp4,05196,basement,exact,1.0
05198.mp4,05198,basement,exact,1.0
05204.mp4,05204,basement,exact,1.0
05216.mp4,05216,basic,exact,1.0
05217.mp4,05217,basic,exact,1.0
05219.mp4,05219,basic,exact,1.0
05229.mp4,05229,basketball,exact,1.0
05230.mp4,05230,basketball,exact,1.0
05231.mp4,05231,basketball,exact,1.0
05232.mp4,05232,basketball,exact,1.0
05233.mp4,05233,basketball,exact,1.0
05234.mp4,05234,basketball,exact,1.0
05238.mp4,05238,basketball,exact,1.0
05239.mp4,05239,basketball,exact,1.0
05243.mp4,05243,basketball,exact,1.0
05275.mp4,05275,bath,exact,1.0
05276.mp4,05276,bath,exact,1.0
05277.mp4,05277,bath,exact,1.0
05278.mp4,05278,bath,exact,1.0
05280.mp4,05280,bath,exact,1.0
05285.mp4,05285,bath,exact,1.0
05297.mp4,05297,bathroom,exact,1.0
05298.mp4,05298,bathroom,exact,1.0
05299.mp4,05299,bathroom,exact,1.0
05300.mp4,05300,bathroom,exact,1.0
05303.mp4,05303,bathroom,exact,1.0
05310.mp4,05310,bathroom,exact,1.0
05358.mp4,05358,battery,exact,1.0
05362.mp4,05362,battery,exact,1.0
05368.mp4,05368,battle,exact,1.0
05369.mp4,05369,battle,exact,1.0
05372.mp4,05372,battle,exact,1.0
05374.mp4,05374,battle,exact,1.0
05467.mp4,05467,beard,exact,1.0
05468.mp4,05468,beard,exact,1.0
05470.mp4,05470,beard,exact,1.0
05471.mp4,05471,beard,exact,1.0
05472.mp4,05472,beard,exact,1.0
05473.mp4,05473,beard,exact,1.0
05476.mp4,05476,beard,exact,1.0
05479.mp4,05479,beard,exact,1.0
05484.mp4,05484,bear,exact,1.0
05486.mp4,05486,bear,exact,1.0
05487.mp4,05487,bear,exact,1.0
05489.mp4,05489,bear,exact,1.0
05498.mp4,05498,bear,exact,1.0
05556.mp4,05556,beautiful,exact,1.0
05557.mp4,05557,beautiful,exact,1.0
05558.mp4,05558,beautiful,exact,1.0
05559.mp4,05559,beautiful,exact,1.0
05560.mp4,05560,beautiful,exact,1.0
05562.mp4,05562,beautiful,exact,1.0
05565.mp4,05565,beautiful,exact,1.0
05596.mp4,05596,because,exact,1.0
05598.mp4,05598,because,exact,1.0
05599.mp4,05599,because,exact,1.0
05600.mp4,05600,because,exact,1.0
05601.mp4,05601,because,exact,1.0
05605.mp4,05605,because,exact,1.0
05606.mp4,05606,because,exact,1.0
05609.mp4,05609,because,exact,1.0
05616.mp4,05616,become,exact,1.0
05617.mp4,05617,become,exact,1.0
05619.mp4,05619,become,exact,1.0
05622.mp4,05622,become,exact,1.0
05629.mp4,05629,bed,exact,1.0
05630.mp4,05630,bed,exact,1.0
05631.mp4,05631,bed,exact,1.0
05632.mp4,05632,bed,exact,1.0
05633.mp4,05633,bed,exact,1.0
05634.mp4,05634,bed,exact,1.0
05636.mp4,05636,bed,exact,1.0
05637.mp4,05637,bed,exact,1.0
05638.mp4,05638,bed,exact,1.0
05644.mp4,05644,bed,exact,1.0
05652.mp4,05652,bedroom,exact,1.0
05653.mp4,05653,bedroom,exact,1.0
05654.mp4,05654,bedroom,exact,1.0
05656.mp4,05656,bedroom,exact,1.0
05661.mp4,05661,bedroom,exact,1.0
05680.mp4,05680,bee,exact,1.0
05681.mp4,05681,bee,exact,1.0
05682.mp4,05682,bee,exact,1.0
05685.mp4,05685,bee,exact,1.0
05688.mp4,05688,bee,exact,1.0
05705.mp4,05705,beer,exact,1.0
05706.mp4,05706,beer,exact,1.0
05707.mp4,05707,beer,exact,1.0
05708.mp4,05708,beer,exact,1.0
05709.mp4,05709,beer,exact,1.0
05712.mp4,05712,beer,exact,1.0
05715.mp4,05715,beer,exact,1.0
05727.mp4,05727,before,exact,1.0
05728.mp4,05728,before,exact,1.0
05729.mp4,05729,before,exact,1.0
05730.mp4,05730,before,exact,1.0
05731.mp4,05731,before,exact,1.0
05732.mp4,05732,before,exact,1.0
05733.mp4,05733,before,exact,1.0
05734.mp4,05734,before,exact,1.0
05739.mp4,05739,before,exact,1.0
05740.mp4,05740,before,exact,1.0
05741.mp4,05741,before,exact,1.0
05742.mp4,05742,before,exact,1.0
05743.mp4,05743,before,exact,1.0
05749.mp4,05749,before,exact,1.0
05750.mp4,05750,before,exact,1.0
05759.mp4,05759,beg,exact,1.0
05762.mp4,05762,beg,exact,1.0
05763.mp4,05763,beg,exact,1.0
05767.mp4,05767,beg,exact,1.0
05778.mp4,05778,beginning,exact,1.0
05779.mp4,05779,beginning,exact,1.0
05780.mp4,05780,beginning,exact,1.0
05781.mp4,05781,beginning,exact,1.0
05782.mp4,05782,beginning,exact,1.0
05783.mp4,05783,beginning,exact,1.0
05784.mp4,05784,beginning,exact,1.0
05792.mp4,05792,behavior,exact,1.0
05793.mp4,05793,behavior,exact,1.0
05794.mp4,05794,behavior,exact,1.0
05796.mp4,05796,behavior,exact,1.0
05798.mp4,05798,behavior,exact,1.0
05803.mp4,05803,behind,exact,1.0
05804.mp4,05804,behind,exact,1.0
05808.mp4,05808,behind,exact,1.0
05816.mp4,05816,behind,exact,1.0
05844.mp4,05844,belief,exact,1.0
05845.mp4,05845,belief,exact,1.0
05846.mp4,05846,belief,exact,1.0
05847.mp4,05847,belief,exact,1.0
05848.mp4,05848,belief,exact,1.0
05849.mp4,05849,belief,exact,1.0
05851.mp4,05851,belief,exact,1.0
05853.mp4,05853,believe,exact,1.0
05854.mp4,05854,believe,exact,1.0
05855.mp4,05855,believe,exact,1.0
05856.mp4,05856,believe,exact,1.0
05858.mp4,05858,believe,exact,1.0
05873.mp4,05873,bell,exact,1.0
05874.mp4,05874,bell,exact,1.0
05875.mp4,05875,bell,exact,1.0
05877.mp4,05877,bell,exact,1.0
05878.mp4,05878,bell,exact,1.0
05881.mp4,05881,bell,exact,1.0
05911.mp4,05911,below,exact,1.0
05912.mp4,05912,below,exact,1.0
05913.mp4,05913,below,exact,1.0
05915.mp4,05915,below,exact,1.0
05917.mp4,05917,below,exact,1.0
05920.mp4,05920,below,exact,1.0
05923.mp4,05923,belt,exact,1.0
05924.mp4,05924,belt,exact,1.0
05925.mp4,05925,belt,exact,1.0
05926.mp4,05926,belt,exact,1.0
05928.mp4,05928,belt,exact,1.0
05931.mp4,05931,belt,exact,1.0
05960.mp4,05960,benefit,exact,1.0
05961.mp4,05961,benefit,exact,1.0
05962.mp4,05962,benefit,exact,1.0
05964.mp4,05964,benefit,exact,1.0
05965.mp4,05965,benefit,exact,1.0
05967.mp4,05967,benefit,exact,1.0
05987.mp4,05987,berry,exact,1.0
05988.mp4,05988,berry,exact,1.0
05989.mp4,05989,berry,exact,1.0
05992.mp4,05992,berry,exact,1.0
05998.mp4,05998,beside,exact,1.0
05999.mp4,05999,beside,exact,1.0
06001.mp4,06001,beside,exact,1.0
06002.mp4,06002,beside,exact,1.0
06007.mp4,06007,beside,exact,1.0
06021.mp4,06021,best,exact,1.0
06022.mp4,06022,best,exact,1.0
06023.mp4,06023,best,exact,1.0
06025.mp4,06025,best,exact,1.0
06029.mp4,06029,best,exact,1.0
06045.mp4,06045,bet,exact,1.0
06046.mp4,06046,bet,exact,1.0
06047.mp4,06047,bet,exact,1.0
06049.mp4,06049,bet,exact,1.0
06052.mp4,06052,bet,exact,1.0
06066.mp4,06066,better,exact,1.0
06067.mp4,06067,better,exact,1.0
06069.mp4,06069,better,exact,1.0
06075.mp4,06075,better,exact,1.0
06081.mp4,06081,between,exact,1.0
06082.mp4,06082,between,exact,1.0
06083.mp4,06083,between,exact,1.0
06085.mp4,06085,between,exact,1.0
06087.mp4,06087,between,exact,1.0
06120.mp4,06120,b,exact,1.0
06122.mp4,06122,b,exact,1.0
06124.mp4,06124,b,exact,1.0
06137.mp4,06137,bible,exact,1.0
06138.mp4,06138,bible,exact,1.0
06140.mp4,06140,bible,exact,1.0
06146.mp4,06146,bible,exact,1.0
06159.mp4,06159,bicycle,exact,1.0
06160.mp4,06160,bicycle,exact,1.0
06161.mp4,06161,bicycle,exact,1.0
06163.mp4,06163,bicycle,exact,1.0
06165.mp4,06165,bicycle,exact,1.0
06192.mp4,06192,big,exact,1.0
06193.mp4,06193,big,exact,1.0
06194.mp4,06194,big,exact,1.0
06199.mp4,06199,big,exact,1.0
06200.mp4,06200,big,exact,1.0
06202.mp4,06202,big,exact,1.0
06214.mp4,06214,bike,exact,1.0
06215.mp4,06215,bike,exact,1.0
06216.mp4,06216,bike,exact,1.0
06218.mp4,06218,bike,exact,1.0
06299.mp4,06299,binoculars,exact,1.0
06300.mp4,06300,binoculars,exact,1.0
06302.mp4,06302,binoculars,exact,1.0
06313.mp4,06313,biology,exact,1.0
06314.mp4,06314,biology,exact,1.0
06315.mp4,06315,biology,exact,1.0
06317.mp4,06317,biology,exact,1.0
06319.mp4,06319,biology,exact,1.0
06330.mp4,06330,bird,exact,1.0
06331.mp4,06331,bird,exact,1.0
06332.mp4,06332,bird,exact,1.0
06333.mp4,06333,bird,exact,1.0
06334.mp4,06334,bird,exact,1.0
06335.mp4,06335,bird,exact,1.0
06337.mp4,06337,bird,exact,1.0
06343.mp4,06343,bird,exact,1.0
06359.mp4,06359,birthday,exact,1.0
06360.mp4,06360,birthday,exact,1.0
06363.mp4,06363,birthday,exact,1.0
06365.mp4,06365,birthday,exact,1.0
06371.mp4,06371,birthday,exact,1.0
06372.mp4,06372,birth,exact,1.0
06373.mp4,06373,birth,exact,1.0
06375.mp4,06375,birth,exact,1.0
06379.mp4,06379,birth,exact,1.0
06409.mp4,06409,bite,exact,1.0
06410.mp4,06410,bite,exact,1.0
06411.mp4,06411,bite,exact,1.0
06414.mp4,06414,bite,exact,1.0
06419.mp4,06419,bite,exact,1.0
06428.mp4,06428,bitter,exact,1.0
06429.mp4,06429,bitter,exact,1.0
06430.mp4,06430,bitter,exact,1.0
06431.mp4,06431,bitter,exact,1.0
06432.mp4,06432,bitter,exact,1.0
06435.mp4,06435,bitter,exact,1.0
06436.mp4,06436,bitter,exact,1.0
06439.mp4,06439,bitter,exact,1.0
06471.mp4,06471,black,exact,1.0
06472.mp4,06472,black,exact,1.0
06473.mp4,06473,black,exact,1.0
06474.mp4,06474,black,exact,1.0
06476.mp4,06476,black,exact,1.0
06477.mp4,06477,black,exact,1.0
06478.mp4,06478,black,exact,1.0
06486.mp4,06486,black,exact,1.0
06528.mp4,06528,blame,exact,1.0
06529.mp4,06529,blame,exact,1.0
06532.mp4,06532,blame,exact,1.0
06533.mp4,06533,blame,exact,1.0
06536.mp4,06536,blame,exact,1.0
06551.mp4,06551,blanket,exact,1.0
06552.mp4,06552,blanket,exact,1.0
06553.mp4,06553,blanket,exact,1.0
06554.mp4,06554,blanket,exact,1.0
06555.mp4,06555,blanket,exact,1.0
06558.mp4,06558,blanket,exact,1.0
06559.mp4,06559,blanket,exact,1.0
06563.mp4,06563,blanket,exact,1.0
06613.mp4,06613,blend,exact,1.0
06614.mp4,06614,blend,exact,1.0
06615.mp4,06615,blend,exact,1.0
06618.mp4,06618,blend,exact,1.0
06620.mp4,06620,blend,exact,1.0
06625.mp4,06625,bless,exact,1.0
06626.mp4,06626,bless,exact,1.0
06628.mp4,06628,bless,exact,1.0
06629.mp4,06629,bless,exact,1.0
06631.mp4,06631,bless,exact,1.0
06649.mp4,06649,blind,exact,1.0
06650.mp4,06650,blind,exact,1.0
06651.mp4,06651,blind,exact,1.0
06652.mp4,06652,blind,exact,1.0
06654.mp4,06654,blind,exact,1.0
06655.mp4,06655,blind,exact,1.0
06658.mp4,06658,blind,exact,1.0
06733.mp4,06733,blood,exact,1.0
06734.mp4,06734,blood,exact,1.0
06736.mp4,06736,blood,exact,1.0
06738.mp4,06738,blood,exact,1.0
06787.mp4,06787,blow,exact,1.0
06788.mp4,06788,blow,exact,1.0
06789.mp4,06789,blow,exact,1.0
06792.mp4,06792,blow,exact,1.0
06794.mp4,06794,blow,exact,1.0
06832.mp4,06832,blue,exact,1.0
06833.mp4,06833,blue,exact,1.0
06834.mp4,06834,blue,exact,1.0
06835.mp4,06835,blue,exact,1.0
06839.mp4,06839,blue,exact,1.0
06845.mp4,06845,blue,exact,1.0
06922.mp4,06922,boast,exact,1.0
06923.mp4,06923,boast,exact,1.0
06925.mp4,06925,boast,exact,1.0
06928.mp4,06928,boast,exact,1.0
06930.mp4,06930,boat,exact,1.0
06931.mp4,06931,boat,exact,1.0
06932.mp4,06932,boat,exact,1.0
06933.mp4,06933,boat,exact,1.0
06935.mp4,06935,boat,exact,1.0
06937.mp4,06937,boat,exact,1.0
06948.mp4,06948,body,exact,1.0
06949.mp4,06949,body,exact,1.0
06951.mp4,06951,body,exact,1.0
06954.mp4,06954,body,exact,1.0
06968.mp4,06968,boil,exact,1.0
06969.mp4,06969,boil,exact,1.0
06972.mp4,06972,boil,exact,1.0
06976.mp4,06976,boil,exact,1.0
07033.mp4,07033,bone,exact,1.0
07036.mp4,07036,bone,exact,1.0
07038.mp4,07038,bone,exact,1.0
07068.mp4,07068,book,exact,1.0
07069.mp4,07069,book,exact,1.0
07070.mp4,07070,book,exact,1.0
07074.mp4,07074,book,exact,1.0
07099.mp4,07099,book,exact,1.0
07113.mp4,07113,bookshelf,exact,1.0
07118.mp4,07118,bookshelf,exact,1.0
07121.mp4,07121,bookshelf,exact,1.0
07127.mp4,07127,bookstore,exact,1.0
07128.mp4,07128,bookstore,exact,1.0
07130.mp4,07130,bookstore,exact,1.0
07131.mp4,07131,bookstore,exact,1.0
07163.mp4,07163,boots,exact,1.0
07173.mp4,07173,boots,exact,1.0
07191.mp4,07191,bored,exact,1.0
07192.mp4,07192,bored,exact,1.0
07196.mp4,07196,bored,exact,1.0
07197.mp4,07197,bored,exact,1.0
07198.mp4,07198,bored,exact,1.0
07203.mp4,07203,bored,exact,1.0
07227.mp4,07227,borrow,exact,1.0
07228.mp4,07228,borrow,exact,1.0
07230.mp4,07230,borrow,exact,1.0
07231.mp4,07231,borrow,exact,1.0
07234.mp4,07234,borrow,exact,1.0
07237.mp4,07237,boss,exact,1.0
07238.mp4,07238,boss,exact,1.0
07239.mp4,07239,boss,exact,1.0
07243.mp4,07243,boss,exact,1.0
07245.mp4,07245,boss,exact,1.0
07247.mp4,07247,boss,exact,1.0
07260.mp4,07260,bother,exact,1.0
07261.mp4,07261,bother,exact,1.0
07262.mp4,07262,bother,exact,1.0
07264.mp4,07264,bother,exact,1.0
07265.mp4,07265,bother,exact,1.0
07266.mp4,07266,bother,exact,1.0
07269.mp4,07269,bother,exact,1.0
07271.mp4,07271,both,exact,1.0
07272.mp4,07272,both,exact,1.0
07274.mp4,07274,both,exact,1.0
07277.mp4,07277,both,exact,1.0
07286.mp4,07286,bottle,exact,1.0
07287.mp4,07287,bottle,exact,1.0
07288.mp4,07288,bottle,exact,1.0
07290.mp4,07290,bottle,exact,1.0
07292.mp4,07292,bottle,exact,1.0
07297.mp4,07297,bottom,exact,1.0
07298.mp4,07298,bottom,exact,1.0
07299.mp4,07299,bottom,exact,1.0
07300.mp4,07300,bottom,exact,1.0
07301.mp4,07301,bottom,exact,1.0
07303.mp4,07303,bottom,exact,1.0
07304.mp4,07304,bottom,exact,1.0
07309.mp4,07309,bottom,exact,1.0
07371.mp4,07371,bowl,exact,1.0
07372.mp4,07372,bowl,exact,1.0
07373.mp4,07373,bowl,exact,1.0
07375.mp4,07375,bowl,exact,1.0
07382.mp4,07382,bowl,exact,1.0
07388.mp4,07388,bowling,exact,1.0
07389.mp4,07389,bowling,exact,1.0
07390.mp4,07390,bowling,exact,1.0
07391.mp4,07391,bowling,exact,1.0
07392.mp4,07392,bowling,exact,1.0
07393.mp4,07393,bowling,exact,1.0
07394.mp4,07394,bowling,exact,1.0
07397.mp4,07397,bowling,exact,1.0
07398.mp4,07398,bowling,exact,1.0
07399.mp4,07399,bowling,exact,1.0
07400.mp4,07400,bowling,exact,1.0
07417.mp4,07417,box,exact,1.0
07418.mp4,07418,box,exact,1.0
07420.mp4,07420,box,exact,1.0
07421.mp4,07421,box,exact,1.0
07424.mp4,07424,box,exact,1.0
07430.mp4,07430,boxing,exact,1.0
07431.mp4,07431,boxing,exact,1.0
07433.mp4,07433,boxing,exact,1.0
07435.mp4,07435,boxing,exact,1.0
07440.mp4,07440,boyfriend,exact,1.0
07441.mp4,07441,boyfriend,exact,1.0
07443.mp4,07443,boyfriend,exact,1.0
07445.mp4,07445,boyfriend,exact,1.0
07451.mp4,07451,boyfriend,exact,1.0
07452.mp4,07452,boy,exact,1.0
07453.mp4,07453,boy,exact,1.0
07454.mp4,07454,boy,exact,1.0
07455.mp4,07455,boy,exact,1.0
07458.mp4,07458,boy,exact,1.0
07462.mp4,07462,boy,exact,1.0
07470.mp4,07470,bracelet,exact,1.0
07471.mp4,07471,bracelet,exact,1.0
07472.mp4,07472,bracelet,exact,1.0
07473.mp4,07473,bracelet,exact,1.0
07475.mp4,07475,bracelet,exact,1.0
07479.mp4,07479,bracelet,exact,1.0
07492.mp4,07492,brag,exact,1.0
07493.mp4,07493,brag,exact,1.0
07495.mp4,07495,brag,exact,1.0
07498.mp4,07498,brag,exact,1.0
07499.mp4,07499,bra,exact,1.0
07500.mp4,07500,bra,exact,1.0
07502.mp4,07502,bra,exact,1.0
07506.mp4,07506,braid,exact,1.0
07509.mp4,07509,braid,exact,1.0
07510.mp4,07510,braid,exact,1.0
07515.mp4,07515,braid,exact,1.0
07527.mp4,07527,brain,exact,1.0
07528.mp4,07528,brain,exact,1.0
07530.mp4,07530,brain,exact,1.0
07532.mp4,07532,brain,exact,1.0
07575.mp4,07575,brave,exact,1.0
07576.mp4,07576,brave,exact,1.0
07578.mp4,07578,brave,exact,1.0
07580.mp4,07580,brave,exact,1.0
07595.mp4,07595,bread,exact,1.0
07596.mp4,07596,bread,exact,1.0
07597.mp4,07597,bread,exact,1.0
07598.mp4,07598,bread,exact,1.0
07600.mp4,07600,bread,exact,1.0
07601.mp4,07601,bread,exact,1.0
07604.mp4,07604,bread,exact,1.0
07612.mp4,07612,breakdown,exact,1.0
07613.mp4,07613,breakdown,exact,1.0
07618.mp4,07618,breakdown,exact,1.0
07624.mp4,07624,breakfast,exact,1.0
07625.mp4,07625,breakfast,exact,1.0
07626.mp4,07626,breakfast,exact,1.0
07628.mp4,07628,breakfast,exact,1.0
07630.mp4,07630,breakfast,exact,1.0
07632.mp4,07632,break,exact,1.0
07634.mp4,07634,break,exact,1.0
07637.mp4,07637,break,exact,1.0
07642.mp4,07642,break,exact,1.0
07676.mp4,07676,breathe,exact,1.0
07677.mp4,07677,breathe,exact,1.0
07678.mp4,07678,breathe,exact,1.0
07680.mp4,07680,breathe,exact,1.0
07682.mp4,07682,breathe,exact,1.0
07699.mp4,07699,breeze,exact,1.0
07702.mp4,07702,breeze,exact,1.0
07703.mp4,07703,breeze,exact,1.0
07706.mp4,07706,breeze,exact,1.0
07716.mp4,07716,bribe,exact,1.0
07718.mp4,07718,bribe,exact,1.0
07721.mp4,07721,bribe,exact,1.0
07751.mp4,07751,bridge,exact,1.0
07753.mp4,07753,bridge,exact,1.0
07757.mp4,07757,bridge,exact,1.0
07765.mp4,07765,brief,exact,1.0
07766.mp4,07766,brief,exact,1.0
07767.mp4,07767,brief,exact,1.0
07769.mp4,07769,brief,exact,1.0
07772.mp4,07772,brief,exact,1.0
07779.mp4,07779,bright,exact,1.0
07780.mp4,07780,bright,exact,1.0
07781.mp4,07781,bright,exact,1.0
07782.mp4,07782,bright,exact,1.0
07787.mp4,07787,bright,exact,1.0
07791.mp4,07791,bright,exact,1.0
07806.mp4,07806,bring,exact,1.0
07807.mp4,07807,bring,exact,1.0
07808.mp4,07808,bring,exact,1.0
07810.mp4,07810,bring,exact,1.0
07811.mp4,07811,bring,exact,1.0
07815.mp4,07815,bring,exact,1.0
07861.mp4,07861,brochure,exact,1.0
07862.mp4,07862,brochure,exact,1.0
07864.mp4,07864,brochure,exact,1.0
07866.mp4,07866,brochure,exact,1.0
07872.mp4,07872,broke,exact,1.0
07873.mp4,07873,broke,exact,1.0
07875.mp4,07875,broke,exact,1.0
07879.mp4,07879,broke,exact,1.0
07886.mp4,07886,broke,exact,1.0
07932.mp4,07932,brother,exact,1.0
07933.mp4,07933,brother,exact,1.0
07934.mp4,07934,brother,exact,1.0
07935.mp4,07935,brother,exact,1.0
07936.mp4,07936,brother,exact,1.0
07937.mp4,07937,brother,exact,1.0
07938.mp4,07938,brother,exact,1.0
07940.mp4,07940,brother,exact,1.0
07943.mp4,07943,brother,exact,1.0
07960.mp4,07960,brown,exact,1.0
07961.mp4,07961,brown,exact,1.0
07962.mp4,07962,brown,exact,1.0
07963.mp4,07963,brown,exact,1.0
07966.mp4,07966,brown,exact,1.0
07973.mp4,07973,brown,exact,1.0
08000.mp4,08000,brush,exact,1.0
08001.mp4,08001,brush,exact,1.0
08005.mp4,08005,brush,exact,1.0
08006.mp4,08006,brush,exact,1.0
08012.mp4,08012,brush,exact,1.0
08087.mp4,08087,buffalo,exact,1.0
08088.mp4,08088,buffalo,exact,1.0
08089.mp4,08089,buffalo,exact,1.0
08093.mp4,08093,buffalo,exact,1.0
08095.mp4,08095,buffalo,exact,1.0
08107.mp4,08107,bug,exact,1.0
08111.mp4,08111,bug,exact,1.0
08114.mp4,08114,bug,exact,1.0
08119.mp4,08119,build,exact,1.0
08120.mp4,08120,build,exact,1.0
08121.mp4,08121,build,exact,1.0
08123.mp4,08123,build,exact,1.0
08127.mp4,08127,build,exact,1.0
08130.mp4,08130,building,exact,1.0
08131.mp4,08131,building,exact,1.0
08132.mp4,08132,building,exact,1.0
08134.mp4,08134,building,exact,1.0
08135.mp4,08135,building,exact,1.0
08166.mp4,08166,bull,exact,1.0
08167.mp4,08167,bull,exact,1.0
08168.mp4,08168,bull,exact,1.0
08170.mp4,08170,bull,exact,1.0
08174.mp4,08174,bull,exact,1.0
08179.mp4,08179,bully,exact,1.0
08180.mp4,08180,bully,exact,1.0
08182.mp4,08182,bully,exact,1.0
08183.mp4,08183,bully,exact,1.0
08185.mp4,08185,bully,exact,1.0
08187.mp4,08187,bully,exact,1.0
08302.mp4,08302,burp,exact,1.0
08303.mp4,08303,burp,exact,1.0
08305.mp4,08305,burp,exact,1.0
08308.mp4,08308,burp,exact,1.0
08338.mp4,08338,bush,exact,1.0
08339.mp4,08339,bush,exact,1.0
08340.mp4,08340,bush,exact,1.0
08341.mp4,08341,bush,exact,1.0
08343.mp4,08343,bush,exact,1.0
08345.mp4,08345,bush,exact,1.0
08346.mp4,08346,bus,exact,1.0
08347.mp4,08347,bus,exact,1.0
08349.mp4,08349,bus,exact,1.0
08352.mp4,08352,bus,exact,1.0
08355.mp4,08355,bus,exact,1.0
08368.mp4,08368,business,exact,1.0
08369.mp4,08369,business,exact,1.0
08370.mp4,08370,business,exact,1.0
08372.mp4,08372,business,exact,1.0
08373.mp4,08373,business,exact,1.0
08379.mp4,08379,business,exact,1.0
08411.mp4,08411,busy,exact,1.0
08412.mp4,08412,busy,exact,1.0
08417.mp4,08417,busy,exact,1.0
08420.mp4,08420,busy,exact,1.0
08424.mp4,08424,but,exact,1.0
08425.mp4,08425,but,exact,1.0
08426.mp4,08426,but,exact,1.0
08429.mp4,08429,but,exact,1.0
08431.mp4,08431,but,exact,1.0
08437.mp4,08437,but,exact,1.0
08442.mp4,08442,butterfly,exact,1.0
08443.mp4,08443,butterfly,exact,1.0
08445.mp4,08445,butterfly,exact,1.0
08447.mp4,08447,butterfly,exact,1.0
08448.mp4,08448,butter,exact,1.0
08449.mp4,08449,butter,exact,1.0
08450.mp4,08450,butter,exact,1.0
08452.mp4,08452,butter,exact,1.0
08455.mp4,08455,butter,exact,1.0
08468.mp4,08468,button,exact,1.0
08470.mp4,08470,button,exact,1.0
08472.mp4,08472,button,exact,1.0
08474.mp4,08474,button,exact,1.0
08482.mp4,08482,buy,exact,1.0
08483.mp4,08483,buy,exact,1.0
08484.mp4,08484,buy,exact,1.0
08485.mp4,08485,buy,exact,1.0
08486.mp4,08486,buy,exact,1.0
08488.mp4,08488,buy,exact,1.0
08492.mp4,08492,buy,exact,1.0
08510.mp4,08510,bye,exact,1.0
08512.mp4,08512,bye,exact,1.0
08514.mp4,08514,bye,exact,1.0
08515.mp4,08515,bye,exact,1.0
08517.mp4,08517,bye,exact,1.0
08533.mp4,08533,cabbage,exact,1.0
08535.mp4,08535,cabbage,exact,1.0
08536.mp4,08536,cabbage,exact,1.0
08538.mp4,08538,cabbage,exact,1.0
08543.mp4,08543,cabinet,exact,1.0
08544.mp4,08544,cabinet,exact,1.0
08545.mp4,08545,cabinet,exact,1.0
08546.mp4,08546,cabinet,exact,1.0
08547.mp4,08547,cabinet,exact,1.0
08587.mp4,08587,cafeteria,exact,1.0
08588.mp4,08588,cafeteria,exact,1.0
08589.mp4,08589,cafeteria,exact,1.0
08590.mp4,08590,cafeteria,exact,1.0
08592.mp4,08592,cafeteria,exact,1.0
08593.mp4,08593,cafeteria,exact,1.0
08595.mp4,08595,cafeteria,exact,1.0
08612.mp4,08612,cake,exact,1.0
08613.mp4,08613,cake,exact,1.0
08614.mp4,08614,cake,exact,1.0
08618.mp4,08618,cake,exact,1.0
08621.mp4,08621,cake,exact,1.0
08624.mp4,08624,calculate,exact,1.0
08625.mp4,08625,calculate,exact,1.0
08626.mp4,08626,calculate,exact,1.0
08627.mp4,08627,calculate,exact,1.0
08628.mp4,08628,calculate,exact,1.0
08631.mp4,08631,calculate,exact,1.0
08633.mp4,08633,calculate,exact,1.0
08635.mp4,08635,calculator,exact,1.0
08636.mp4,08636,calculator,exact,1.0
08637.mp4,08637,calculator,exact,1.0
08639.mp4,08639,calculator,exact,1.0
08641.mp4,08641,calculator,exact,1.0
08643.mp4,08643,calculus,exact,1.0
08644.mp4,08644,calculus,exact,1.0
08645.mp4,08645,calculus,exact,1.0
08647.mp4,08647,calculus,exact,1.0
08649.mp4,08649,calculus,exact,1.0
08670.mp4,08670,california,exact,1.0
08671.mp4,08671,california,exact,1.0
08672.mp4,08672,california,exact,1.0
08673.mp4,08673,california,exact,1.0
08674.mp4,08674,california,exact,1.0
08676.mp4,08676,california,exact,1.0
08677.mp4,08677,california,exact,1.0
08680.mp4,08680,california,exact,1.0
08689.mp4,08689,call,exact,1.0
08690.mp4,08690,call,exact,1.0
08691.mp4,08691,call,exact,1.0
08692.mp4,08692,call,exact,1.0
08694.mp4,08694,call,exact,1.0
08701.mp4,08701,call,exact,1.0
08702.mp4,08702,call,exact,1.0
08706.mp4,08706,call,exact,1.0
08707.mp4,08707,call,exact,1.0
08713.mp4,08713,call,exact,1.0
08745.mp4,08745,calm,exact,1.0
08746.mp4,08746,calm,exact,1.0
08747.mp4,08747,calm,exact,1.0
08748.mp4,08748,calm,exact,1.0
08749.mp4,08749,calm,exact,1.0
08752.mp4,08752,calm,exact,1.0
08755.mp4,08755,calm,exact,1.0
08772.mp4,08772,camel,exact,1.0
08773.mp4,08773,camel,exact,1.0
08774.mp4,08774,camel,exact,1.0
08780.mp4,08780,camel,exact,1.0
08783.mp4,08783,camera,exact,1.0
08784.mp4,08784,camera,exact,1.0
08786.mp4,08786,camera,exact,1.0
08791.mp4,08791,camera,exact,1.0
08817.mp4,08817,camp,exact,1.0
08818.mp4,08818,camp,exact,1.0
08819.mp4,08819,camp,exact,1.0
08820.mp4,08820,camp,exact,1.0
08823.mp4,08823,camp,exact,1.0
08824.mp4,08824,camping,exact,1.0
08825.mp4,08825,camping,exact,1.0
08827.mp4,08827,camping,exact,1.0
08830.mp4,08830,camping,exact,1.0
08841.mp4,08841,canada,exact,1.0
08842.mp4,08842,canada,exact,1.0
08843.mp4,08843,canada,exact,1.0
08844.mp4,08844,canada,exact,1.0
08846.mp4,08846,canada,exact,1.0
08849.mp4,08849,canada,exact,1.0
08859.mp4,08859,cancel,exact,1.0
08860.mp4,08860,cancel,exact,1.0
08861.mp4,08861,cancel,exact,1.0
08862.mp4,08862,cancel,exact,1.0
08863.mp4,08863,cancel,exact,1.0
08865.mp4,08865,cancel,exact,1.0
08866.mp4,08866,cancel,exact,1.0
08868.mp4,08868,cancel,exact,1.0
08889.mp4,08889,candidate,exact,1.0
08890.mp4,08890,candidate,exact,1.0
08891.mp4,08891,candidate,exact,1.0
08893.mp4,08893,candidate,exact,1.0
08894.mp4,08894,candidate,exact,1.0
08898.mp4,08898,candle,exact,1.0
08899.mp4,08899,candle,exact,1.0
08900.mp4,08900,candle,exact,1.0
08902.mp4,08902,candle,exact,1.0
08905.mp4,08905,candle,exact,1.0
08915.mp4,08915,candy,exact,1.0
08916.mp4,08916,candy,exact,1.0
08917.mp4,08917,candy,exact,1.0
08918.mp4,08918,candy,exact,1.0
08919.mp4,08919,candy,exact,1.0
08920.mp4,08920,candy,exact,1.0
08921.mp4,08921,candy,exact,1.0
08924.mp4,08924,candy,exact,1.0
08925.mp4,08925,candy,exact,1.0
08929.mp4,08929,candy,exact,1.0
08935.mp4,08935,can,exact,1.0
08936.mp4,08936,can,exact,1.0
08937.mp4,08937,can,exact,1.0
08938.mp4,08938,can,exact,1.0
08942.mp4,08942,can,exact,1.0
08944.mp4,08944,can,exact,1.0
08955.mp4,08955,can,exact,1.0
08967.mp4,08967,cannot,exact,1.0
08968.mp4,08968,cannot,exact,1.0
08970.mp4,08970,cannot,exact,1.0
08972.mp4,08972,cannot,exact,1.0
08974.mp4,08974,cannot,exact,1.0
08979.mp4,08979,canoe,exact,1.0
08980.mp4,08980,canoe,exact,1.0
08983.mp4,08983,canoe,exact,1.0
08985.mp4,08985,canoe,exact,1.0
09078.mp4,09078,captain,exact,1.0
09081.mp4,09081,captain,exact,1.0
09085.mp4,09085,captain,exact,1.0
09087.mp4,09087,caption,exact,1.0
09088.mp4,09088,caption,exact,1.0
09091.mp4,09091,caption,exact,1.0
09092.mp4,09092,caption,exact,1.0
09093.mp4,09093,caption,exact,1.0
09095.mp4,09095,caption,exact,1.0
09126.mp4,09126,card,exact,1.0
09127.mp4,09127,card,exact,1.0
09128.mp4,09128,card,exact,1.0
09130.mp4,09130,card,exact,1.0
09131.mp4,09131,card,exact,1.0
09137.mp4,09137,card,exact,1.0
09138.mp4,09138,card,exact,1.0
09151.mp4,09151,cards,exact,1.0
09153.mp4,09153,cards,exact,1.0
09155.mp4,09155,cards,exact,1.0
09179.mp4,09179,careful,exact,1.0
09180.mp4,09180,careful,exact,1.0
09181.mp4,09181,careful,exact,1.0
09182.mp4,09182,careful,exact,1.0
09185.mp4,09185,careful,exact,1.0
09186.mp4,09186,careful,exact,1.0
09188.mp4,09188,careful,exact,1.0
09197.mp4,09197,care,exact,1.0
09198.mp4,09198,care,exact,1.0
09199.mp4,09199,care,exact,1.0
09200.mp4,09200,care,exact,1.0
09209.mp4,09209,care,exact,1.0
09210.mp4,09210,care,exact,1.0
09214.mp4,09214,care,exact,1.0
09216.mp4,09216,careless,exact,1.0
09220.mp4,09220,careless,exact,1.0
09234.mp4,09234,car,exact,1.0
09235.mp4,09235,car,exact,1.0
09237.mp4,09237,car,exact,1.0
09238.mp4,09238,car,exact,1.0
09244.mp4,09244,car,exact,1.0
09249.mp4,09249,car,exact,1.0
09259.mp4,09259,carnival,exact,1.0
09260.mp4,09260,carnival,exact,1.0
09261.mp4,09261,carnival,exact,1.0
09262.mp4,09262,carnival,exact,1.0
09264.mp4,09264,carnival,exact,1.0
09305.mp4,09305,carrot,exact,1.0
09306.mp4,09306,carrot,exact,1.0
09307.mp4,09307,carrot,exact,1.0
09308.mp4,09308,carrot,exact,1.0
09309.mp4,09309,carrot,exact,1.0
09310.mp4,09310,carrot,exact,1.0
09311.mp4,09311,carrot,exact,1.0
09319.mp4,09319,carry,exact,1.0
09320.mp4,09320,carry,exact,1.0
09321.mp4,09321,carry,exact,1.0
09326.mp4,09326,carry,exact,1.0
09328.mp4,09328,carry,exact,1.0
09457.mp4,09457,catch,exact,1.0
09458.mp4,09458,catch,exact,1.0
09459.mp4,09459,catch,exact,1.0
09461.mp4,09461,catch,exact,1.0
09467.mp4,09467,catch,exact,1.0
09468.mp4,09468,catch,exact,1.0
09473.mp4,09473,catch,exact,1.0
09488.mp4,09488,category,exact,1.0
09489.mp4,09489,category,exact,1.0
09490.mp4,09490,category,exact,1.0
09493.mp4,09493,category,exact,1.0
09495.mp4,09495,category,exact,1.0
09501.mp4,09501,caterpillar,exact,1.0
09502.mp4,09502,caterpillar,exact,1.0
09503.mp4,09503,caterpillar,exact,1.0
09507.mp4,09507,caterpillar,exact,1.0
09518.mp4,09518,catholic,exact,1.0
09519.mp4,09519,catholic,exact,1.0
09521.mp4,09521,catholic,exact,1.0
09523.mp4,09523,catholic,exact,1.0
09525.mp4,09525,cat,exact,1.0
09526.mp4,09526,cat,exact,1.0
09528.mp4,09528,cat,exact,1.0
09532.mp4,09532,cat,exact,1.0
09533.mp4,09533,cat,exact,1.0
09538.mp4,09538,cat,exact,1.0
09572.mp4,09572,cause,exact,1.0
09573.mp4,09573,cause,exact,1.0
09574.mp4,09574,cause,exact,1.0
09576.mp4,09576,cause,exact,1.0
09580.mp4,09580,cause,exact,1.0
09625.mp4,09625,ceiling,exact,1.0
09626.mp4,09626,ceiling,exact,1.0
09627.mp4,09627,ceiling,exact,1.0
09628.mp4,09628,ceiling,exact,1.0
09631.mp4,09631,ceiling,exact,1.0
09633.mp4,09633,celebrate,exact,1.0
09634.mp4,09634,celebrate,exact,1.0
09636.mp4,09636,celebrate,exact,1.0
09637.mp4,09637,celebrate,exact,1.0
09640.mp4,09640,celebrate,exact,1.0
09712.mp4,09712,cemetery,exact,1.0
09713.mp4,09713,cemetery,exact,1.0
09715.mp4,09715,cemetery,exact,1.0
09716.mp4,09716,cemetery,exact,1.0
09717.mp4,09717,cemetery,exact,1.0
09721.mp4,09721,center,exact,1.0
09722.mp4,09722,center,exact,1.0
09723.mp4,09723,center,exact,1.0
09725.mp4,09725,center,exact,1.0
09726.mp4,09726,center,exact,1.0
09732.mp4,09732,center,exact,1.0
09735.mp4,09735,cent,exact,1.0
09736.mp4,09736,cent,exact,1.0
09737.mp4,09737,cent,exact,1.0
09740.mp4,09740,cent,exact,1.0
09742.mp4,09742,cent,exact,1.0
09774.mp4,09774,cereal,exact,1.0
09775.mp4,09775,cereal,exact,1.0
09776.mp4,09776,cereal,exact,1.0
09777.mp4,09777,cereal,exact,1.0
09781.mp4,09781,cereal,exact,1.0
09786.mp4,09786,cereal,exact,1.0
09806.mp4,09806,certificate,exact,1.0
09807.mp4,09807,certificate,exact,1.0
09808.mp4,09808,certificate,exact,1.0
09810.mp4,09810,certificate,exact,1.0
09812.mp4,09812,certificate,exact,1.0
09835.mp4,09835,chain,exact,1.0
09836.mp4,09836,chain,exact,1.0
09837.mp4,09837,chain,exact,1.0
09838.mp4,09838,chain,exact,1.0
09840.mp4,09840,chain,exact,1.0
09842.mp4,09842,chain,exact,1.0
09848.mp4,09848,chair,exact,1.0
09849.mp4,09849,chair,exact,1.0
09850.mp4,09850,chair,exact,1.0
09851.mp4,09851,chair,exact,1.0
09854.mp4,09854,chair,exact,1.0
09869.mp4,09869,chair,exact,1.0
09892.mp4,09892,challenge,exact,1.0
09893.mp4,09893,challenge,exact,1.0
09894.mp4,09894,challenge,exact,1.0
09896.mp4,09896,challenge,exact,1.0
09900.mp4,09900,challenge,exact,1.0
09915.mp4,09915,champion,exact,1.0
09916.mp4,09916,champion,exact,1.0
09917.mp4,09917,champion,exact,1.0
09918.mp4,09918,champion,exact,1.0
09919.mp4,09919,champion,exact,1.0
09920.mp4,09920,champion,exact,1.0
09921.mp4,09921,champion,exact,1.0
09922.mp4,09922,champion,exact,1.0
09924.mp4,09924,champion,exact,1.0
09926.mp4,09926,champion,exact,1.0
09934.mp4,09934,chance,exact,1.0
09935.mp4,09935,chance,exact,1.0
09936.mp4,09936,chance,exact,1.0
09943.mp4,09943,chance,exact,1.0
09949.mp4,09949,change,exact,1.0
09950.mp4,09950,change,exact,1.0
09953.mp4,09953,change,exact,1.0
09954.mp4,09954,change,exact,1.0
09955.mp4,09955,change,exact,1.0
09956.mp4,09956,change,exact,1.0
09957.mp4,09957,change,exact,1.0
09960.mp4,09960,change,exact,1.0
09963.mp4,09963,change,exact,1.0
09966.mp4,09966,change,exact,1.0
09967.mp4,09967,change,exact,1.0
09970.mp4,09970,change,exact,1.0
10005.mp4,10005,chapter,exact,1.0
10007.mp4,10007,chapter,exact,1.0
10008.mp4,10008,chapter,exact,1.0
10013.mp4,10013,chapter,exact,1.0
10015.mp4,10015,character,exact,1.0
10016.mp4,10016,character,exact,1.0
10017.mp4,10017,character,exact,1.0
10019.mp4,10019,character,exact,1.0
10021.mp4,10021,character,exact,1.0
10023.mp4,10023,character,exact,1.0
10089.mp4,10089,chase,exact,1.0
10090.mp4,10090,chase,exact,1.0
10091.mp4,10091,chase,exact,1.0
10093.mp4,10093,chase,exact,1.0
10096.mp4,10096,chase,exact,1.0
10102.mp4,10102,chat,exact,1.0
10104.mp4,10104,chat,exact,1.0
10105.mp4,10105,chat,exact,1.0
10106.mp4,10106,chat,exact,1.0
10107.mp4,10107,chat,exact,1.0
10109.mp4,10109,chat,exact,1.0
10111.mp4,10111,chat,exact,1.0
10112.mp4,10112,chat,exact,1.0
10135.mp4,10135,cheap,exact,1.0
10136.mp4,10136,cheap,exact,1.0
10137.mp4,10137,cheap,exact,1.0
10138.mp4,10138,cheap,exact,1.0
10141.mp4,10141,cheap,exact,1.0
10144.mp4,10144,cheap,exact,1.0
10147.mp4,10147,cheat,exact,1.0
10148.mp4,10148,cheat,exact,1.0
10149.mp4,10149,cheat,exact,1.0
10151.mp4,10151,cheat,exact,1.0
10157.mp4,10157,cheat,exact,1.0
10158.mp4,10158,cheat,exact,1.0
10159.mp4,10159,cheat,exact,1.0
10166.mp4,10166,cheat,exact,1.0
10183.mp4,10183,check,exact,1.0
10184.mp4,10184,check,exact,1.0
10185.mp4,10185,check,exact,1.0
10186.mp4,10186,check,exact,1.0
10187.mp4,10187,check,exact,1.0
10188.mp4,10188,check,exact,1.0
10190.mp4,10190,check,exact,1.0
10192.mp4,10192,check,exact,1.0
10197.mp4,10197,check,exact,1.0
10199.mp4,10199,check,exact,1.0
10250.mp4,10250,cheerleader,exact,1.0
10251.mp4,10251,cheerleader,exact,1.0
10252.mp4,10252,cheerleader,exact,1.0
10266.mp4,10266,cheese,exact,1.0
10267.mp4,10267,cheese,exact,1.0
10268.mp4,10268,cheese,exact,1.0
10269.mp4,10269,cheese,exact,1.0
10271.mp4,10271,cheese,exact,1.0
10275.mp4,10275,cheese,exact,1.0
10296.mp4,10296,chemical,exact,1.0
10297.mp4,10297,chemical,exact,1.0
10298.mp4,10298,chemical,exact,1.0
10300.mp4,10300,chemical,exact,1.0
10301.mp4,10301,chemical,exact,1.0
10308.mp4,10308,chemistry,exact,1.0
10309.mp4,10309,chemistry,exact,1.0
10310.mp4,10310,chemistry,exact,1.0
10311.mp4,10311,chemistry,exact,1.0
10313.mp4,10313,chemistry,exact,1.0
10315.mp4,10315,chemistry,exact,1.0
10337.mp4,10337,cherry,exact,1.0
10339.mp4,10339,cherry,exact,1.0
10340.mp4,10340,cherry,exact,1.0
10343.mp4,10343,cherry,exact,1.0
10389.mp4,10389,chicago,exact,1.0
10391.mp4,10391,chicago,exact,1.0
10393.mp4,10393,chicago,exact,1.0
10397.mp4,10397,chicken,exact,1.0
10400.mp4,10400,chicken,exact,1.0
10405.mp4,10405,chicken,exact,1.0
10412.mp4,10412,chicken,exact,1.0
10443.mp4,10443,child,exact,1.0
10444.mp4,10444,child,exact,1.0
10445.mp4,10445,child,exact,1.0
10446.mp4,10446,child,exact,1.0
10447.mp4,10447,child,exact,1.0
10449.mp4,10449,child,exact,1.0
10450.mp4,10450,child,exact,1.0
10453.mp4,10453,child,exact,1.0
10461.mp4,10461,children,exact,1.0
10462.mp4,10462,children,exact,1.0
10464.mp4,10464,children,exact,1.0
10466.mp4,10466,children,exact,1.0
10467.mp4,10467,children,exact,1.0
10474.mp4,10474,children,exact,1.0
10516.mp4,10516,china,exact,1.0
10517.mp4,10517,china,exact,1.0
10520.mp4,10520,china,exact,1.0
10526.mp4,10526,china,exact,1.0
10579.mp4,10579,chocolate,exact,1.0
10580.mp4,10580,chocolate,exact,1.0
10581.mp4,10581,chocolate,exact,1.0
10583.mp4,10583,chocolate,exact,1.0
10587.mp4,10587,chocolate,exact,1.0
10589.mp4,10589,choice,exact,1.0
10590.mp4,10590,choice,exact,1.0
10591.mp4,10591,choice,exact,1.0
10592.mp4,10592,choice,exact,1.0
10594.mp4,10594,choice,exact,1.0
10595.mp4,10595,choice,exact,1.0
10596.mp4,10596,choice,exact,1.0
10598.mp4,10598,choice,exact,1.0
10599.mp4,10599,choir,exact,1.0
10600.mp4,10600,choir,exact,1.0
10601.mp4,10601,choir,exact,1.0
10602.mp4,10602,choir,exact,1.0
10605.mp4,10605,choir,exact,1.0
10607.mp4,10607,choir,exact,1.0
10609.mp4,10609,choke,exact,1.0
10611.mp4,10611,choke,exact,1.0
10612.mp4,10612,choke,exact,1.0
10614.mp4,10614,choke,exact,1.0
10625.mp4,10625,choose,exact,1.0
10631.mp4,10631,choose,exact,1.0
10632.mp4,10632,choose,exact,1.0
10634.mp4,10634,choose,exact,1.0
10635.mp4,10635,choose,exact,1.0
10636.mp4,10636,choose,exact,1.0
10637.mp4,10637,choose,exact,1.0
10641.mp4,10641,choose,exact,1.0
10645.mp4,10645,chop,exact,1.0
10646.mp4,10646,chop,exact,1.0
10647.mp4,10647,chop,exact,1.0
10648.mp4,10648,chop,exact,1.0
10652.mp4,10652,chop,exact,1.0
10656.mp4,10656,chop,exact,1.0
10679.mp4,10679,christ,exact,1.0
10680.mp4,10680,christ,exact,1.0
10682.mp4,10682,christ,exact,1.0
10684.mp4,10684,christ,exact,1.0
10686.mp4,10686,christian,exact,1.0
10687.mp4,10687,christian,exact,1.0
10688.mp4,10688,christian,exact,1.0
10689.mp4,10689,christian,exact,1.0
10692.mp4,10692,christian,exact,1.0
10693.mp4,10693,christian,exact,1.0
10703.mp4,10703,christmas,exact,1.0
10704.mp4,10704,christmas,exact,1.0
10705.mp4,10705,christmas,exact,1.0
10708.mp4,10708,christmas,exact,1.0
10709.mp4,10709,christmas,exact,1.0
10711.mp4,10711,christmas,exact,1.0
10715.mp4,10715,christmas,exact,1.0
10769.mp4,10769,church,exact,1.0
10770.mp4,10770,church,exact,1.0
10771.mp4,10771,church,exact,1.0
10772.mp4,10772,church,exact,1.0
10774.mp4,10774,church,exact,1.0
10777.mp4,10777,church,exact,1.0
10786.mp4,10786,cigarette,exact,1.0
10787.mp4,10787,cigarette,exact,1.0
10789.mp4,10789,cigarette,exact,1.0
10792.mp4,10792,cigarette,exact,1.0
10813.mp4,10813,circle,exact,1.0
10814.mp4,10814,circle,exact,1.0
10817.mp4,10817,circle,exact,1.0
10820.mp4,10820,circle,exact,1.0
10892.mp4,10892,city,exact,1.0
10893.mp4,10893,city,exact,1.0
10894.mp4,10894,city,exact,1.0
10895.mp4,10895,city,exact,1.0
10898.mp4,10898,city,exact,1.0
10904.mp4,10904,city,exact,1.0
10967.mp4,10967,class,exact,1.0
10968.mp4,10968,class,exact,1.0
10969.mp4,10969,class,exact,1.0
10970.mp4,10970,class,exact,1.0
10972.mp4,10972,class,exact,1.0
10973.mp4,10973,class,exact,1.0
10976.mp4,10976,class,exact,1.0
11007.mp4,11007,classroom,exact,1.0
11008.mp4,11008,classroom,exact,1.0
11009.mp4,11009,classroom,exact,1.0
11011.mp4,11011,classroom,exact,1.0
11015.mp4,11015,classroom,exact,1.0
11034.mp4,11034,clean,exact,1.0
11035.mp4,11035,clean,exact,1.0
11036.mp4,11036,clean,exact,1.0
11037.mp4,11037,clean,exact,1.0
11040.mp4,11040,clean,exact,1.0
11042.mp4,11042,clean,exact,1.0
11061.mp4,11061,clear,exact,1.0
11062.mp4,11062,clear,exact,1.0
11064.mp4,11064,clear,exact,1.0
11067.mp4,11067,clear,exact,1.0
11088.mp4,11088,clever,exact,1.0
11089.mp4,11089,clever,exact,1.0
11091.mp4,11091,clever,exact,1.0
11093.mp4,11093,clever,exact,1.0
11094.mp4,11094,clever,exact,1.0
11096.mp4,11096,clever,exact,1.0
11103.mp4,11103,click,exact,1.0
11104.mp4,11104,click,exact,1.0
11105.mp4,11105,click,exact,1.0
11113.mp4,11113,click,exact,1.0
11143.mp4,11143,climb,exact,1.0
11144.mp4,11144,climb,exact,1.0
11145.mp4,11145,climb,exact,1.0
11148.mp4,11148,climb,exact,1.0
11155.mp4,11155,climb,exact,1.0
11198.mp4,11198,clock,exact,1.0
11199.mp4,11199,clock,exact,1.0
11200.mp4,11200,clock,exact,1.0
11203.mp4,11203,clock,exact,1.0
11214.mp4,11214,clock,exact,1.0
11252.mp4,11252,close,exact,1.0
11253.mp4,11253,close,exact,1.0
11254.mp4,11254,close,exact,1.0
11260.mp4,11260,close,exact,1.0
11261.mp4,11261,close,exact,1.0
11262.mp4,11262,close,exact,1.0
11267.mp4,11267,close,exact,1.0
11268.mp4,11268,close,exact,1.0
11284.mp4,11284,closet,exact,1.0
11285.mp4,11285,closet,exact,1.0
11286.mp4,11286,closet,exact,1.0
11287.mp4,11287,closet,exact,1.0
11293.mp4,11293,closet,exact,1.0
11309.mp4,11309,clothes,exact,1.0
11310.mp4,11310,clothes,exact,1.0
11311.mp4,11311,clothes,exact,1.0
11313.mp4,11313,clothes,exact,1.0
11330.mp4,11330,clothes,exact,1.0
11357.mp4,11357,cloud,exact,1.0
11358.mp4,11358,cloud,exact,1.0
11359.mp4,11359,cloud,exact,1.0
11360.mp4,11360,cloud,exact,1.0
11361.mp4,11361,cloud,exact,1.0
11362.mp4,11362,cloud,exact,1.0
11364.mp4,11364,cloud,exact,1.0
11365.mp4,11365,cloud,exact,1.0
11379.mp4,11379,clown,exact,1.0
11380.mp4,11380,clown,exact,1.0
11382.mp4,11382,clown,exact,1.0
11384.mp4,11384,clown,exact,1.0
11408.mp4,11408,clueless,exact,1.0
11409.mp4,11409,clueless,exact,1.0
11413.mp4,11413,clueless,exact,1.0
11414.mp4,11414,clueless,exact,1.0
11416.mp4,11416,clueless,exact,1.0
11418.mp4,11418,clumsy,exact,1.0
11419.mp4,11419,clumsy,exact,1.0
11420.mp4,11420,clumsy,exact,1.0
11422.mp4,11422,clumsy,exact,1.0
11424.mp4,11424,clumsy,exact,1.0
11436.mp4,11436,coach,exact,1.0
11437.mp4,11437,coach,exact,1.0
11438.mp4,11438,coach,exact,1.0
11439.mp4,11439,coach,exact,1.0
11441.mp4,11441,coach,exact,1.0
11444.mp4,11444,coach,exact,1.0
11470.mp4,11470,coat,exact,1.0
11471.mp4,11471,coat,exact,1.0
11473.mp4,11473,coat,exact,1.0
11476.mp4,11476,coat,exact,1.0
11498.mp4,11498,cochlear implant,exact,1.0
11499.mp4,11499,cochlear implant,exact,1.0
11500.mp4,11500,cochlear implant,exact,1.0
11501.mp4,11501,cochlear implant,exact,1.0
11503.mp4,11503,cochlear implant,exact,1.0
11504.mp4,11504,cochlear implant,exact,1.0
11527.mp4,11527,coconut,exact,1.0
11528.mp4,11528,coconut,exact,1.0
11529.mp4,11529,coconut,exact,1.0
11534.mp4,11534,coconut,exact,1.0
11558.mp4,11558,coffee,exact,1.0
11559.mp4,11559,coffee,exact,1.0
11560.mp4,11560,coffee,exact,1.0
11561.mp4,11561,coffee,exact,1.0
11563.mp4,11563,coffee,exact,1.0
11566.mp4,11566,coffee,exact,1.0
11621.mp4,11621,cold,exact,1.0
11622.mp4,11622,cold,exact,1.0
11623.mp4,11623,cold,exact,1.0
11624.mp4,11624,cold,exact,1.0
11625.mp4,11625,cold,exact,1.0
11627.mp4,11627,cold,exact,1.0
11628.mp4,11628,cold,exact,1.0
11633.mp4,11633,cold,exact,1.0
11634.mp4,11634,cold,exact,1.0
11635.mp4,11635,cold,exact,1.0
11638.mp4,11638,cold,exact,1.0
11686.mp4,11686,collect,exact,1.0
11687.mp4,11687,collect,exact,1.0
11689.mp4,11689,collect,exact,1.0
11693.mp4,11693,collect,exact,1.0
11708.mp4,11708,college,exact,1.0
11709.mp4,11709,college,exact,1.0
11710.mp4,11710,college,exact,1.0
11711.mp4,11711,college,exact,1.0
11713.mp4,11713,college,exact,1.0
11718.mp4,11718,college,exact,1.0
11767.mp4,11767,color,exact,1.0
11768.mp4,11768,color,exact,1.0
11769.mp4,11769,color,exact,1.0
11770.mp4,11770,color,exact,1.0
11772.mp4,11772,color,exact,1.0
11773.mp4,11773,color,exact,1.0
11780.mp4,11780,color,exact,1.0
11819.mp4,11819,comb,exact,1.0
11820.mp4,11820,comb,exact,1.0
11821.mp4,11821,comb,exact,1.0
11823.mp4,11823,comb,exact,1.0
11824.mp4,11824,comb,exact,1.0
11828.mp4,11828,comb,exact,1.0
11862.mp4,11862,come here,exact,1.0
11863.mp4,11863,come here,exact,1.0
11864.mp4,11864,come here,exact,1.0
11865.mp4,11865,come here,exact,1.0
11866.mp4,11866,come here,exact,1.0
11867.mp4,11867,come here,exact,1.0
11872.mp4,11872,come here,exact,1.0
11876.mp4,11876,come,exact,1.0
11877.mp4,11877,come,exact,1.0
11878.mp4,11878,come,exact,1.0
11882.mp4,11882,come,exact,1.0
11884.mp4,11884,come,exact,1.0
11903.mp4,11903,comfortable,exact,1.0
11904.mp4,11904,comfortable,exact,1.0
11905.mp4,11905,comfortable,exact,1.0
11906.mp4,11906,comfortable,exact,1.0
11908.mp4,11908,comfortable,exact,1.0
11911.mp4,11911,comfortable,exact,1.0
11930.mp4,11930,comma,exact,1.0
11931.mp4,11931,comma,exact,1.0
11933.mp4,11933,comma,exact,1.0
11935.mp4,11935,comma,exact,1.0
11942.mp4,11942,command,exact,1.0
11943.mp4,11943,command,exact,1.0
11944.mp4,11944,command,exact,1.0
11948.mp4,11948,command,exact,1.0
11952.mp4,11952,command,exact,1.0
11971.mp4,11971,comment,exact,1.0
11972.mp4,11972,comment,exact,1.0
11973.mp4,11973,comment,exact,1.0
11978.mp4,11978,comment,exact,1.0
11994.mp4,11994,commit,exact,1.0
11995.mp4,11995,commit,exact,1.0
11997.mp4,11997,commit,exact,1.0
12000.mp4,12000,commit,exact,1.0
12005.mp4,12005,committee,exact,1.0
12006.mp4,12006,committee,exact,1.0
12008.mp4,12008,committee,exact,1.0
12010.mp4,12010,committee,exact,1.0
12013.mp4,12013,common,exact,1.0
12014.mp4,12014,common,exact,1.0
12016.mp4,12016,common,exact,1.0
12020.mp4,12020,common,exact,1.0
12023.mp4,12023,common sense,exact,1.0
12024.mp4,12024,common sense,exact,1.0
12025.mp4,12025,common sense,exact,1.0
12027.mp4,12027,common sense,exact,1.0
12028.mp4,12028,common sense,exact,1.0
12060.mp4,12060,community,exact,1.0
12062.mp4,12062,community,exact,1.0
12063.mp4,12063,community,exact,1.0
12064.mp4,12064,community,exact,1.0
12066.mp4,12066,community,exact,1.0
12069.mp4,12069,community,exact,1.0
12072.mp4,12072,commute,exact,1.0
12073.mp4,12073,commute,exact,1.0
12074.mp4,12074,commute,exact,1.0
12076.mp4,12076,commute,exact,1.0
12079.mp4,12079,commute,exact,1.0
12100.mp4,12100,company,exact,1.0
12101.mp4,12101,company,exact,1.0
12104.mp4,12104,company,exact,1.0
12109.mp4,12109,company,exact,1.0
12113.mp4,12113,compare,exact,1.0
12114.mp4,12114,compare,exact,1.0
12115.mp4,12115,compare,exact,1.0
12116.mp4,12116,compare,exact,1.0
12118.mp4,12118,compare,exact,1.0
12122.mp4,12122,compare,exact,1.0
12158.mp4,12158,compete,exact,1.0
12159.mp4,12159,compete,exact,1.0
12161.mp4,12161,compete,exact,1.0
12164.mp4,12164,compete,exact,1.0
12190.mp4,12190,complain,exact,1.0
12191.mp4,12191,complain,exact,1.0
12192.mp4,12192,complain,exact,1.0
12193.mp4,12193,complain,exact,1.0
12195.mp4,12195,complain,exact,1.0
12198.mp4,12198,complain,exact,1.0
12210.mp4,12210,complete,exact,1.0
12211.mp4,12211,complete,exact,1.0
12212.mp4,12212,complete,exact,1.0
12217.mp4,12217,complete,exact,1.0
12221.mp4,12221,complete,exact,1.0
12223.mp4,12223,complex,exact,1.0
12225.mp4,12225,complex,exact,1.0
12226.mp4,12226,complex,exact,1.0
12228.mp4,12228,complex,exact,1.0
12231.mp4,12231,complex,exact,1.0
12291.mp4,12291,compromise,exact,1.0
12292.mp4,12292,compromise,exact,1.0
12293.mp4,12293,compromise,exact,1.0
12294.mp4,12294,compromise,exact,1.0
12296.mp4,12296,compromise,exact,1.0
12300.mp4,12300,compromise,exact,1.0
12311.mp4,12311,computer,exact,1.0
12312.mp4,12312,computer,exact,1.0
12313.mp4,12313,computer,exact,1.0
12314.mp4,12314,computer,exact,1.0
12315.mp4,12315,computer,exact,1.0
12316.mp4,12316,computer,exact,1.0
12317.mp4,12317,computer,exact,1.0
12318.mp4,12318,computer,exact,1.0
12319.mp4,12319,computer,exact,1.0
12320.mp4,12320,computer,exact,1.0
12326.mp4,12326,computer,exact,1.0
12327.mp4,12327,computer,exact,1.0
12328.mp4,12328,computer,exact,1.0
12338.mp4,12338,computer,exact,1.0
12391.mp4,12391,concentrate,exact,1.0
12392.mp4,12392,concentrate,exact,1.0
12394.mp4,12394,concentrate,exact,1.0
12402.mp4,12402,concept,exact,1.0
12403.mp4,12403,concept,exact,1.0
12408.mp4,12408,concept,exact,1.0
12415.mp4,12415,concern,exact,1.0
12416.mp4,12416,concern,exact,1.0
12418.mp4,12418,concern,exact,1.0
12421.mp4,12421,concern,exact,1.0
12584.mp4,12584,conflict,exact,1.0
12586.mp4,12586,conflict,exact,1.0
12587.mp4,12587,conflict,exact,1.0
12588.mp4,12588,conflict,exact,1.0
12590.mp4,12590,conflict,exact,1.0
12593.mp4,12593,conflict,exact,1.0
12602.mp4,12602,confront,exact,1.0
12603.mp4,12603,confront,exact,1.0
12604.mp4,12604,confront,exact,1.0
12605.mp4,12605,confront,exact,1.0
12606.mp4,12606,confront,exact,1.0
12609.mp4,12609,confront,exact,1.0
12612.mp4,12612,confused,exact,1.0
12613.mp4,12613,confused,exact,1.0
12614.mp4,12614,confused,exact,1.0
12619.mp4,12619,confused,exact,1.0
12636.mp4,12636,congratulations,exact,1.0
12637.mp4,12637,congratulations,exact,1.0
12638.mp4,12638,congratulations,exact,1.0
12641.mp4,12641,congratulations,exact,1.0
12649.mp4,12649,congress,exact,1.0
12650.mp4,12650,congress,exact,1.0
12651.mp4,12651,congress,exact,1.0
12652.mp4,12652,congress,exact,1.0
12654.mp4,12654,congress,exact,1.0
12656.mp4,12656,congress,exact,1.0
12675.mp4,12675,connect,exact,1.0
12676.mp4,12676,connect,exact,1.0
12678.mp4,12678,connect,exact,1.0
12680.mp4,12680,connect,exact,1.0
12696.mp4,12696,conquer,exact,1.0
12700.mp4,12700,conquer,exact,1.0
12702.mp4,12702,conquer,exact,1.0
12704.mp4,12704,conquer,exact,1.0
12755.mp4,12755,consider,exact,1.0
12758.mp4,12758,consider,exact,1.0
12759.mp4,12759,consider,exact,1.0
12761.mp4,12761,consider,exact,1.0
12809.mp4,12809,constitution,exact,1.0
12810.mp4,12810,constitution,exact,1.0
12811.mp4,12811,constitution,exact,1.0
12812.mp4,12812,constitution,exact,1.0
12814.mp4,12814,constitution,exact,1.0
12815.mp4,12815,constitution,exact,1.0
12819.mp4,12819,construct,exact,1.0
12820.mp4,12820,construct,exact,1.0
12823.mp4,12823,construct,exact,1.0
12824.mp4,12824,construct,exact,1.0
12826.mp4,12826,construct,exact,1.0
12855.mp4,12855,consume,exact,1.0
12860.mp4,12860,consume,exact,1.0
12863.mp4,12863,consume,exact,1.0
12871.mp4,12871,contact,exact,1.0
12872.mp4,12872,contact,exact,1.0
12873.mp4,12873,contact,exact,1.0
12874.mp4,12874,contact,exact,1.0
12876.mp4,12876,contact,exact,1.0
12877.mp4,12877,contact,exact,1.0
12879.mp4,12879,contact,exact,1.0
12942.mp4,12942,contest,exact,1.0
12943.mp4,12943,contest,exact,1.0
12945.mp4,12945,contest,exact,1.0
12947.mp4,12947,contest,exact,1.0
12968.mp4,12968,continue,exact,1.0
12969.mp4,12969,continue,exact,1.0
12970.mp4,12970,continue,exact,1.0
12971.mp4,12971,continue,exact,1.0
12973.mp4,12973,continue,exact,1.0
12977.mp4,12977,continue,exact,1.0
12987.mp4,12987,contract,exact,1.0
12990.mp4,12990,contract,exact,1.0
12994.mp4,12994,contract,exact,1.0
13017.mp4,13017,contribute,exact,1.0
13018.mp4,13018,contribute,exact,1.0
13019.mp4,13019,contribute,exact,1.0
13020.mp4,13020,contribute,exact,1.0
13023.mp4,13023,contribute,exact,1.0
13024.mp4,13024,contribute,exact,1.0
13026.mp4,13026,contribute,exact,1.0
13042.mp4,13042,control,exact,1.0
13043.mp4,13043,control,exact,1.0
13044.mp4,13044,control,exact,1.0
13046.mp4,13046,control,exact,1.0
13049.mp4,13049,control,exact,1.0
13087.mp4,13087,conversation,exact,1.0
13091.mp4,13091,conversation,exact,1.0
13093.mp4,13093,conversation,exact,1.0
13094.mp4,13094,conversation,exact,1.0
13095.mp4,13095,conversation,exact,1.0
13106.mp4,13106,convert,exact,1.0
13109.mp4,13109,convert,exact,1.0
13111.mp4,13111,convert,exact,1.0
13114.mp4,13114,convert,exact,1.0
13134.mp4,13134,convince,exact,1.0
13135.mp4,13135,convince,exact,1.0
13136.mp4,13136,convince,exact,1.0
13137.mp4,13137,convince,exact,1.0
13138.mp4,13138,convince,exact,1.0
13143.mp4,13143,convince,exact,1.0
13144.mp4,13144,convince,exact,1.0
13148.mp4,13148,convince,exact,1.0
13155.mp4,13155,cook,exact,1.0
13156.mp4,13156,cook,exact,1.0
13157.mp4,13157,cook,exact,1.0
13158.mp4,13158,cook,exact,1.0
13160.mp4,13160,cook,exact,1.0
13161.mp4,13161,cook,exact,1.0
13167.mp4,13167,cook,exact,1.0
13168.mp4,13168,cook,exact,1.0
13172.mp4,13172,cookie,exact,1.0
13173.mp4,13173,cookie,exact,1.0
13174.mp4,13174,cookie,exact,1.0
13175.mp4,13175,cookie,exact,1.0
13177.mp4,13177,cookie,exact,1.0
13179.mp4,13179,cookie,exact,1.0
13182.mp4,13182,cookie,exact,1.0
13196.mp4,13196,cool,exact,1.0
13197.mp4,13197,cool,exact,1.0
13198.mp4,13198,cool,exact,1.0
13199.mp4,13199,cool,exact,1.0
13200.mp4,13200,cool,exact,1.0
13201.mp4,13201,cool,exact,1.0
13202.mp4,13202,cool,exact,1.0
13203.mp4,13203,cool,exact,1.0
13208.mp4,13208,cool,exact,1.0
13209.mp4,13209,cool,exact,1.0
13213.mp4,13213,cool,exact,1.0
13216.mp4,13216,cool,exact,1.0
13217.mp4,13217,cool,exact,1.0
13223.mp4,13223,cooperate,exact,1.0
13224.mp4,13224,cooperate,exact,1.0
13228.mp4,13228,cooperate,exact,1.0
13244.mp4,13244,cop,exact,1.0
13245.mp4,13245,cop,exact,1.0
13246.mp4,13246,cop,exact,1.0
13247.mp4,13247,cop,exact,1.0
13249.mp4,13249,cop,exact,1.0
13250.mp4,13250,cop,exact,1.0
13251.mp4,13251,cop,exact,1.0
13253.mp4,13253,cop,exact,1.0
13267.mp4,13267,copy,exact,1.0
13268.mp4,13268,copy,exact,1.0
13269.mp4,13269,copy,exact,1.0
13273.mp4,13273,copy,exact,1.0
13275.mp4,13275,copy,exact,1.0
13278.mp4,13278,copy,exact,1.0
13279.mp4,13279,copy,exact,1.0
13312.mp4,13312,corner,exact,1.0
13313.mp4,13313,corner,exact,1.0
13316.mp4,13316,corner,exact,1.0
13320.mp4,13320,corner,exact,1.0
13323.mp4,13323,corn,exact,1.0
13325.mp4,13325,corn,exact,1.0
13326.mp4,13326,corn,exact,1.0
13327.mp4,13327,corn,exact,1.0
13328.mp4,13328,corn,exact,1.0
13329.mp4,13329,corn,exact,1.0
13333.mp4,13333,corn,exact,1.0
13334.mp4,13334,corn,exact,1.0
13337.mp4,13337,corn,exact,1.0
13350.mp4,13350,correct,exact,1.0
13351.mp4,13351,correct,exact,1.0
13352.mp4,13352,correct,exact,1.0
13354.mp4,13354,correct,exact,1.0
13355.mp4,13355,correct,exact,1.0
13356.mp4,13356,correct,exact,1.0
13358.mp4,13358,correct,exact,1.0
13359.mp4,13359,correct,exact,1.0
13414.mp4,13414,cost,exact,1.0
13415.mp4,13415,cost,exact,1.0
13416.mp4,13416,cost,exact,1.0
13417.mp4,13417,cost,exact,1.0
13420.mp4,13420,cost,exact,1.0
13424.mp4,13424,cost,exact,1.0
13456.mp4,13456,couch,exact,1.0
13457.mp4,13457,couch,exact,1.0
13458.mp4,13458,couch,exact,1.0
13460.mp4,13460,couch,exact,1.0
13464.mp4,13464,couch,exact,1.0
13468.mp4,13468,cough,exact,1.0
13469.mp4,13469,cough,exact,1.0
13470.mp4,13470,cough,exact,1.0
13473.mp4,13473,cough,exact,1.0
13478.mp4,13478,cough,exact,1.0
13499.mp4,13499,counsel,exact,1.0
13500.mp4,13500,counsel,exact,1.0
13501.mp4,13501,counsel,exact,1.0
13503.mp4,13503,counsel,exact,1.0
13508.mp4,13508,counselor,exact,1.0
13509.mp4,13509,counselor,exact,1.0
13510.mp4,13510,counselor,exact,1.0
13512.mp4,13512,counselor,exact,1.0
13530.mp4,13530,count,exact,1.0
13531.mp4,13531,count,exact,1.0
13532.mp4,13532,count,exact,1.0
13534.mp4,13534,count,exact,1.0
13536.mp4,13536,count,exact,1.0
13543.mp4,13543,country,exact,1.0
13544.mp4,13544,country,exact,1.0
13545.mp4,13545,country,exact,1.0
13546.mp4,13546,country,exact,1.0
13549.mp4,13549,country,exact,1.0
13550.mp4,13550,country,exact,1.0
13554.mp4,13554,country,exact,1.0
13555.mp4,13555,country,exact,1.0
13618.mp4,13618,court,exact,1.0
13619.mp4,13619,court,exact,1.0
13621.mp4,13621,court,exact,1.0
13623.mp4,13623,court,exact,1.0
13630.mp4,13630,cousin,exact,1.0
13631.mp4,13631,cousin,exact,1.0
13632.mp4,13632,cousin,exact,1.0
13633.mp4,13633,cousin,exact,1.0
13634.mp4,13634,cousin,exact,1.0
13635.mp4,13635,cousin,exact,1.0
13636.mp4,13636,cousin,exact,1.0
13640.mp4,13640,cousin,exact,1.0
13641.mp4,13641,cousin,exact,1.0
13642.mp4,13642,cousin,exact,1.0
13646.mp4,13646,cousin,exact,1.0
13647.mp4,13647,cousin,exact,1.0
13648.mp4,13648,cousin,exact,1.0
13656.mp4,13656,cover,exact,1.0
13657.mp4,13657,cover,exact,1.0
13659.mp4,13659,cover,exact,1.0
13664.mp4,13664,cover,exact,1.0
13695.mp4,13695,cow,exact,1.0
13696.mp4,13696,cow,exact,1.0
13697.mp4,13697,cow,exact,1.0
13698.mp4,13698,cow,exact,1.0
13699.mp4,13699,cow,exact,1.0
13702.mp4,13702,cow,exact,1.0
13703.mp4,13703,cow,exact,1.0
13710.mp4,13710,cow,exact,1.0
13732.mp4,13732,crab,exact,1.0
13733.mp4,13733,crab,exact,1.0
13734.mp4,13734,crab,exact,1.0
13735.mp4,13735,crab,exact,1.0
13737.mp4,13737,crab,exact,1.0
13740.mp4,13740,crab,exact,1.0
13744.mp4,13744,cracker,exact,1.0
13745.mp4,13745,cracker,exact,1.0
13746.mp4,13746,cracker,exact,1.0
13748.mp4,13748,cracker,exact,1.0
13749.mp4,13749,cracker,exact,1.0
13751.mp4,13751,cracker,exact,1.0
13799.mp4,13799,crash,exact,1.0
13800.mp4,13800,crash,exact,1.0
13803.mp4,13803,crash,exact,1.0
13804.mp4,13804,crash,exact,1.0
13805.mp4,13805,crash,exact,1.0
13806.mp4,13806,crash,exact,1.0
13812.mp4,13812,crash,exact,1.0
13813.mp4,13813,crash,exact,1.0
13819.mp4,13819,crave,exact,1.0
13820.mp4,13820,crave,exact,1.0
13822.mp4,13822,crave,exact,1.0
13824.mp4,13824,crave,exact,1.0
13854.mp4,13854,crazy,exact,1.0
13855.mp4,13855,crazy,exact,1.0
13858.mp4,13858,crazy,exact,1.0
13859.mp4,13859,crazy,exact,1.0
13863.mp4,13863,crazy,exact,1.0
13877.mp4,13877,create,exact,1.0
13878.mp4,13878,create,exact,1.0
13880.mp4,13880,create,exact,1.0
13881.mp4,13881,create,exact,1.0
14011.mp4,14011,crocodile,exact,1.0
14013.mp4,14013,crocodile,exact,1.0
14015.mp4,14015,crocodile,exact,1.0
14047.mp4,14047,cross,exact,1.0
14048.mp4,14048,cross,exact,1.0
14049.mp4,14049,cross,exact,1.0
14051.mp4,14051,cross,exact,1.0
14057.mp4,14057,cross,exact,1.0
14102.mp4,14102,crown,exact,1.0
14103.mp4,14103,crown,exact,1.0
14105.mp4,14105,crown,exact,1.0
14107.mp4,14107,crown,exact,1.0
14126.mp4,14126,cruel,exact,1.0
14128.mp4,14128,cruel,exact,1.0
14129.mp4,14129,cruel,exact,1.0
14131.mp4,14131,cruel,exact,1.0
14157.mp4,14157,crush,exact,1.0
14158.mp4,14158,crush,exact,1.0
14162.mp4,14162,crush,exact,1.0
14174.mp4,14174,cry,exact,1.0
14175.mp4,14175,cry,exact,1.0
14176.mp4,14176,cry,exact,1.0
14177.mp4,14177,cry,exact,1.0
14180.mp4,14180,cry,exact,1.0
14182.mp4,14182,cry,exact,1.0
14183.mp4,14183,cry,exact,1.0
14188.mp4,14188,cry,exact,1.0
14190.mp4,14190,cry,exact,1.0
14202.mp4,14202,cuba,exact,1.0
14203.mp4,14203,cuba,exact,1.0
14204.mp4,14204,cuba,exact,1.0
14254.mp4,14254,culture,exact,1.0
14261.mp4,14261,culture,exact,1.0
14267.mp4,14267,culture,exact,1.0
14287.mp4,14287,cup,exact,1.0
14288.mp4,14288,cup,exact,1.0
14289.mp4,14289,cup,exact,1.0
14291.mp4,14291,cup,exact,1.0
14292.mp4,14292,cup,exact,1.0
14298.mp4,14298,cup,exact,1.0
14312.mp4,14312,curious,exact,1.0
14313.mp4,14313,curious,exact,1.0
14314.mp4,14314,curious,exact,1.0
14316.mp4,14316,curious,exact,1.0
14319.mp4,14319,curious,exact,1.0
14366.mp4,14366,curriculum,exact,1.0
14367.mp4,14367,curriculum,exact,1.0
14368.mp4,14368,curriculum,exact,1.0
14370.mp4,14370,curriculum,exact,1.0
14373.mp4,14373,curriculum,exact,1.0
14375.mp4,14375,curse,exact,1.0
14376.mp4,14376,curse,exact,1.0
14378.mp4,14378,curse,exact,1.0
14379.mp4,14379,curse,exact,1.0
14380.mp4,14380,curse,exact,1.0
14385.mp4,14385,curse,exact,1.0
14393.mp4,14393,curtain,exact,1.0
14396.mp4,14396,curtain,exact,1.0
14432.mp4,14432,customer,exact,1.0
14433.mp4,14433,customer,exact,1.0
14437.mp4,14437,customer,exact,1.0
14438.mp4,14438,customer,exact,1.0
14451.mp4,14451,cute,exact,1.0
14452.mp4,14452,cute,exact,1.0
14453.mp4,14453,cute,exact,1.0
14454.mp4,14454,cute,exact,1.0
14457.mp4,14457,cute,exact,1.0
14458.mp4,14458,cute,exact,1.0
14461.mp4,14461,cute,exact,1.0
14466.mp4,14466,cut,exact,1.0
14467.mp4,14467,cut,exact,1.0
14477.mp4,14477,cut,exact,1.0
14478.mp4,14478,cut,exact,1.0
14479.mp4,14479,cut,exact,1.0
14481.mp4,14481,cut,exact,1.0
14482.mp4,14482,cut,exact,1.0
14485.mp4,14485,cut,exact,1.0
14565.mp4,14565,dad,exact,1.0
14566.mp4,14566,dad,exact,1.0
14567.mp4,14567,dad,exact,1.0
14568.mp4,14568,dad,exact,1.0
14569.mp4,14569,dad,exact,1.0
14572.mp4,14572,dad,exact,1.0
14577.mp4,14577,daily,exact,1.0
14578.mp4,14578,daily,exact,1.0
14580.mp4,14580,daily,exact,1.0
14584.mp4,14584,daily,exact,1.0
14602.mp4,14602,damage,exact,1.0
14604.mp4,14604,damage,exact,1.0
14606.mp4,14606,damage,exact,1.0
14608.mp4,14608,damage,exact,1.0
14622.mp4,14622,dance,exact,1.0
14623.mp4,14623,dance,exact,1.0
14624.mp4,14624,dance,exact,1.0
14625.mp4,14625,dance,exact,1.0
14627.mp4,14627,dance,exact,1.0
14633.mp4,14633,dance,exact,1.0
14635.mp4,14635,dancer,exact,1.0
14636.mp4,14636,dancer,exact,1.0
14638.mp4,14638,dancer,exact,1.0
14645.mp4,14645,danger,exact,1.0
14646.mp4,14646,danger,exact,1.0
14647.mp4,14647,danger,exact,1.0
14648.mp4,14648,danger,exact,1.0
14650.mp4,14650,danger,exact,1.0
14652.mp4,14652,dangerous,exact,1.0
14653.mp4,14653,dangerous,exact,1.0
14656.mp4,14656,dangerous,exact,1.0
14657.mp4,14657,dangerous,exact,1.0
14671.mp4,14671,dark,exact,1.0
14672.mp4,14672,dark,exact,1.0
14673.mp4,14673,dark,exact,1.0
14674.mp4,14674,dark,exact,1.0
14675.mp4,14675,dark,exact,1.0
14676.mp4,14676,dark,exact,1.0
14680.mp4,14680,dark,exact,1.0
14681.mp4,14681,dark,exact,1.0
14685.mp4,14685,dark,exact,1.0
14728.mp4,14728,date,exact,1.0
14729.mp4,14729,date,exact,1.0
14734.mp4,14734,date,exact,1.0
14741.mp4,14741,date,exact,1.0
14749.mp4,14749,daughter,exact,1.0
14750.mp4,14750,daughter,exact,1.0
14751.mp4,14751,daughter,exact,1.0
14752.mp4,14752,daughter,exact,1.0
14753.mp4,14753,daughter,exact,1.0
14755.mp4,14755,daughter,exact,1.0
14756.mp4,14756,daughter,exact,1.0
14757.mp4,14757,daughter,exact,1.0
14760.mp4,14760,daughter,exact,1.0
14773.mp4,14773,dawn,exact,1.0
14774.mp4,14774,dawn,exact,1.0
14777.mp4,14777,dawn,exact,1.0
14778.mp4,14778,dawn,exact,1.0
14792.mp4,14792,day,exact,1.0
14793.mp4,14793,day,exact,1.0
14794.mp4,14794,day,exact,1.0
14795.mp4,14795,day,exact,1.0
14796.mp4,14796,day,exact,1.0
14799.mp4,14799,day,exact,1.0
14803.mp4,14803,day,exact,1.0
14835.mp4,14835,dead,exact,1.0
14836.mp4,14836,dead,exact,1.0
14837.mp4,14837,dead,exact,1.0
14839.mp4,14839,dead,exact,1.0
14845.mp4,14845,dead,exact,1.0
14882.mp4,14882,deaf,exact,1.0
14883.mp4,14883,deaf,exact,1.0
14884.mp4,14884,deaf,exact,1.0
14885.mp4,14885,deaf,exact,1.0
14886.mp4,14886,deaf,exact,1.0
14887.mp4,14887,deaf,exact,1.0
14888.mp4,14888,deaf,exact,1.0
14893.mp4,14893,deaf,exact,1.0
14894.mp4,14894,deaf,exact,1.0
14903.mp4,14903,deaf,exact,1.0
14952.mp4,14952,death,exact,1.0
14953.mp4,14953,death,exact,1.0
14954.mp4,14954,death,exact,1.0
14955.mp4,14955,death,exact,1.0
14957.mp4,14957,death,exact,1.0
14961.mp4,14961,debate,exact,1.0
14964.mp4,14964,debate,exact,1.0
14966.mp4,14966,debate,exact,1.0
14968.mp4,14968,debate,exact,1.0
14978.mp4,14978,debt,exact,1.0
14979.mp4,14979,debt,exact,1.0
14981.mp4,14981,debt,exact,1.0
14984.mp4,14984,debt,exact,1.0
15018.mp4,15018,december,exact,1.0
15019.mp4,15019,december,exact,1.0
15020.mp4,15020,december,exact,1.0
15022.mp4,15022,december,exact,1.0
15025.mp4,15025,december,exact,1.0
15032.mp4,15032,decide,exact,1.0
15033.mp4,15033,decide,exact,1.0
15034.mp4,15034,decide,exact,1.0
15035.mp4,15035,decide,exact,1.0
15037.mp4,15037,decide,exact,1.0
15038.mp4,15038,decide,exact,1.0
15043.mp4,15043,decide,exact,1.0
15093.mp4,15093,decorate,exact,1.0
15094.mp4,15094,decorate,exact,1.0
15095.mp4,15095,decorate,exact,1.0
15096.mp4,15096,decorate,exact,1.0
15099.mp4,15099,decorate,exact,1.0
15100.mp4,15100,decorate,exact,1.0
15101.mp4,15101,decorate,exact,1.0
15103.mp4,15103,decorate,exact,1.0
15110.mp4,15110,decrease,exact,1.0
15111.mp4,15111,decrease,exact,1.0
15112.mp4,15112,decrease,exact,1.0
15116.mp4,15116,decrease,exact,1.0
15120.mp4,15120,decrease,exact,1.0
15139.mp4,15139,deduct,exact,1.0
15140.mp4,15140,deduct,exact,1.0
15141.mp4,15141,deduct,exact,1.0
15142.mp4,15142,deduct,exact,1.0
15145.mp4,15145,deduct,exact,1.0
15146.mp4,15146,deduct,exact,1.0
15157.mp4,15157,deep,exact,1.0
15158.mp4,15158,deep,exact,1.0
15159.mp4,15159,deep,exact,1.0
15160.mp4,15160,deep,exact,1.0
15162.mp4,15162,deep,exact,1.0
15163.mp4,15163,deep,exact,1.0
15166.mp4,15166,deep,exact,1.0
15171.mp4,15171,deer,exact,1.0
15172.mp4,15172,deer,exact,1.0
15173.mp4,15173,deer,exact,1.0
15176.mp4,15176,deer,exact,1.0
15177.mp4,15177,deer,exact,1.0
15180.mp4,15180,deer,exact,1.0
15185.mp4,15185,defeat,exact,1.0
15187.mp4,15187,defeat,exact,1.0
15196.mp4,15196,defeat,exact,1.0
15199.mp4,15199,defeat,exact,1.0
15213.mp4,15213,defend,exact,1.0
15214.mp4,15214,defend,exact,1.0
15215.mp4,15215,defend,exact,1.0
15217.mp4,15217,defend,exact,1.0
15219.mp4,15219,defend,exact,1.0
15293.mp4,15293,degree,exact,1.0
15294.mp4,15294,degree,exact,1.0
15296.mp4,15296,degree,exact,1.0
15297.mp4,15297,degree,exact,1.0
15302.mp4,15302,degree,exact,1.0
15319.mp4,15319,delay,exact,1.0
15320.mp4,15320,delay,exact,1.0
15321.mp4,15321,delay,exact,1.0
15322.mp4,15322,delay,exact,1.0
15323.mp4,15323,delay,exact,1.0
15325.mp4,15325,delay,exact,1.0
15326.mp4,15326,delay,exact,1.0
15327.mp4,15327,delay,exact,1.0
15328.mp4,15328,delay,exact,1.0
15330.mp4,15330,delay,exact,1.0
15332.mp4,15332,delay,exact,1.0
15361.mp4,15361,delicious,exact,1.0
15362.mp4,15362,delicious,exact,1.0
15363.mp4,15363,delicious,exact,1.0
15364.mp4,15364,delicious,exact,1.0
15365.mp4,15365,delicious,exact,1.0
15366.mp4,15366,delicious,exact,1.0
15369.mp4,15369,delicious,exact,1.0
15370.mp4,15370,delicious,exact,1.0
15374.mp4,15374,delicious,exact,1.0
15401.mp4,15401,deliver,exact,1.0
15402.mp4,15402,deliver,exact,1.0
15405.mp4,15405,deliver,exact,1.0
15406.mp4,15406,deliver,exact,1.0
15422.mp4,15422,demand,exact,1.0
15423.mp4,15423,demand,exact,1.0
15424.mp4,15424,demand,exact,1.0
15425.mp4,15425,demand,exact,1.0
15426.mp4,15426,demand,exact,1.0
15428.mp4,15428,demand,exact,1.0
15430.mp4,15430,demand,exact,1.0
15448.mp4,15448,democrat,exact,1.0
15449.mp4,15449,democrat,exact,1.0
15450.mp4,15450,democrat,exact,1.0
15453.mp4,15453,democrat,exact,1.0
15474.mp4,15474,demonstrate,exact,1.0
15475.mp4,15475,demonstrate,exact,1.0
15476.mp4,15476,demonstrate,exact,1.0
15477.mp4,15477,demonstrate,exact,1.0
15479.mp4,15479,demonstrate,exact,1.0
15481.mp4,15481,demonstrate,exact,1.0
15528.mp4,15528,dentist,exact,1.0
15529.mp4,15529,dentist,exact,1.0
15530.mp4,15530,dentist,exact,1.0
15531.mp4,15531,dentist,exact,1.0
15533.mp4,15533,dentist,exact,1.0
15534.mp4,15534,dentist,exact,1.0
15537.mp4,15537,dentist,exact,1.0
15547.mp4,15547,deny,exact,1.0
15548.mp4,15548,deny,exact,1.0
15549.mp4,15549,deny,exact,1.0
15551.mp4,15551,deny,exact,1.0
15557.mp4,15557,deodorant,exact,1.0
15558.mp4,15558,deodorant,exact,1.0
15559.mp4,15559,deodorant,exact,1.0
15561.mp4,15561,deodorant,exact,1.0
15564.mp4,15564,deodorant,exact,1.0
15577.mp4,15577,department,exact,1.0
15578.mp4,15578,department,exact,1.0
15584.mp4,15584,department,exact,1.0
15601.mp4,15601,depend,exact,1.0
15602.mp4,15602,depend,exact,1.0
15603.mp4,15603,depend,exact,1.0
15606.mp4,15606,depend,exact,1.0
15607.mp4,15607,depend,exact,1.0
15610.mp4,15610,depend,exact,1.0
15631.mp4,15631,deposit,exact,1.0
15632.mp4,15632,deposit,exact,1.0
15633.mp4,15633,deposit,exact,1.0
15635.mp4,15635,deposit,exact,1.0
15638.mp4,15638,deposit,exact,1.0
15648.mp4,15648,depressed,exact,1.0
15649.mp4,15649,depressed,exact,1.0
15650.mp4,15650,depressed,exact,1.0
15652.mp4,15652,depressed,exact,1.0
15695.mp4,15695,descend,exact,1.0
15701.mp4,15701,descend,exact,1.0
15702.mp4,15702,descend,exact,1.0
15704.mp4,15704,descend,exact,1.0
15706.mp4,15706,describe,exact,1.0
15707.mp4,15707,describe,exact,1.0
15708.mp4,15708,describe,exact,1.0
15709.mp4,15709,describe,exact,1.0
15711.mp4,15711,describe,exact,1.0
15713.mp4,15713,describe,exact,1.0
15721.mp4,15721,desert,exact,1.0
15723.mp4,15723,desert,exact,1.0
15724.mp4,15724,desert,exact,1.0
15725.mp4,15725,desert,exact,1.0
15728.mp4,15728,desert,exact,1.0
15732.mp4,15732,desert,exact,1.0
15750.mp4,15750,design,exact,1.0
15751.mp4,15751,design,exact,1.0
15753.mp4,15753,design,exact,1.0
15755.mp4,15755,design,exact,1.0
15772.mp4,15772,desk,exact,1.0
15773.mp4,15773,desk,exact,1.0
15774.mp4,15774,desk,exact,1.0
15775.mp4,15775,desk,exact,1.0
15776.mp4,15776,desk,exact,1.0
15781.mp4,15781,desk,exact,1.0
15808.mp4,15808,dessert,exact,1.0
15809.mp4,15809,dessert,exact,1.0
15810.mp4,15810,dessert,exact,1.0
15811.mp4,15811,dessert,exact,1.0
15813.mp4,15813,dessert,exact,1.0
15815.mp4,15815,dessert,exact,1.0
15817.mp4,15817,dessert,exact,1.0
15826.mp4,15826,destroy,exact,1.0
15827.mp4,15827,destroy,exact,1.0
15828.mp4,15828,destroy,exact,1.0
15829.mp4,15829,destroy,exact,1.0
15831.mp4,15831,destroy,exact,1.0
15835.mp4,15835,destroy,exact,1.0
15844.mp4,15844,detach,exact,1.0
15845.mp4,15845,detach,exact,1.0
15849.mp4,15849,detach,exact,1.0
15850.mp4,15850,detach,exact,1.0
15876.mp4,15876,detective,exact,1.0
15878.mp4,15878,detective,exact,1.0
15880.mp4,15880,detective,exact,1.0
15899.mp4,15899,determine,exact,1.0
15900.mp4,15900,determine,exact,1.0
15904.mp4,15904,determine,exact,1.0
15907.mp4,15907,determine,exact,1.0
15933.mp4,15933,develop,exact,1.0
15934.mp4,15934,develop,exact,1.0
15935.mp4,15935,develop,exact,1.0
15936.mp4,15936,develop,exact,1.0
15938.mp4,15938,develop,exact,1.0
15941.mp4,15941,develop,exact,1.0
15957.mp4,15957,devil,exact,1.0
15958.mp4,15958,devil,exact,1.0
15996.mp4,15996,d,exact,1.0
15998.mp4,15998,d,exact,1.0
16000.mp4,16000,d,exact,1.0
16002.mp4,16002,diabetes,exact,1.0
16004.mp4,16004,diabetes,exact,1.0
16005.mp4,16005,diabetes,exact,1.0
16007.mp4,16007,diabetes,exact,1.0
16009.mp4,16009,diabetes,exact,1.0
16061.mp4,16061,diamond,exact,1.0
16063.mp4,16063,diamond,exact,1.0
16065.mp4,16065,diamond,exact,1.0
16069.mp4,16069,diamond,exact,1.0
16073.mp4,16073,diamond,exact,1.0
16081.mp4,16081,diaper,exact,1.0
16082.mp4,16082,diaper,exact,1.0
16083.mp4,16083,diaper,exact,1.0
16085.mp4,16085,diaper,exact,1.0
16087.mp4,16087,diaper,exact,1.0
16097.mp4,16097,diarrhea,exact,1.0
16098.mp4,16098,diarrhea,exact,1.0
16099.mp4,16099,diarrhea,exact,1.0
16100.mp4,16100,diarrhea,exact,1.0
16102.mp4,16102,diarrhea,exact,1.0
16104.mp4,16104,diarrhea,exact,1.0
16110.mp4,16110,dice,exact,1.0
16114.mp4,16114,dice,exact,1.0
16117.mp4,16117,dice,exact,1.0
16124.mp4,16124,dictionary,exact,1.0
16125.mp4,16125,dictionary,exact,1.0
16126.mp4,16126,dictionary,exact,1.0
16127.mp4,16127,dictionary,exact,1.0
16131.mp4,16131,dictionary,exact,1.0
16134.mp4,16134,dictionary,exact,1.0
16161.mp4,16161,die,exact,1.0
16164.mp4,16164,die,exact,1.0
16168.mp4,16168,die,exact,1.0
16191.mp4,16191,different,exact,1.0
16192.mp4,16192,different,exact,1.0
16193.mp4,16193,different,exact,1.0
16194.mp4,16194,different,exact,1.0
16195.mp4,16195,different,exact,1.0
16198.mp4,16198,different,exact,1.0
16203.mp4,16203,different,exact,1.0
16212.mp4,16212,difficult,exact,1.0
16213.mp4,16213,difficult,exact,1.0
16216.mp4,16216,difficult,exact,1.0
16220.mp4,16220,difficult,exact,1.0
16231.mp4,16231,dig,exact,1.0
16233.mp4,16233,dig,exact,1.0
16235.mp4,16235,dig,exact,1.0
16238.mp4,16238,dig,exact,1.0
16241.mp4,16241,dig,exact,1.0
16268.mp4,16268,dime,exact,1.0
16269.mp4,16269,dime,exact,1.0
16270.mp4,16270,dime,exact,1.0
16272.mp4,16272,dime,exact,1.0
16274.mp4,16274,dime,exact,1.0
16314.mp4,16314,dining room,exact,1.0
16315.mp4,16315,dining room,exact,1.0
16316.mp4,16316,dining room,exact,1.0
16317.mp4,16317,dining room,exact,1.0
16319.mp4,16319,dining room,exact,1.0
16322.mp4,16322,dinner,exact,1.0
16323.mp4,16323,dinner,exact,1.0
16324.mp4,16324,dinner,exact,1.0
16325.mp4,16325,dinner,exact,1.0
16327.mp4,16327,dinner,exact,1.0
16328.mp4,16328,dinner,exact,1.0
16330.mp4,16330,dinner,exact,1.0
16333.mp4,16333,dinosaur,exact,1.0
16334.mp4,16334,dinosaur,exact,1.0
16335.mp4,16335,dinosaur,exact,1.0
16336.mp4,16336,dinosaur,exact,1.0
16337.mp4,16337,dinosaur,exact,1.0
16342.mp4,16342,dinosaur,exact,1.0
16351.mp4,16351,diploma,exact,1.0
16352.mp4,16352,diploma,exact,1.0
16354.mp4,16354,diploma,exact,1.0
16355.mp4,16355,diploma,exact,1.0
16358.mp4,16358,diploma,exact,1.0
16383.mp4,16383,director,exact,1.0
16384.mp4,16384,director,exact,1.0
16386.mp4,16386,director,exact,1.0
16394.mp4,16394,dirt,exact,1.0
16396.mp4,16396,dirt,exact,1.0
16397.mp4,16397,dirt,exact,1.0
16398.mp4,16398,dirt,exact,1.0
16400.mp4,16400,dirt,exact,1.0
16404.mp4,16404,dirty,exact,1.0
16405.mp4,16405,dirty,exact,1.0
16406.mp4,16406,dirty,exact,1.0
16407.mp4,16407,dirty,exact,1.0
16409.mp4,16409,dirty,exact,1.0
16411.mp4,16411,dirty,exact,1.0
16412.mp4,16412,dirty,exact,1.0
16428.mp4,16428,disagree,exact,1.0
16429.mp4,16429,disagree,exact,1.0
16430.mp4,16430,disagree,exact,1.0
16431.mp4,16431,disagree,exact,1.0
16436.mp4,16436,disagree,exact,1.0
16438.mp4,16438,disappear,exact,1.0
16439.mp4,16439,disappear,exact,1.0
16440.mp4,16440,disappear,exact,1.0
16441.mp4,16441,disappear,exact,1.0
16443.mp4,16443,disappear,exact,1.0
16444.mp4,16444,disappear,exact,1.0
16450.mp4,16450,disappear,exact,1.0
16502.mp4,16502,discipline,exact,1.0
16503.mp4,16503,discipline,exact,1.0
16504.mp4,16504,discipline,exact,1.0
16506.mp4,16506,discipline,exact,1.0
16511.mp4,16511,discipline,exact,1.0
16525.mp4,16525,disconnect,exact,1.0
16526.mp4,16526,disconnect,exact,1.0
16527.mp4,16527,disconnect,exact,1.0
16528.mp4,16528,disconnect,exact,1.0
16530.mp4,16530,disconnect,exact,1.0
16531.mp4,16531,disconnect,exact,1.0
16541.mp4,16541,discount,exact,1.0
16542.mp4,16542,discount,exact,1.0
16544.mp4,16544,discount,exact,1.0
16546.mp4,16546,discount,exact,1.0
16560.mp4,16560,discover,exact,1.0
16561.mp4,16561,discover,exact,1.0
16562.mp4,16562,discover,exact,1.0
16563.mp4,16563,discover,exact,1.0
16564.mp4,16564,discover,exact,1.0
16567.mp4,16567,discover,exact,1.0
16569.mp4,16569,discover,exact,1.0
16585.mp4,16585,discuss,exact,1.0
16586.mp4,16586,discuss,exact,1.0
16587.mp4,16587,discuss,exact,1.0
16591.mp4,16591,discuss,exact,1.0
16592.mp4,16592,discuss,exact,1.0
16593.mp4,16593,discuss,exact,1.0
16598.mp4,16598,discuss,exact,1.0
16635.mp4,16635,disgusted,exact,1.0
16636.mp4,16636,disgusted,exact,1.0
16639.mp4,16639,disgusted,exact,1.0
16640.mp4,16640,disgust,exact,1.0
16641.mp4,16641,disgust,exact,1.0
16642.mp4,16642,disgust,exact,1.0
16643.mp4,16643,disgust,exact,1.0
16644.mp4,16644,disgust,exact,1.0
16646.mp4,16646,disgust,exact,1.0
16703.mp4,16703,dismiss,exact,1.0
16704.mp4,16704,dismiss,exact,1.0
16707.mp4,16707,dismiss,exact,1.0
16709.mp4,16709,dismiss,exact,1.0
16804.mp4,16804,dissolve,exact,1.0
16805.mp4,16805,dissolve,exact,1.0
16806.mp4,16806,dissolve,exact,1.0
16808.mp4,16808,dissolve,exact,1.0
16809.mp4,16809,dissolve,exact,1.0
16811.mp4,16811,dissolve,exact,1.0
16872.mp4,16872,disturb,exact,1.0
16873.mp4,16873,disturb,exact,1.0
16877.mp4,16877,disturb,exact,1.0
16878.mp4,16878,disturb,exact,1.0
16880.mp4,16880,disturb,exact,1.0
16890.mp4,16890,dive,exact,1.0
16891.mp4,16891,dive,exact,1.0
16892.mp4,16892,dive,exact,1.0
16893.mp4,16893,dive,exact,1.0
16894.mp4,16894,dive,exact,1.0
16895.mp4,16895,dive,exact,1.0
16897.mp4,16897,dive,exact,1.0
16899.mp4,16899,dive,exact,1.0
16925.mp4,16925,divide,exact,1.0
16926.mp4,16926,divide,exact,1.0
16927.mp4,16927,divide,exact,1.0
16930.mp4,16930,divide,exact,1.0
16936.mp4,16936,divide,exact,1.0
16950.mp4,16950,division,exact,1.0
16951.mp4,16951,division,exact,1.0
16955.mp4,16955,division,exact,1.0
16958.mp4,16958,division,exact,1.0
16963.mp4,16963,divorce,exact,1.0
16965.mp4,16965,divorce,exact,1.0
16966.mp4,16966,divorce,exact,1.0
16968.mp4,16968,divorce,exact,1.0
16972.mp4,16972,divorce,exact,1.0
16976.mp4,16976,divorce,exact,1.0
16982.mp4,16982,dizzy,exact,1.0
16984.mp4,16984,dizzy,exact,1.0
16986.mp4,16986,dizzy,exact,1.0
17013.mp4,17013,doctor,exact,1.0
17014.mp4,17014,doctor,exact,1.0
17015.mp4,17015,doctor,exact,1.0
17016.mp4,17016,doctor,exact,1.0
17017.mp4,17017,doctor,exact,1.0
17019.mp4,17019,doctor,exact,1.0
17020.mp4,17020,doctor,exact,1.0
17026.mp4,17026,doctor,exact,1.0
17036.mp4,17036,document,exact,1.0
17037.mp4,17037,document,exact,1.0
17038.mp4,17038,document,exact,1.0
17039.mp4,17039,document,exact,1.0
17041.mp4,17041,document,exact,1.0
17042.mp4,17042,document,exact,1.0
17083.mp4,17083,dog,exact,1.0
17084.mp4,17084,dog,exact,1.0
17085.mp4,17085,dog,exact,1.0
17086.mp4,17086,dog,exact,1.0
17087.mp4,17087,dog,exact,1.0
17090.mp4,17090,dog,exact,1.0
17091.mp4,17091,dog,exact,1.0
17097.mp4,17097,dog,exact,1.0
17124.mp4,17124,dollar,exact,1.0
17125.mp4,17125,dollar,exact,1.0
17126.mp4,17126,dollar,exact,1.0
17127.mp4,17127,dollar,exact,1.0
17128.mp4,17128,dollar,exact,1.0
17132.mp4,17132,dollar,exact,1.0
17133.mp4,17133,dollar,exact,1.0
17135.mp4,17135,dollar,exact,1.0
17144.mp4,17144,doll,exact,1.0
17145.mp4,17145,doll,exact,1.0
17146.mp4,17146,doll,exact,1.0
17149.mp4,17149,doll,exact,1.0
17153.mp4,17153,doll,exact,1.0
17157.mp4,17157,dolphin,exact,1.0
17158.mp4,17158,dolphin,exact,1.0
17159.mp4,17159,dolphin,exact,1.0
17160.mp4,17160,dolphin,exact,1.0
17166.mp4,17166,dolphin,exact,1.0
17206.mp4,17206,done,exact,1.0
17209.mp4,17209,done,exact,1.0
17212.mp4,17212,done,exact,1.0
17214.mp4,17214,done,exact,1.0
17298.mp4,17298,don't want,exact,1.0
17300.mp4,17300,don't want,exact,1.0
17301.mp4,17301,don't want,exact,1.0
17302.mp4,17302,don't want,exact,1.0
17306.mp4,17306,don't want,exact,1.0
17324.mp4,17324,door,exact,1.0
17325.mp4,17325,door,exact,1.0
17326.mp4,17326,door,exact,1.0
17327.mp4,17327,door,exact,1.0
17330.mp4,17330,door,exact,1.0
17336.mp4,17336,door,exact,1.0
17352.mp4,17352,dorm,exact,1.0
17353.mp4,17353,dorm,exact,1.0
17354.mp4,17354,dorm,exact,1.0
17355.mp4,17355,dorm,exact,1.0
17356.mp4,17356,dorm,exact,1.0
17359.mp4,17359,dorm,exact,1.0
17361.mp4,17361,dormitory,exact,1.0
17362.mp4,17362,dormitory,exact,1.0
17364.mp4,17364,dormitory,exact,1.0
17365.mp4,17365,dormitory,exact,1.0
17377.mp4,17377,double,exact,1.0
17378.mp4,17378,double,exact,1.0
17379.mp4,17379,double,exact,1.0
17381.mp4,17381,double,exact,1.0
17384.mp4,17384,double,exact,1.0
17390.mp4,17390,doubt,exact,1.0
17391.mp4,17391,doubt,exact,1.0
17394.mp4,17394,doubt,exact,1.0
17395.mp4,17395,doubt,exact,1.0
17400.mp4,17400,doubt,exact,1.0
17428.mp4,17428,down,exact,1.0
17429.mp4,17429,down,exact,1.0
17430.mp4,17430,down,exact,1.0
17431.mp4,17431,down,exact,1.0
17433.mp4,17433,down,exact,1.0
17436.mp4,17436,down,exact,1.0
17456.mp4,17456,downstairs,exact,1.0
17457.mp4,17457,downstairs,exact,1.0
17458.mp4,17458,downstairs,exact,1.0
17460.mp4,17460,downstairs,exact,1.0
17512.mp4,17512,drag,exact,1.0
17514.mp4,17514,drag,exact,1.0
17521.mp4,17521,drag,exact,1.0
17529.mp4,17529,dragon,exact,1.0
17530.mp4,17530,dragon,exact,1.0
17532.mp4,17532,dragon,exact,1.0
17557.mp4,17557,drama,exact,1.0
17559.mp4,17559,drama,exact,1.0
17560.mp4,17560,drama,exact,1.0
17562.mp4,17562,drama,exact,1.0
17564.mp4,17564,drama,exact,1.0
17581.mp4,17581,drawer,exact,1.0
17582.mp4,17582,drawer,exact,1.0
17583.mp4,17583,drawer,exact,1.0
17585.mp4,17585,drawer,exact,1.0
17586.mp4,17586,drawer,exact,1.0
17589.mp4,17589,drawer,exact,1.0
17594.mp4,17594,draw,exact,1.0
17595.mp4,17595,draw,exact,1.0
17596.mp4,17596,draw,exact,1.0
17600.mp4,17600,draw,exact,1.0
17607.mp4,17607,draw,exact,1.0
17627.mp4,17627,dream,exact,1.0
17628.mp4,17628,dream,exact,1.0
17633.mp4,17633,dream,exact,1.0
17636.mp4,17636,dream,exact,1.0
17654.mp4,17654,dress,exact,1.0
17655.mp4,17655,dress,exact,1.0
17656.mp4,17656,dress,exact,1.0
17657.mp4,17657,dress,exact,1.0
17659.mp4,17659,dress,exact,1.0
17660.mp4,17660,dress,exact,1.0
17665.mp4,17665,dress,exact,1.0
17709.mp4,17709,drink,exact,1.0
17710.mp4,17710,drink,exact,1.0
17711.mp4,17711,drink,exact,1.0
17712.mp4,17712,drink,exact,1.0
17713.mp4,17713,drink,exact,1.0
17720.mp4,17720,drink,exact,1.0
17721.mp4,17721,drink,exact,1.0
17722.mp4,17722,drink,exact,1.0
17723.mp4,17723,drink,exact,1.0
17724.mp4,17724,drink,exact,1.0
17733.mp4,17733,drink,exact,1.0
17734.mp4,17734,drink,exact,1.0
17758.mp4,17758,drive,exact,1.0
17761.mp4,17761,drive,exact,1.0
17762.mp4,17762,drive,exact,1.0
17766.mp4,17766,drive,exact,1.0
17768.mp4,17768,drive,exact,1.0
17773.mp4,17773,drive,exact,1.0
17820.mp4,17820,drop,exact,1.0
17821.mp4,17821,drop,exact,1.0
17822.mp4,17822,drop,exact,1.0
17823.mp4,17823,drop,exact,1.0
17824.mp4,17824,drop,exact,1.0
17827.mp4,17827,drop,exact,1.0
17828.mp4,17828,drop,exact,1.0
17832.mp4,17832,drop,exact,1.0
17877.mp4,17877,drug,exact,1.0
17878.mp4,17878,drug,exact,1.0
17883.mp4,17883,drug,exact,1.0
17889.mp4,17889,drug,exact,1.0
17896.mp4,17896,drum,exact,1.0
17897.mp4,17897,drum,exact,1.0
17900.mp4,17900,drum,exact,1.0
17910.mp4,17910,drunk,exact,1.0
17911.mp4,17911,drunk,exact,1.0
17912.mp4,17912,drunk,exact,1.0
17914.mp4,17914,drunk,exact,1.0
17915.mp4,17915,drunk,exact,1.0
17918.mp4,17918,drunk,exact,1.0
17930.mp4,17930,dry,exact,1.0
17931.mp4,17931,dry,exact,1.0
17932.mp4,17932,dry,exact,1.0
17933.mp4,17933,dry,exact,1.0
17935.mp4,17935,dry,exact,1.0
17936.mp4,17936,dry,exact,1.0
17939.mp4,17939,dry,exact,1.0
17948.mp4,17948,duck,exact,1.0
17949.mp4,17949,duck,exact,1.0
17951.mp4,17951,duck,exact,1.0
17955.mp4,17955,duck,exact,1.0
17959.mp4,17959,due,exact,1.0
17960.mp4,17960,due,exact,1.0
17961.mp4,17961,due,exact,1.0
17964.mp4,17964,due,exact,1.0
17965.mp4,17965,due,exact,1.0
17968.mp4,17968,dull,exact,1.0
17969.mp4,17969,dull,exact,1.0
17974.mp4,17974,dull,exact,1.0
17975.mp4,17975,dull,exact,1.0
17976.mp4,17976,dull,exact,1.0
17979.mp4,17979,dull,exact,1.0
17988.mp4,17988,dumb,exact,1.0
17992.mp4,17992,dumb,exact,1.0
17995.mp4,17995,dumb,exact,1.0
18028.mp4,18028,during,exact,1.0
18029.mp4,18029,during,exact,1.0
18030.mp4,18030,during,exact,1.0
18032.mp4,18032,during,exact,1.0
18036.mp4,18036,during,exact,1.0
18037.mp4,18037,dusk,exact,1.0
18038.mp4,18038,dusk,exact,1.0
18040.mp4,18040,dusk,exact,1.0
18042.mp4,18042,dusk,exact,1.0
18043.mp4,18043,dusk,exact,1.0
18058.mp4,18058,duty,exact,1.0
18059.mp4,18059,duty,exact,1.0
18061.mp4,18061,duty,exact,1.0
18068.mp4,18068,duty,exact,1.0
18069.mp4,18069,dvd,exact,1.0
18070.mp4,18070,dvd,exact,1.0
18071.mp4,18071,dvd,exact,1.0
18073.mp4,18073,dvd,exact,1.0
18091.mp4,18091,dye,exact,1.0
18092.mp4,18092,dye,exact,1.0
18095.mp4,18095,dye,exact,1.0
18096.mp4,18096,dye,exact,1.0
18109.mp4,18109,each,exact,1.0
18110.mp4,18110,each,exact,1.0
18113.mp4,18113,each,exact,1.0
18118.mp4,18118,each,exact,1.0
18138.mp4,18138,eagle,exact,1.0
18139.mp4,18139,eagle,exact,1.0
18140.mp4,18140,eagle,exact,1.0
18142.mp4,18142,eagle,exact,1.0
18144.mp4,18144,eagle,exact,1.0
18154.mp4,18154,ear,exact,1.0
18155.mp4,18155,ear,exact,1.0
18156.mp4,18156,ear,exact,1.0
18158.mp4,18158,ear,exact,1.0
18161.mp4,18161,ear,exact,1.0
18166.mp4,18166,early,exact,1.0
18167.mp4,18167,early,exact,1.0
18168.mp4,18168,early,exact,1.0
18169.mp4,18169,early,exact,1.0
18178.mp4,18178,early,exact,1.0
18184.mp4,18184,early,exact,1.0
18195.mp4,18195,earn,exact,1.0
18196.mp4,18196,earn,exact,1.0
18197.mp4,18197,earn,exact,1.0
18199.mp4,18199,earn,exact,1.0
18204.mp4,18204,earn,exact,1.0
18219.mp4,18219,earring,exact,1.0
18220.mp4,18220,earring,exact,1.0
18221.mp4,18221,earring,exact,1.0
18225.mp4,18225,earring,exact,1.0
18228.mp4,18228,earring,exact,1.0
18241.mp4,18241,earth,exact,1.0
18242.mp4,18242,earth,exact,1.0
18243.mp4,18243,earth,exact,1.0
18245.mp4,18245,earth,exact,1.0
18246.mp4,18246,earth,exact,1.0
18248.mp4,18248,earth,exact,1.0
18254.mp4,18254,earthquake,exact,1.0
18255.mp4,18255,earthquake,exact,1.0
18256.mp4,18256,earthquake,exact,1.0
18258.mp4,18258,earthquake,exact,1.0
18272.mp4,18272,easter,exact,1.0
18273.mp4,18273,easter,exact,1.0
18275.mp4,18275,easter,exact,1.0
18276.mp4,18276,easter,exact,1.0
18279.mp4,18279,easter,exact,1.0
18280.mp4,18280,easter,exact,1.0
18288.mp4,18288,east,exact,1.0
18289.mp4,18289,east,exact,1.0
18290.mp4,18290,east,exact,1.0
18291.mp4,18291,east,exact,1.0
18292.mp4,18292,east,exact,1.0
18294.mp4,18294,east,exact,1.0
18298.mp4,18298,east,exact,1.0
18306.mp4,18306,easy,exact,1.0
18307.mp4,18307,easy,exact,1.0
18308.mp4,18308,easy,exact,1.0
18311.mp4,18311,easy,exact,1.0
18315.mp4,18315,easy,exact,1.0
18323.mp4,18323,eat,exact,1.0
18324.mp4,18324,eat,exact,1.0
18325.mp4,18325,eat,exact,1.0
18329.mp4,18329,eat,exact,1.0
18335.mp4,18335,eat,exact,1.0
18370.mp4,18370,economy,exact,1.0
18371.mp4,18371,economy,exact,1.0
18372.mp4,18372,economy,exact,1.0
18374.mp4,18374,economy,exact,1.0
18377.mp4,18377,economy,exact,1.0
18413.mp4,18413,educate,exact,1.0
18415.mp4,18415,educate,exact,1.0
18416.mp4,18416,educate,exact,1.0
18417.mp4,18417,educate,exact,1.0
18419.mp4,18419,educate,exact,1.0
18420.mp4,18420,educate,exact,1.0
18422.mp4,18422,educate,exact,1.0
18426.mp4,18426,education,exact,1.0
18427.mp4,18427,education,exact,1.0
18429.mp4,18429,education,exact,1.0
18432.mp4,18432,education,exact,1.0
18474.mp4,18474,effort,exact,1.0
18476.mp4,18476,effort,exact,1.0
18479.mp4,18479,effort,exact,1.0
18482.mp4,18482,effort,exact,1.0
18486.mp4,18486,egg,exact,1.0
18487.mp4,18487,egg,exact,1.0
18488.mp4,18488,egg,exact,1.0
18494.mp4,18494,egg,exact,1.0
18495.mp4,18495,egg,exact,1.0
18498.mp4,18498,egg,exact,1.0
18522.mp4,18522,egypt,exact,1.0
18523.mp4,18523,egypt,exact,1.0
18524.mp4,18524,egypt,exact,1.0
18526.mp4,18526,egypt,exact,1.0
18528.mp4,18528,egypt,exact,1.0
18532.mp4,18532,egypt,exact,1.0
18533.mp4,18533,e,exact,1.0
18535.mp4,18535,e,exact,1.0
18537.mp4,18537,e,exact,1.0
18550.mp4,18550,eighteen,exact,1.0
18552.mp4,18552,eighteen,exact,1.0
18554.mp4,18554,eighteen,exact,1.0
18555.mp4,18555,eighteen,exact,1.0
18557.mp4,18557,eighteen,exact,1.0
18569.mp4,18569,eight,exact,1.0
18570.mp4,18570,eight,exact,1.0
18571.mp4,18571,eight,exact,1.0
18575.mp4,18575,eight,exact,1.0
18578.mp4,18578,eight,exact,1.0
18644.mp4,18644,either,exact,1.0
18649.mp4,18649,either,exact,1.0
18720.mp4,18720,electrician,exact,1.0
18723.mp4,18723,electrician,exact,1.0
18724.mp4,18724,electrician,exact,1.0
18726.mp4,18726,electrician,exact,1.0
18727.mp4,18727,electricity,exact,1.0
18728.mp4,18728,electricity,exact,1.0
18729.mp4,18729,electricity,exact,1.0
18732.mp4,18732,electricity,exact,1.0
18734.mp4,18734,electricity,exact,1.0
18756.mp4,18756,elementary,exact,1.0
18757.mp4,18757,elementary,exact,1.0
18759.mp4,18759,elementary,exact,1.0
18761.mp4,18761,elementary,exact,1.0
18770.mp4,18770,elephant,exact,1.0
18771.mp4,18771,elephant,exact,1.0
18772.mp4,18772,elephant,exact,1.0
18773.mp4,18773,elephant,exact,1.0
18775.mp4,18775,elephant,exact,1.0
18779.mp4,18779,elephant,exact,1.0
18788.mp4,18788,elevator,exact,1.0
18790.mp4,18790,elevator,exact,1.0
18791.mp4,18791,elevator,exact,1.0
18796.mp4,18796,elevator,exact,1.0
18801.mp4,18801,elevator,exact,1.0
18856.mp4,18856,else,exact,1.0
18858.mp4,18858,else,exact,1.0
18861.mp4,18861,else,exact,1.0
18871.mp4,18871,email,exact,1.0
18873.mp4,18873,email,exact,1.0
18875.mp4,18875,email,exact,1.0
18879.mp4,18879,email,exact,1.0
18880.mp4,18880,email,exact,1.0
18897.mp4,18897,embarrass,exact,1.0
18898.mp4,18898,embarrass,exact,1.0
18899.mp4,18899,embarrass,exact,1.0
18900.mp4,18900,embarrass,exact,1.0
18903.mp4,18903,embarrass,exact,1.0
18942.mp4,18942,emergency,exact,1.0
18944.mp4,18944,emergency,exact,1.0
18946.mp4,18946,emergency,exact,1.0
18949.mp4,18949,emergency,exact,1.0
18978.mp4,18978,emotion,exact,1.0
18979.mp4,18979,emotion,exact,1.0
18980.mp4,18980,emotion,exact,1.0
18981.mp4,18981,emotion,exact,1.0
18983.mp4,18983,emotion,exact,1.0
18986.mp4,18986,emotion,exact,1.0
19049.mp4,19049,empty,exact,1.0
19051.mp4,19051,empty,exact,1.0
19054.mp4,19054,empty,exact,1.0
19057.mp4,19057,empty,exact,1.0
19087.mp4,19087,encourage,exact,1.0
19088.mp4,19088,encourage,exact,1.0
19089.mp4,19089,encourage,exact,1.0
19090.mp4,19090,encourage,exact,1.0
19092.mp4,19092,encourage,exact,1.0
19094.mp4,19094,encourage,exact,1.0
19109.mp4,19109,end,exact,1.0
19110.mp4,19110,end,exact,1.0
19111.mp4,19111,end,exact,1.0
19114.mp4,19114,end,exact,1.0
19115.mp4,19115,end,exact,1.0
19119.mp4,19119,end,exact,1.0
19165.mp4,19165,energy,exact,1.0
19166.mp4,19166,energy,exact,1.0
19167.mp4,19167,energy,exact,1.0
19169.mp4,19169,energy,exact,1.0
19172.mp4,19172,energy,exact,1.0
19183.mp4,19183,engage,exact,1.0
19184.mp4,19184,engage,exact,1.0
19185.mp4,19185,engage,exact,1.0
19186.mp4,19186,engage,exact,1.0
19192.mp4,19192,engagement,exact,1.0
19193.mp4,19193,engagement,exact,1.0
19194.mp4,19194,engagement,exact,1.0
19197.mp4,19197,engagement,exact,1.0
19200.mp4,19200,engineer,exact,1.0
19202.mp4,19202,engineer,exact,1.0
19203.mp4,19203,engineer,exact,1.0
19204.mp4,19204,engineer,exact,1.0
19207.mp4,19207,engineer,exact,1.0
19212.mp4,19212,engine,exact,1.0
19213.mp4,19213,engine,exact,1.0
19214.mp4,19214,engine,exact,1.0
19215.mp4,19215,engine,exact,1.0
19217.mp4,19217,engine,exact,1.0
19219.mp4,19219,england,exact,1.0
19223.mp4,19223,england,exact,1.0
19224.mp4,19224,england,exact,1.0
19226.mp4,19226,england,exact,1.0
19229.mp4,19229,england,exact,1.0
19232.mp4,19232,english,exact,1.0
19233.mp4,19233,english,exact,1.0
19236.mp4,19236,english,exact,1.0
19239.mp4,19239,english,exact,1.0
19257.mp4,19257,enjoy,exact,1.0
19258.mp4,19258,enjoy,exact,1.0
19259.mp4,19259,enjoy,exact,1.0
19260.mp4,19260,enjoy,exact,1.0
19261.mp4,19261,enjoy,exact,1.0
19264.mp4,19264,enjoy,exact,1.0
19269.mp4,19269,enjoy,exact,1.0
19297.mp4,19297,enormous,exact,1.0
19298.mp4,19298,enormous,exact,1.0
19299.mp4,19299,enormous,exact,1.0
19300.mp4,19300,enormous,exact,1.0
19303.mp4,19303,enormous,exact,1.0
19305.mp4,19305,enough,exact,1.0
19306.mp4,19306,enough,exact,1.0
19309.mp4,19309,enough,exact,1.0
19312.mp4,19312,enough,exact,1.0
19326.mp4,19326,enter,exact,1.0
19327.mp4,19327,enter,exact,1.0
19328.mp4,19328,enter,exact,1.0
19330.mp4,19330,enter,exact,1.0
19335.mp4,19335,enter,exact,1.0
19393.mp4,19393,envelope,exact,1.0
19394.mp4,19394,envelope,exact,1.0
19395.mp4,19395,envelope,exact,1.0
19397.mp4,19397,envelope,exact,1.0
19406.mp4,19406,environment,exact,1.0
19407.mp4,19407,environment,exact,1.0
19408.mp4,19408,environment,exact,1.0
19409.mp4,19409,environment,exact,1.0
19410.mp4,19410,environment,exact,1.0
19411.mp4,19411,environment,exact,1.0
19412.mp4,19412,environment,exact,1.0
19414.mp4,19414,environment,exact,1.0
19418.mp4,19418,environment,exact,1.0
19457.mp4,19457,equal,exact,1.0
19458.mp4,19458,equal,exact,1.0
19459.mp4,19459,equal,exact,1.0
19462.mp4,19462,equal,exact,1.0
19464.mp4,19464,equal,exact,1.0
19504.mp4,19504,erase,exact,1.0
19505.mp4,19505,erase,exact,1.0
19506.mp4,19506,erase,exact,1.0
19509.mp4,19509,erase,exact,1.0
19512.mp4,19512,eraser,exact,1.0
19513.mp4,19513,eraser,exact,1.0
19514.mp4,19514,eraser,exact,1.0
19515.mp4,19515,eraser,exact,1.0
19517.mp4,19517,eraser,exact,1.0
19557.mp4,19557,escape,exact,1.0
19558.mp4,19558,escape,exact,1.0
19559.mp4,19559,escape,exact,1.0
19560.mp4,19560,escape,exact,1.0
19561.mp4,19561,escape,exact,1.0
19563.mp4,19563,escape,exact,1.0
19567.mp4,19567,escape,exact,1.0
19614.mp4,19614,establish,exact,1.0
19615.mp4,19615,establish,exact,1.0
19616.mp4,19616,establish,exact,1.0
19619.mp4,19619,establish,exact,1.0
19622.mp4,19622,establish,exact,1.0
19654.mp4,19654,eternity,exact,1.0
19655.mp4,19655,eternity,exact,1.0
19656.mp4,19656,eternity,exact,1.0
19657.mp4,19657,eternity,exact,1.0
19660.mp4,19660,eternity,exact,1.0
19685.mp4,19685,europe,exact,1.0
19686.mp4,19686,europe,exact,1.0
19687.mp4,19687,europe,exact,1.0
19688.mp4,19688,europe,exact,1.0
19689.mp4,19689,europe,exact,1.0
19692.mp4,19692,europe,exact,1.0
19695.mp4,19695,europe,exact,1.0
19704.mp4,19704,evaluate,exact,1.0
19705.mp4,19705,evaluate,exact,1.0
19706.mp4,19706,evaluate,exact,1.0
19707.mp4,19707,evaluate,exact,1.0
19713.mp4,19713,evaluate,exact,1.0
19742.mp4,19742,evening,exact,1.0
19743.mp4,19743,evening,exact,1.0
19746.mp4,19746,evening,exact,1.0
19748.mp4,19748,evening,exact,1.0
19760.mp4,19760,event,exact,1.0
19761.mp4,19761,event,exact,1.0
19762.mp4,19762,event,exact,1.0
19765.mp4,19765,event,exact,1.0
19766.mp4,19766,event,exact,1.0
19770.mp4,19770,event,exact,1.0
19813.mp4,19813,everyday,exact,1.0
19816.mp4,19816,everyday,exact,1.0
19818.mp4,19818,everyday,exact,1.0
19820.mp4,19820,everyday,exact,1.0
19842.mp4,19842,every,exact,1.0
19843.mp4,19843,every,exact,1.0
19845.mp4,19845,every,exact,1.0
19849.mp4,19849,every,exact,1.0
19852.mp4,19852,every monday,exact,1.0
19853.mp4,19853,every monday,exact,1.0
19855.mp4,19855,every monday,exact,1.0
19856.mp4,19856,every monday,exact,1.0
19857.mp4,19857,every monday,exact,1.0
19911.mp4,19911,everything,exact,1.0
19912.mp4,19912,everything,exact,1.0
19915.mp4,19915,everything,exact,1.0
19930.mp4,19930,every tuesday,exact,1.0
19931.mp4,19931,every tuesday,exact,1.0
19933.mp4,19933,every tuesday,exact,1.0
19934.mp4,19934,every tuesday,exact,1.0
19935.mp4,19935,every tuesday,exact,1.0
19967.mp4,19967,evidence,exact,1.0
19968.mp4,19968,evidence,exact,1.0
19969.mp4,19969,evidence,exact,1.0
19970.mp4,19970,evidence,exact,1.0
19971.mp4,19971,evidence,exact,1.0
19974.mp4,19974,evidence,exact,1.0
19975.mp4,19975,evidence,exact,1.0
20008.mp4,20008,exact,exact,1.0
20009.mp4,20009,exact,exact,1.0
20010.mp4,20010,exact,exact,1.0
20012.mp4,20012,exact,exact,1.0
20014.mp4,20014,exact,exact,1.0
20022.mp4,20022,exaggerate,exact,1.0
20023.mp4,20023,exaggerate,exact,1.0
20024.mp4,20024,exaggerate,exact,1.0
20027.mp4,20027,exaggerate,exact,1.0
20030.mp4,20030,exaggerate,exact,1.0
20066.mp4,20066,example,exact,1.0
20067.mp4,20067,example,exact,1.0
20068.mp4,20068,example,exact,1.0
20070.mp4,20070,example,exact,1.0
20071.mp4,20071,example,exact,1.0
20072.mp4,20072,example,exact,1.0
20074.mp4,20074,example,exact,1.0
20077.mp4,20077,example,exact,1.0
20109.mp4,20109,except,exact,1.0
20110.mp4,20110,except,exact,1.0
20111.mp4,20111,except,exact,1.0
20113.mp4,20113,except,exact,1.0
20115.mp4,20115,except,exact,1.0
20139.mp4,20139,exchange,exact,1.0
20141.mp4,20141,exchange,exact,1.0
20142.mp4,20142,exchange,exact,1.0
20143.mp4,20143,exchange,exact,1.0
20145.mp4,20145,exchange,exact,1.0
20146.mp4,20146,exchange,exact,1.0
20147.mp4,20147,exchange,exact,1.0
20149.mp4,20149,exchange,exact,1.0
20153.mp4,20153,excited,exact,1.0
20154.mp4,20154,excited,exact,1.0
20157.mp4,20157,excited,exact,1.0
20158.mp4,20158,excited,exact,1.0
20162.mp4,20162,excited,exact,1.0
20198.mp4,20198,excuse,exact,1.0
20201.mp4,20201,excuse,exact,1.0
20226.mp4,20226,exercise,exact,1.0
20227.mp4,20227,exercise,exact,1.0
20229.mp4,20229,exercise,exact,1.0
20235.mp4,20235,exercise,exact,1.0
20256.mp4,20256,exhibit,exact,1.0
20257.mp4,20257,exhibit,exact,1.0
20260.mp4,20260,exhibit,exact,1.0
20262.mp4,20262,exhibit,exact,1.0
20313.mp4,20313,expand,exact,1.0
20315.mp4,20315,expand,exact,1.0
20318.mp4,20318,expand,exact,1.0
20322.mp4,20322,expand,exact,1.0
20334.mp4,20334,expect,exact,1.0
20335.mp4,20335,expect,exact,1.0
20336.mp4,20336,expect,exact,1.0
20337.mp4,20337,expect,exact,1.0
20339.mp4,20339,expect,exact,1.0
20342.mp4,20342,expect,exact,1.0
20363.mp4,20363,expensive,exact,1.0
20364.mp4,20364,expensive,exact,1.0
20365.mp4,20365,expensive,exact,1.0
20366.mp4,20366,expensive,exact,1.0
20367.mp4,20367,expensive,exact,1.0
20369.mp4,20369,expensive,exact,1.0
20370.mp4,20370,expensive,exact,1.0
20373.mp4,20373,expensive,exact,1.0
20378.mp4,20378,experience,exact,1.0
20379.mp4,20379,experience,exact,1.0
20380.mp4,20380,experience,exact,1.0
20381.mp4,20381,experience,exact,1.0
20383.mp4,20383,experience,exact,1.0
20386.mp4,20386,experience,exact,1.0
20390.mp4,20390,experiment,exact,1.0
20392.mp4,20392,experiment,exact,1.0
20393.mp4,20393,experiment,exact,1.0
20396.mp4,20396,experiment,exact,1.0
20401.mp4,20401,experiment,exact,1.0
20403.mp4,20403,expert,exact,1.0
20404.mp4,20404,expert,exact,1.0
20406.mp4,20406,expert,exact,1.0
20407.mp4,20407,expert,exact,1.0
20408.mp4,20408,expert,exact,1.0
20411.mp4,20411,expert,exact,1.0
20414.mp4,20414,expert,exact,1.0
20435.mp4,20435,explain,exact,1.0
20436.mp4,20436,explain,exact,1.0
20437.mp4,20437,explain,exact,1.0
20438.mp4,20438,explain,exact,1.0
20440.mp4,20440,explain,exact,1.0
20441.mp4,20441,explain,exact,1.0
20445.mp4,20445,explain,exact,1.0
20456.mp4,20456,explode,exact,1.0
20457.mp4,20457,explode,exact,1.0
20459.mp4,20459,explode,exact,1.0
20510.mp4,20510,express,exact,1.0
20511.mp4,20511,express,exact,1.0
20513.mp4,20513,express,exact,1.0
20622.mp4,20622,eyeglasses,exact,1.0
20623.mp4,20623,eyeglasses,exact,1.0
20629.mp4,20629,eyeglasses,exact,1.0
20631.mp4,20631,eyeglasses,exact,1.0
20632.mp4,20632,eye,exact,1.0
20633.mp4,20633,eye,exact,1.0
20634.mp4,20634,eye,exact,1.0
20636.mp4,20636,eye,exact,1.0
20661.mp4,20661,eyes,exact,1.0
20662.mp4,20662,eyes,exact,1.0
20665.mp4,20665,eyes,exact,1.0
20667.mp4,20667,eyes,exact,1.0
20699.mp4,20699,face,exact,1.0
20700.mp4,20700,face,exact,1.0
20701.mp4,20701,face,exact,1.0
20702.mp4,20702,face,exact,1.0
20706.mp4,20706,face,exact,1.0
20711.mp4,20711,face,exact,1.0
20737.mp4,20737,fact,exact,1.0
20739.mp4,20739,fact,exact,1.0
20740.mp4,20740,fact,exact,1.0
20741.mp4,20741,fact,exact,1.0
20746.mp4,20746,fact,exact,1.0
20766.mp4,20766,faculty,exact,1.0
20767.mp4,20767,faculty,exact,1.0
20768.mp4,20768,faculty,exact,1.0
20770.mp4,20770,faculty,exact,1.0
20793.mp4,20793,fail,exact,1.0
20794.mp4,20794,fail,exact,1.0
20795.mp4,20795,fail,exact,1.0
20797.mp4,20797,fail,exact,1.0
20801.mp4,20801,fail,exact,1.0
20836.mp4,20836,fairy,exact,1.0
20837.mp4,20837,fairy,exact,1.0
20838.mp4,20838,fairy,exact,1.0
20839.mp4,20839,fairy,exact,1.0
20861.mp4,20861,fake,exact,1.0
20862.mp4,20862,fake,exact,1.0
20868.mp4,20868,fake,exact,1.0
20869.mp4,20869,fake,exact,1.0
20872.mp4,20872,fake,exact,1.0
20922.mp4,20922,fall in love,exact,1.0
20923.mp4,20923,fall in love,exact,1.0
20924.mp4,20924,fall in love,exact,1.0
20925.mp4,20925,fall in love,exact,1.0
20928.mp4,20928,fall in love,exact,1.0
20967.mp4,20967,familiar,exact,1.0
20969.mp4,20969,familiar,exact,1.0
20973.mp4,20973,familiar,exact,1.0
20978.mp4,20978,family,exact,1.0
20979.mp4,20979,family,exact,1.0
20980.mp4,20980,family,exact,1.0
20981.mp4,20981,family,exact,1.0
20982.mp4,20982,family,exact,1.0
20983.mp4,20983,family,exact,1.0
20986.mp4,20986,family,exact,1.0
20987.mp4,20987,family,exact,1.0
20992.mp4,20992,family,exact,1.0
21009.mp4,21009,famous,exact,1.0
21010.mp4,21010,famous,exact,1.0
21011.mp4,21011,famous,exact,1.0
21013.mp4,21013,famous,exact,1.0
21015.mp4,21015,famous,exact,1.0
21023.mp4,21023,fancy,exact,1.0
21024.mp4,21024,fancy,exact,1.0
21026.mp4,21026,fancy,exact,1.0
21027.mp4,21027,fancy,exact,1.0
21030.mp4,21030,fancy,exact,1.0
21033.mp4,21033,fancy,exact,1.0
21069.mp4,21069,far,exact,1.0
21070.mp4,21070,far,exact,1.0
21071.mp4,21071,far,exact,1.0
21072.mp4,21072,far,exact,1.0
21073.mp4,21073,far,exact,1.0
21074.mp4,21074,far,exact,1.0
21075.mp4,21075,far,exact,1.0
21077.mp4,21077,far,exact,1.0
21078.mp4,21078,far,exact,1.0
21081.mp4,21081,far,exact,1.0
21086.mp4,21086,farmer,exact,1.0
21087.mp4,21087,farmer,exact,1.0
21089.mp4,21089,farmer,exact,1.0
21092.mp4,21092,farmer,exact,1.0
21096.mp4,21096,farm,exact,1.0
21099.mp4,21099,farm,exact,1.0
21100.mp4,21100,farm,exact,1.0
21101.mp4,21101,farm,exact,1.0
21103.mp4,21103,farm,exact,1.0
21106.mp4,21106,farm,exact,1.0
21168.mp4,21168,fast,exact,1.0
21169.mp4,21169,fast,exact,1.0
21172.mp4,21172,fast,exact,1.0
21175.mp4,21175,fast,exact,1.0
21182.mp4,21182,fast,exact,1.0
21187.mp4,21187,fast,exact,1.0
21204.mp4,21204,father,exact,1.0
21205.mp4,21205,father,exact,1.0
21207.mp4,21207,father,exact,1.0
21209.mp4,21209,father,exact,1.0
21212.mp4,21212,father,exact,1.0
21221.mp4,21221,father,exact,1.0
21231.mp4,21231,fat,exact,1.0
21233.mp4,21233,fat,exact,1.0
21234.mp4,21234,fat,exact,1.0
21236.mp4,21236,fat,exact,1.0
21237.mp4,21237,fat,exact,1.0
21241.mp4,21241,fat,exact,1.0
21242.mp4,21242,fat,exact,1.0
21243.mp4,21243,fat,exact,1.0
21252.mp4,21252,fat,exact,1.0
21273.mp4,21273,fault,exact,1.0
21274.mp4,21274,fault,exact,1.0
21275.mp4,21275,fault,exact,1.0
21276.mp4,21276,fault,exact,1.0
21280.mp4,21280,fault,exact,1.0
21281.mp4,21281,fault,exact,1.0
21282.mp4,21282,fault,exact,1.0
21283.mp4,21283,fault,exact,1.0
21286.mp4,21286,fault,exact,1.0
21303.mp4,21303,favorite,exact,1.0
21304.mp4,21304,favorite,exact,1.0
21309.mp4,21309,favorite,exact,1.0
21312.mp4,21312,favorite,exact,1.0
21324.mp4,21324,fear,exact,1.0
21325.mp4,21325,fear,exact,1.0
21327.mp4,21327,fear,exact,1.0
21328.mp4,21328,fear,exact,1.0
21334.mp4,21334,fear,exact,1.0
21356.mp4,21356,february,exact,1.0
21358.mp4,21358,february,exact,1.0
21360.mp4,21360,february,exact,1.0
21363.mp4,21363,february,exact,1.0
21370.mp4,21370,federal,exact,1.0
21371.mp4,21371,federal,exact,1.0
21373.mp4,21373,federal,exact,1.0
21376.mp4,21376,federal,exact,1.0
21395.mp4,21395,feedback,exact,1.0
21397.mp4,21397,feedback,exact,1.0
21398.mp4,21398,feedback,exact,1.0
21399.mp4,21399,feedback,exact,1.0
21405.mp4,21405,feedback,exact,1.0
21408.mp4,21408,feed,exact,1.0
21409.mp4,21409,feed,exact,1.0
21411.mp4,21411,feed,exact,1.0
21412.mp4,21412,feed,exact,1.0
21413.mp4,21413,feed,exact,1.0
21417.mp4,21417,feed,exact,1.0
21432.mp4,21432,feel,exact,1.0
21433.mp4,21433,feel,exact,1.0
21434.mp4,21434,feel,exact,1.0
21436.mp4,21436,feel,exact,1.0
21442.mp4,21442,feel,exact,1.0
21487.mp4,21487,fence,exact,1.0
21488.mp4,21488,fence,exact,1.0
21489.mp4,21489,fence,exact,1.0
21491.mp4,21491,fence,exact,1.0
21496.mp4,21496,fence,exact,1.0
21524.mp4,21524,festival,exact,1.0
21525.mp4,21525,festival,exact,1.0
21527.mp4,21527,festival,exact,1.0
21529.mp4,21529,festival,exact,1.0
21551.mp4,21551,few,exact,1.0
21552.mp4,21552,few,exact,1.0
21554.mp4,21554,few,exact,1.0
21557.mp4,21557,few,exact,1.0
21563.mp4,21563,few,exact,1.0
21568.mp4,21568,f,exact,1.0
21570.mp4,21570,f,exact,1.0
21572.mp4,21572,f,exact,1.0
21694.mp4,21694,fight,exact,1.0
21695.mp4,21695,fight,exact,1.0
21697.mp4,21697,fight,exact,1.0
21704.mp4,21704,fight,exact,1.0
21706.mp4,21706,fight,exact,1.0
21710.mp4,21710,fight,exact,1.0
21820.mp4,21820,final,exact,1.0
21821.mp4,21821,final,exact,1.0
21822.mp4,21822,final,exact,1.0
21824.mp4,21824,final,exact,1.0
21826.mp4,21826,final,exact,1.0
21829.mp4,21829,finally,exact,1.0
21830.mp4,21830,finally,exact,1.0
21831.mp4,21831,finally,exact,1.0
21832.mp4,21832,finally,exact,1.0
21833.mp4,21833,finally,exact,1.0
21835.mp4,21835,finally,exact,1.0
21836.mp4,21836,finally,exact,1.0
21838.mp4,21838,finance,exact,1.0
21839.mp4,21839,finance,exact,1.0
21841.mp4,21841,finance,exact,1.0
21843.mp4,21843,finance,exact,1.0
21852.mp4,21852,find,exact,1.0
21853.mp4,21853,find,exact,1.0
21854.mp4,21854,find,exact,1.0
21855.mp4,21855,find,exact,1.0
21858.mp4,21858,find,exact,1.0
21859.mp4,21859,find,exact,1.0
21863.mp4,21863,find,exact,1.0
21869.mp4,21869,fine,exact,1.0
21870.mp4,21870,fine,exact,1.0
21871.mp4,21871,fine,exact,1.0
21872.mp4,21872,fine,exact,1.0
21874.mp4,21874,fine,exact,1.0
21878.mp4,21878,fine,exact,1.0
21883.mp4,21883,fine,exact,1.0
21890.mp4,21890,fine,exact,1.0
21891.mp4,21891,fine,exact,1.0
21923.mp4,21923,fingerspell,exact,1.0
21925.mp4,21925,fingerspell,exact,1.0
21928.mp4,21928,fingerspell,exact,1.0
21941.mp4,21941,finish,exact,1.0
21942.mp4,21942,finish,exact,1.0
21943.mp4,21943,finish,exact,1.0
21944.mp4,21944,finish,exact,1.0
21945.mp4,21945,finish,exact,1.0
21949.mp4,21949,finish,exact,1.0
21950.mp4,21950,finish,exact,1.0
21951.mp4,21951,finish,exact,1.0
21993.mp4,21993,firefighter,exact,1.0
21994.mp4,21994,firefighter,exact,1.0
21999.mp4,21999,firefighter,exact,1.0
22003.mp4,22003,firefighter,exact,1.0
22010.mp4,22010,fire,exact,1.0
22015.mp4,22015,fire,exact,1.0
22019.mp4,22019,fire,exact,1.0
22085.mp4,22085,first,exact,1.0
22086.mp4,22086,first,exact,1.0
22087.mp4,22087,first,exact,1.0
22094.mp4,22094,first,exact,1.0
22095.mp4,22095,first,exact,1.0
22098.mp4,22098,first,exact,1.0
22113.mp4,22113,fish,exact,1.0
22114.mp4,22114,fish,exact,1.0
22115.mp4,22115,fish,exact,1.0
22116.mp4,22116,fish,exact,1.0
22117.mp4,22117,fish,exact,1.0
22120.mp4,22120,fish,exact,1.0
22121.mp4,22121,fish,exact,1.0
22130.mp4,22130,fish,exact,1.0
22132.mp4,22132,fishing,exact,1.0
22133.mp4,22133,fishing,exact,1.0
22134.mp4,22134,fishing,exact,1.0
22135.mp4,22135,fishing,exact,1.0
22141.mp4,22141,fishing,exact,1.0
22191.mp4,22191,five,exact,1.0
22192.mp4,22192,five,exact,1.0
22194.mp4,22194,five,exact,1.0
22238.mp4,22238,fix,exact,1.0
22239.mp4,22239,fix,exact,1.0
22240.mp4,22240,fix,exact,1.0
22247.mp4,22247,fix,exact,1.0
22251.mp4,22251,fix,exact,1.0
22272.mp4,22272,flag,exact,1.0
22273.mp4,22273,flag,exact,1.0
22274.mp4,22274,flag,exact,1.0
22276.mp4,22276,flag,exact,1.0
22280.mp4,22280,flag,exact,1.0
22357.mp4,22357,flatter,exact,1.0
22358.mp4,22358,flatter,exact,1.0
22359.mp4,22359,flatter,exact,1.0
22362.mp4,22362,flatter,exact,1.0
22409.mp4,22409,flexible,exact,1.0
22410.mp4,22410,flexible,exact,1.0
22411.mp4,22411,flexible,exact,1.0
22412.mp4,22412,flexible,exact,1.0
22413.mp4,22413,flexible,exact,1.0
22415.mp4,22415,flexible,exact,1.0
22416.mp4,22416,flexible,exact,1.0
22455.mp4,22455,flirt,exact,1.0
22456.mp4,22456,flirt,exact,1.0
22457.mp4,22457,flirt,exact,1.0
22459.mp4,22459,flirt,exact,1.0
22462.mp4,22462,flirt,exact,1.0
22481.mp4,22481,flood,exact,1.0
22483.mp4,22483,flood,exact,1.0
22485.mp4,22485,flood,exact,1.0
22489.mp4,22489,flood,exact,1.0
22492.mp4,22492,floor,exact,1.0
22493.mp4,22493,floor,exact,1.0
22494.mp4,22494,floor,exact,1.0
22495.mp4,22495,floor,exact,1.0
22499.mp4,22499,floor,exact,1.0
22502.mp4,22502,floor,exact,1.0
22510.mp4,22510,florida,exact,1.0
22511.mp4,22511,florida,exact,1.0
22512.mp4,22512,florida,exact,1.0
22514.mp4,22514,florida,exact,1.0
22548.mp4,22548,flower,exact,1.0
22549.mp4,22549,flower,exact,1.0
22550.mp4,22550,flower,exact,1.0
22551.mp4,22551,flower,exact,1.0
22553.mp4,22553,flower,exact,1.0
22558.mp4,22558,flower,exact,1.0
22610.mp4,22610,flute,exact,1.0
22611.mp4,22611,flute,exact,1.0
22612.mp4,22612,flute,exact,1.0
22614.mp4,22614,flute,exact,1.0
22615.mp4,22615,flute,exact,1.0
22627.mp4,22627,fly,exact,1.0
22635.mp4,22635,fly,exact,1.0
22636.mp4,22636,fly,exact,1.0
22640.mp4,22640,fly,exact,1.0
22643.mp4,22643,fly,exact,1.0
22645.mp4,22645,fly,exact,1.0
22646.mp4,22646,fly,exact,1.0
22694.mp4,22694,fold,exact,1.0
22695.mp4,22695,fold,exact,1.0
22696.mp4,22696,fold,exact,1.0
22700.mp4,22700,fold,exact,1.0
22702.mp4,22702,fold,exact,1.0
22715.mp4,22715,follow,exact,1.0
22716.mp4,22716,follow,exact,1.0
22717.mp4,22717,follow,exact,1.0
22718.mp4,22718,follow,exact,1.0
22720.mp4,22720,follow,exact,1.0
22721.mp4,22721,follow,exact,1.0
22723.mp4,22723,follow,exact,1.0
22743.mp4,22743,food,exact,1.0
22744.mp4,22744,food,exact,1.0
22745.mp4,22745,food,exact,1.0
22746.mp4,22746,food,exact,1.0
22748.mp4,22748,food,exact,1.0
22750.mp4,22750,food,exact,1.0
22772.mp4,22772,fool,exact,1.0
22774.mp4,22774,fool,exact,1.0
22780.mp4,22780,fool,exact,1.0
22783.mp4,22783,fool,exact,1.0
22802.mp4,22802,football,exact,1.0
22803.mp4,22803,football,exact,1.0
22804.mp4,22804,football,exact,1.0
22805.mp4,22805,football,exact,1.0
22806.mp4,22806,football,exact,1.0
22810.mp4,22810,football,exact,1.0
22818.mp4,22818,football,exact,1.0
22844.mp4,22844,forbid,exact,1.0
22846.mp4,22846,forbid,exact,1.0
22848.mp4,22848,forbid,exact,1.0
22911.mp4,22911,forest,exact,1.0
22912.mp4,22912,forest,exact,1.0
22913.mp4,22913,forest,exact,1.0
22914.mp4,22914,forest,exact,1.0
22917.mp4,22917,forest,exact,1.0
22920.mp4,22920,forest,exact,1.0
22926.mp4,22926,forever,exact,1.0
22927.mp4,22927,forever,exact,1.0
22928.mp4,22928,forever,exact,1.0
22929.mp4,22929,forever,exact,1.0
22930.mp4,22930,forever,exact,1.0
22952.mp4,22952,forget,exact,1.0
22953.mp4,22953,forget,exact,1.0
22954.mp4,22954,forget,exact,1.0
22955.mp4,22955,forget,exact,1.0
22960.mp4,22960,forget,exact,1.0
22967.mp4,22967,forget,exact,1.0
22974.mp4,22974,forgive,exact,1.0
22975.mp4,22975,forgive,exact,1.0
22976.mp4,22976,forgive,exact,1.0
22978.mp4,22978,forgive,exact,1.0
22980.mp4,22980,forgive,exact,1.0
22993.mp4,22993,for,exact,1.0
22994.mp4,22994,for,exact,1.0
22996.mp4,22996,for,exact,1.0
23000.mp4,23000,for,exact,1.0
23005.mp4,23005,fork,exact,1.0
23006.mp4,23006,fork,exact,1.0
23009.mp4,23009,fork,exact,1.0
23030.mp4,23030,former,exact,1.0
23031.mp4,23031,former,exact,1.0
23035.mp4,23035,former,exact,1.0
23038.mp4,23038,former,exact,1.0
23042.mp4,23042,form,exact,1.0
23043.mp4,23043,form,exact,1.0
23045.mp4,23045,form,exact,1.0
23046.mp4,23046,form,exact,1.0
23049.mp4,23049,form,exact,1.0
23050.mp4,23050,form,exact,1.0
23051.mp4,23051,form,exact,1.0
23055.mp4,23055,form,exact,1.0
23056.mp4,23056,form,exact,1.0
23199.mp4,23199,four,exact,1.0
23200.mp4,23200,four,exact,1.0
23202.mp4,23202,four,exact,1.0
23239.mp4,23239,fourth,exact,1.0
23240.mp4,23240,fourth,exact,1.0
23243.mp4,23243,fourth,exact,1.0
23246.mp4,23246,fourth,exact,1.0
23274.mp4,23274,fox,exact,1.0
23275.mp4,23275,fox,exact,1.0
23276.mp4,23276,fox,exact,1.0
23277.mp4,23277,fox,exact,1.0
23279.mp4,23279,fox,exact,1.0
23281.mp4,23281,fox,exact,1.0
23328.mp4,23328,france,exact,1.0
23330.mp4,23330,france,exact,1.0
23331.mp4,23331,france,exact,1.0
23335.mp4,23335,france,exact,1.0
23338.mp4,23338,france,exact,1.0
23407.mp4,23407,free,exact,1.0
23412.mp4,23412,free,exact,1.0
23416.mp4,23416,free,exact,1.0
23425.mp4,23425,freeway,exact,1.0
23427.mp4,23427,freeway,exact,1.0
23428.mp4,23428,freeway,exact,1.0
23434.mp4,23434,freeway,exact,1.0
23442.mp4,23442,freeze,exact,1.0
23443.mp4,23443,freeze,exact,1.0
23444.mp4,23444,freeze,exact,1.0
23445.mp4,23445,freeze,exact,1.0
23448.mp4,23448,freeze,exact,1.0
23451.mp4,23451,freeze,exact,1.0
23470.mp4,23470,french fries,exact,1.0
23471.mp4,23471,french fries,exact,1.0
23473.mp4,23473,french fries,exact,1.0
23474.mp4,23474,french fries,exact,1.0
23475.mp4,23475,french fries,exact,1.0
23479.mp4,23479,french,exact,1.0
23481.mp4,23481,french,exact,1.0
23482.mp4,23482,french,exact,1.0
23485.mp4,23485,french,exact,1.0
23489.mp4,23489,french,exact,1.0
23542.mp4,23542,friday,exact,1.0
23543.mp4,23543,friday,exact,1.0
23544.mp4,23544,friday,exact,1.0
23545.mp4,23545,friday,exact,1.0
23548.mp4,23548,friday,exact,1.0
23568.mp4,23568,friend,exact,1.0
23569.mp4,23569,friend,exact,1.0
23570.mp4,23570,friend,exact,1.0
23572.mp4,23572,friend,exact,1.0
23574.mp4,23574,friend,exact,1.0
23578.mp4,23578,friend,exact,1.0
23580.mp4,23580,friendly,exact,1.0
23581.mp4,23581,friendly,exact,1.0
23582.mp4,23582,friendly,exact,1.0
23583.mp4,23583,friendly,exact,1.0
23585.mp4,23585,friendly,exact,1.0
23589.mp4,23589,friendly,exact,1.0
23627.mp4,23627,frog,exact,1.0
23628.mp4,23628,frog,exact,1.0
23629.mp4,23629,frog,exact,1.0
23630.mp4,23630,frog,exact,1.0
23632.mp4,23632,frog,exact,1.0
23634.mp4,23634,frog,exact,1.0
23638.mp4,23638,from,exact,1.0
23639.mp4,23639,from,exact,1.0
23640.mp4,23640,from,exact,1.0
23642.mp4,23642,from,exact,1.0
23645.mp4,23645,from,exact,1.0
23646.mp4,23646,from now on,exact,1.0
23647.mp4,23647,from now on,exact,1.0
23648.mp4,23648,from now on,exact,1.0
23650.mp4,23650,from now on,exact,1.0
23652.mp4,23652,from now on,exact,1.0
23664.mp4,23664,front,exact,1.0
23665.mp4,23665,front,exact,1.0
23666.mp4,23666,front,exact,1.0
23667.mp4,23667,front,exact,1.0
23668.mp4,23668,front,exact,1.0
23670.mp4,23670,front,exact,1.0
23673.mp4,23673,front,exact,1.0
23701.mp4,23701,fruit,exact,1.0
23702.mp4,23702,fruit,exact,1.0
23703.mp4,23703,fruit,exact,1.0
23704.mp4,23704,fruit,exact,1.0
23705.mp4,23705,fruit,exact,1.0
23709.mp4,23709,fruit,exact,1.0
23766.mp4,23766,full,exact,1.0
23767.mp4,23767,full,exact,1.0
23768.mp4,23768,full,exact,1.0
23769.mp4,23769,full,exact,1.0
23771.mp4,23771,full,exact,1.0
23774.mp4,23774,full,exact,1.0
23775.mp4,23775,full,exact,1.0
23776.mp4,23776,full,exact,1.0
23782.mp4,23782,full,exact,1.0
23802.mp4,23802,function,exact,1.0
23804.mp4,23804,function,exact,1.0
23805.mp4,23805,function,exact,1.0
23806.mp4,23806,function,exact,1.0
23808.mp4,23808,function,exact,1.0
23811.mp4,23811,function,exact,1.0
23840.mp4,23840,funeral,exact,1.0
23841.mp4,23841,funeral,exact,1.0
23842.mp4,23842,funeral,exact,1.0
23844.mp4,23844,funeral,exact,1.0
23847.mp4,23847,funeral,exact,1.0
23851.mp4,23851,fun,exact,1.0
23852.mp4,23852,fun,exact,1.0
23853.mp4,23853,fun,exact,1.0
23857.mp4,23857,fun,exact,1.0
23859.mp4,23859,fun,exact,1.0
23868.mp4,23868,funny,exact,1.0
23869.mp4,23869,funny,exact,1.0
23870.mp4,23870,funny,exact,1.0
23873.mp4,23873,funny,exact,1.0
23878.mp4,23878,funny,exact,1.0
23902.mp4,23902,furniture,exact,1.0
23907.mp4,23907,furniture,exact,1.0
23913.mp4,23913,furniture,exact,1.0
23946.mp4,23946,future,exact,1.0
23947.mp4,23947,future,exact,1.0
23948.mp4,23948,future,exact,1.0
23951.mp4,23951,future,exact,1.0
23952.mp4,23952,future,exact,1.0
23953.mp4,23953,future,exact,1.0
23956.mp4,23956,future,exact,1.0
23987.mp4,23987,gallaudet,exact,1.0
23990.mp4,23990,gallaudet,exact,1.0
23993.mp4,23993,gallaudet,exact,1.0
24014.mp4,24014,gamble,exact,1.0
24015.mp4,24015,gamble,exact,1.0
24016.mp4,24016,gamble,exact,1.0
24019.mp4,24019,gamble,exact,1.0
24022.mp4,24022,gamble,exact,1.0
24025.mp4,24025,game,exact,1.0
24026.mp4,24026,game,exact,1.0
24027.mp4,24027,game,exact,1.0
24029.mp4,24029,game,exact,1.0
24033.mp4,24033,game,exact,1.0
24043.mp4,24043,gang,exact,1.0
24044.mp4,24044,gang,exact,1.0
24046.mp4,24046,gang,exact,1.0
24048.mp4,24048,gang,exact,1.0
24057.mp4,24057,garage,exact,1.0
24059.mp4,24059,garage,exact,1.0
24063.mp4,24063,garage,exact,1.0
24119.mp4,24119,gas,exact,1.0
24120.mp4,24120,gas,exact,1.0
24121.mp4,24121,gas,exact,1.0
24122.mp4,24122,gas,exact,1.0
24125.mp4,24125,gas,exact,1.0
24127.mp4,24127,gas,exact,1.0
24130.mp4,24130,gasoline,exact,1.0
24131.mp4,24131,gasoline,exact,1.0
24136.mp4,24136,gasoline,exact,1.0
24139.mp4,24139,gasoline,exact,1.0
24166.mp4,24166,gather,exact,1.0
24167.mp4,24167,gather,exact,1.0
24171.mp4,24171,gather,exact,1.0
24174.mp4,24174,gather,exact,1.0
24176.mp4,24176,gather,exact,1.0
24194.mp4,24194,gay,exact,1.0
24195.mp4,24195,gay,exact,1.0
24203.mp4,24203,gay,exact,1.0
24249.mp4,24249,general,exact,1.0
24250.mp4,24250,general,exact,1.0
24251.mp4,24251,general,exact,1.0
24253.mp4,24253,general,exact,1.0
24258.mp4,24258,general,exact,1.0
24259.mp4,24259,general,exact,1.0
24268.mp4,24268,generation,exact,1.0
24269.mp4,24269,generation,exact,1.0
24271.mp4,24271,generation,exact,1.0
24274.mp4,24274,generation,exact,1.0
24329.mp4,24329,geography,exact,1.0
24330.mp4,24330,geography,exact,1.0
24331.mp4,24331,geography,exact,1.0
24332.mp4,24332,geography,exact,1.0
24334.mp4,24334,geography,exact,1.0
24335.mp4,24335,geography,exact,1.0
24337.mp4,24337,geography,exact,1.0
24343.mp4,24343,geometry,exact,1.0
24344.mp4,24344,geometry,exact,1.0
24345.mp4,24345,geometry,exact,1.0
24347.mp4,24347,geometry,exact,1.0
24349.mp4,24349,geometry,exact,1.0
24367.mp4,24367,german,exact,1.0
24368.mp4,24368,german,exact,1.0
24370.mp4,24370,german,exact,1.0
24372.mp4,24372,german,exact,1.0
24375.mp4,24375,german,exact,1.0
24378.mp4,24378,germany,exact,1.0
24379.mp4,24379,germany,exact,1.0
24381.mp4,24381,germany,exact,1.0
24382.mp4,24382,germany,exact,1.0
24385.mp4,24385,germany,exact,1.0
24438.mp4,24438,get,exact,1.0
24439.mp4,24439,get,exact,1.0
24440.mp4,24440,get,exact,1.0
24443.mp4,24443,get,exact,1.0
24447.mp4,24447,get,exact,1.0
24498.mp4,24498,get up,exact,1.0
24499.mp4,24499,get up,exact,1.0
24500.mp4,24500,get up,exact,1.0
24502.mp4,24502,get up,exact,1.0
24503.mp4,24503,get up,exact,1.0
24515.mp4,24515,ghost,exact,1.0
24516.mp4,24516,ghost,exact,1.0
24518.mp4,24518,ghost,exact,1.0
24519.mp4,24519,ghost,exact,1.0
24522.mp4,24522,ghost,exact,1.0
24523.mp4,24523,g,exact,1.0
24525.mp4,24525,g,exact,1.0
24527.mp4,24527,g,exact,1.0
24547.mp4,24547,gift,exact,1.0
24548.mp4,24548,gift,exact,1.0
24553.mp4,24553,gift,exact,1.0
24555.mp4,24555,gift,exact,1.0
24581.mp4,24581,giraffe,exact,1.0
24582.mp4,24582,giraffe,exact,1.0
24583.mp4,24583,giraffe,exact,1.0
24584.mp4,24584,giraffe,exact,1.0
24586.mp4,24586,giraffe,exact,1.0
24589.mp4,24589,giraffe,exact,1.0
24592.mp4,24592,girlfriend,exact,1.0
24594.mp4,24594,girlfriend,exact,1.0
24596.mp4,24596,girlfriend,exact,1.0
24598.mp4,24598,girlfriend,exact,1.0
24604.mp4,24604,girlfriend,exact,1.0
24605.mp4,24605,girl,exact,1.0
24606.mp4,24606,girl,exact,1.0
24607.mp4,24607,girl,exact,1.0
24608.mp4,24608,girl,exact,1.0
24609.mp4,24609,girl,exact,1.0
24611.mp4,24611,girl,exact,1.0
24614.mp4,24614,girl,exact,1.0
24636.mp4,24636,give,exact,1.0
24638.mp4,24638,give,exact,1.0
24639.mp4,24639,give,exact,1.0
24640.mp4,24640,give,exact,1.0
24641.mp4,24641,give,exact,1.0
24648.mp4,24648,give,exact,1.0
24649.mp4,24649,give,exact,1.0
24651.mp4,24651,give,exact,1.0
24660.mp4,24660,give,exact,1.0
24680.mp4,24680,give up,exact,1.0
24681.mp4,24681,give up,exact,1.0
24682.mp4,24682,give up,exact,1.0
24685.mp4,24685,give up,exact,1.0
24687.mp4,24687,give up,exact,1.0
24720.mp4,24720,glasses,exact,1.0
24721.mp4,24721,glasses,exact,1.0
24722.mp4,24722,glasses,exact,1.0
24724.mp4,24724,glasses,exact,1.0
24725.mp4,24725,glasses,exact,1.0
24726.mp4,24726,glasses,exact,1.0
24728.mp4,24728,glasses,exact,1.0
24732.mp4,24732,glasses,exact,1.0
24734.mp4,24734,glass,exact,1.0
24735.mp4,24735,glass,exact,1.0
24736.mp4,24736,glass,exact,1.0
24741.mp4,24741,glass,exact,1.0
24746.mp4,24746,glass,exact,1.0
24822.mp4,24822,gloves,exact,1.0
24824.mp4,24824,gloves,exact,1.0
24868.mp4,24868,goal,exact,1.0
24869.mp4,24869,goal,exact,1.0
24870.mp4,24870,goal,exact,1.0
24872.mp4,24872,goal,exact,1.0
24875.mp4,24875,goal,exact,1.0
24881.mp4,24881,goal,exact,1.0
24888.mp4,24888,goat,exact,1.0
24889.mp4,24889,goat,exact,1.0
24890.mp4,24890,goat,exact,1.0
24892.mp4,24892,goat,exact,1.0
24895.mp4,24895,goat,exact,1.0
24914.mp4,24914,god,exact,1.0
24915.mp4,24915,god,exact,1.0
24916.mp4,24916,god,exact,1.0
24917.mp4,24917,god,exact,1.0
24919.mp4,24919,god,exact,1.0
24922.mp4,24922,god,exact,1.0
24940.mp4,24940,go,exact,1.0
24941.mp4,24941,go,exact,1.0
24943.mp4,24943,go,exact,1.0
24946.mp4,24946,go,exact,1.0
24947.mp4,24947,go,exact,1.0
24952.mp4,24952,go,exact,1.0
24954.mp4,24954,go,exact,1.0
24955.mp4,24955,go,exact,1.0
24956.mp4,24956,go,exact,1.0
24960.mp4,24960,go,exact,1.0
24961.mp4,24961,go,exact,1.0
24962.mp4,24962,go,exact,1.0
24973.mp4,24973,go,exact,1.0
24989.mp4,24989,gold,exact,1.0
24990.mp4,24990,gold,exact,1.0
24991.mp4,24991,gold,exact,1.0
24996.mp4,24996,gold,exact,1.0
25011.mp4,25011,golf,exact,1.0
25012.mp4,25012,golf,exact,1.0
25013.mp4,25013,golf,exact,1.0
25014.mp4,25014,golf,exact,1.0
25015.mp4,25015,golf,exact,1.0
25017.mp4,25017,golf,exact,1.0
25025.mp4,25025,gone,exact,1.0
25026.mp4,25026,gone,exact,1.0
25028.mp4,25028,gone,exact,1.0
25033.mp4,25033,gone,exact,1.0
25044.mp4,25044,goodbye,exact,1.0
25049.mp4,25049,goodbye,exact,1.0
25051.mp4,25051,goodbye,exact,1.0
25052.mp4,25052,goodbye,exact,1.0
25055.mp4,25055,goodbye,exact,1.0
25066.mp4,25066,good,exact,1.0
25067.mp4,25067,good,exact,1.0
25068.mp4,25068,good,exact,1.0
25069.mp4,25069,good,exact,1.0
25070.mp4,25070,good,exact,1.0
25072.mp4,25072,good,exact,1.0
25073.mp4,25073,good,exact,1.0
25076.mp4,25076,good,exact,1.0
25167.mp4,25167,gorilla,exact,1.0
25168.mp4,25168,gorilla,exact,1.0
25171.mp4,25171,gorilla,exact,1.0
25174.mp4,25174,gorilla,exact,1.0
25183.mp4,25183,gossip,exact,1.0
25184.mp4,25184,gossip,exact,1.0
25185.mp4,25185,gossip,exact,1.0
25186.mp4,25186,gossip,exact,1.0
25188.mp4,25188,gossip,exact,1.0
25191.mp4,25191,gossip,exact,1.0
25241.mp4,25241,government,exact,1.0
25242.mp4,25242,government,exact,1.0
25243.mp4,25243,government,exact,1.0
25244.mp4,25244,government,exact,1.0
25245.mp4,25245,government,exact,1.0
25246.mp4,25246,government,exact,1.0
25247.mp4,25247,government,exact,1.0
25250.mp4,25250,government,exact,1.0
25253.mp4,25253,government,exact,1.0
25279.mp4,25279,grab,exact,1.0
25280.mp4,25280,grab,exact,1.0
25282.mp4,25282,grab,exact,1.0
25321.mp4,25321,graduate,exact,1.0
25322.mp4,25322,graduate,exact,1.0
25323.mp4,25323,graduate,exact,1.0
25324.mp4,25324,graduate,exact,1.0
25325.mp4,25325,graduate,exact,1.0
25326.mp4,25326,graduate,exact,1.0
25329.mp4,25329,graduate,exact,1.0
25330.mp4,25330,graduate,exact,1.0
25339.mp4,25339,graduate,exact,1.0
25350.mp4,25350,graduation,exact,1.0
25351.mp4,25351,graduation,exact,1.0
25353.mp4,25353,graduation,exact,1.0
25354.mp4,25354,graduation,exact,1.0
25356.mp4,25356,graduation,exact,1.0
25371.mp4,25371,grammar,exact,1.0
25372.mp4,25372,grammar,exact,1.0
25373.mp4,25373,grammar,exact,1.0
25374.mp4,25374,grammar,exact,1.0
25375.mp4,25375,grammar,exact,1.0
25377.mp4,25377,grammar,exact,1.0
25378.mp4,25378,grammar,exact,1.0
25380.mp4,25380,grammar,exact,1.0
25406.mp4,25406,grandfather,exact,1.0
25407.mp4,25407,grandfather,exact,1.0
25408.mp4,25408,grandfather,exact,1.0
25409.mp4,25409,grandfather,exact,1.0
25411.mp4,25411,grandfather,exact,1.0
25413.mp4,25413,grandfather,exact,1.0
25422.mp4,25422,grandma,exact,1.0
25423.mp4,25423,grandma,exact,1.0
25427.mp4,25427,grandma,exact,1.0
25429.mp4,25429,grandmother,exact,1.0
25430.mp4,25430,grandmother,exact,1.0
25431.mp4,25431,grandmother,exact,1.0
25432.mp4,25432,grandmother,exact,1.0
25434.mp4,25434,grandmother,exact,1.0
25436.mp4,25436,grandmother,exact,1.0
25482.mp4,25482,grapes,exact,1.0
25483.mp4,25483,grapes,exact,1.0
25484.mp4,25484,grapes,exact,1.0
25485.mp4,25485,grapes,exact,1.0
25486.mp4,25486,grapes,exact,1.0
25488.mp4,25488,grapes,exact,1.0
25508.mp4,25508,grass,exact,1.0
25509.mp4,25509,grass,exact,1.0
25511.mp4,25511,grass,exact,1.0
25515.mp4,25515,grass,exact,1.0
25522.mp4,25522,grateful,exact,1.0
25524.mp4,25524,grateful,exact,1.0
25526.mp4,25526,grateful,exact,1.0
25527.mp4,25527,grateful,exact,1.0
25528.mp4,25528,grateful,exact,1.0
25570.mp4,25570,gray,exact,1.0
25572.mp4,25572,gray,exact,1.0
25573.mp4,25573,gray,exact,1.0
25576.mp4,25576,gray,exact,1.0
25578.mp4,25578,gray,exact,1.0
25621.mp4,25621,great,exact,1.0
25622.mp4,25622,great,exact,1.0
25623.mp4,25623,great,exact,1.0
25624.mp4,25624,great,exact,1.0
25625.mp4,25625,great,exact,1.0
25627.mp4,25627,great,exact,1.0
25631.mp4,25631,great,exact,1.0
25637.mp4,25637,great,exact,1.0
25642.mp4,25642,greece,exact,1.0
25644.mp4,25644,greece,exact,1.0
25645.mp4,25645,greece,exact,1.0
25647.mp4,25647,greece,exact,1.0
25648.mp4,25648,greece,exact,1.0
25651.mp4,25651,greece,exact,1.0
25685.mp4,25685,green,exact,1.0
25686.mp4,25686,green,exact,1.0
25687.mp4,25687,green,exact,1.0
25689.mp4,25689,green,exact,1.0
25695.mp4,25695,green,exact,1.0
25714.mp4,25714,grey,exact,1.0
25721.mp4,25721,grey,exact,1.0
25823.mp4,25823,group,exact,1.0
25824.mp4,25824,group,exact,1.0
25825.mp4,25825,group,exact,1.0
25826.mp4,25826,group,exact,1.0
25829.mp4,25829,group,exact,1.0
25832.mp4,25832,group,exact,1.0
25844.mp4,25844,grow,exact,1.0
25846.mp4,25846,grow,exact,1.0
25847.mp4,25847,grow,exact,1.0
25850.mp4,25850,grow,exact,1.0
25852.mp4,25852,grow,exact,1.0
25871.mp4,25871,grow up,exact,1.0
25874.mp4,25874,grow up,exact,1.0
25876.mp4,25876,grow up,exact,1.0
25917.mp4,25917,guess,exact,1.0
25918.mp4,25918,guess,exact,1.0
25920.mp4,25920,guess,exact,1.0
25922.mp4,25922,guess,exact,1.0
25926.mp4,25926,guess,exact,1.0
25941.mp4,25941,guide,exact,1.0
25942.mp4,25942,guide,exact,1.0
25945.mp4,25945,guide,exact,1.0
25946.mp4,25946,guide,exact,1.0
25948.mp4,25948,guide,exact,1.0
25960.mp4,25960,guilty,exact,1.0
25961.mp4,25961,guilty,exact,1.0
25962.mp4,25962,guilty,exact,1.0
25966.mp4,25966,guilty,exact,1.0
25967.mp4,25967,guilty,exact,1.0
25976.mp4,25976,guitar,exact,1.0
25977.mp4,25977,guitar,exact,1.0
25978.mp4,25978,guitar,exact,1.0
25979.mp4,25979,guitar,exact,1.0
25982.mp4,25982,guitar,exact,1.0
25984.mp4,25984,guitar,exact,1.0
26002.mp4,26002,gum,exact,1.0
26003.mp4,26003,gum,exact,1.0
26004.mp4,26004,gum,exact,1.0
26006.mp4,26006,gum,exact,1.0
26009.mp4,26009,gum,exact,1.0
26012.mp4,26012,gun,exact,1.0
26013.mp4,26013,gun,exact,1.0
26016.mp4,26016,gun,exact,1.0
26018.mp4,26018,gun,exact,1.0
26062.mp4,26062,gymnastics,exact,1.0
26063.mp4,26063,gymnastics,exact,1.0
26067.mp4,26067,gymnastics,exact,1.0
26069.mp4,26069,gymnastics,exact,1.0
26082.mp4,26082,habit,exact,1.0
26083.mp4,26083,habit,exact,1.0
26086.mp4,26086,habit,exact,1.0
26089.mp4,26089,habit,exact,1.0
26136.mp4,26136,haircut,exact,1.0
26139.mp4,26139,haircut,exact,1.0
26142.mp4,26142,haircut,exact,1.0
26157.mp4,26157,hair,exact,1.0
26158.mp4,26158,hair,exact,1.0
26159.mp4,26159,hair,exact,1.0
26162.mp4,26162,hair,exact,1.0
26163.mp4,26163,hair,exact,1.0
26166.mp4,26166,hair,exact,1.0
26173.mp4,26173,hair,exact,1.0
26174.mp4,26174,hair,exact,1.0
26214.mp4,26214,half,exact,1.0
26215.mp4,26215,half,exact,1.0
26216.mp4,26216,half,exact,1.0
26220.mp4,26220,half,exact,1.0
26224.mp4,26224,half,exact,1.0
26251.mp4,26251,halloween,exact,1.0
26252.mp4,26252,halloween,exact,1.0
26253.mp4,26253,halloween,exact,1.0
26254.mp4,26254,halloween,exact,1.0
26255.mp4,26255,halloween,exact,1.0
26259.mp4,26259,halloween,exact,1.0
26262.mp4,26262,halloween,exact,1.0
26295.mp4,26295,hamburger,exact,1.0
26296.mp4,26296,hamburger,exact,1.0
26297.mp4,26297,hamburger,exact,1.0
26298.mp4,26298,hamburger,exact,1.0
26300.mp4,26300,hamburger,exact,1.0
26303.mp4,26303,hamburger,exact,1.0
26313.mp4,26313,hammer,exact,1.0
26314.mp4,26314,hammer,exact,1.0
26315.mp4,26315,hammer,exact,1.0
26317.mp4,26317,hammer,exact,1.0
26326.mp4,26326,hammer,exact,1.0
26463.mp4,26463,hang up,exact,1.0
26464.mp4,26464,hang up,exact,1.0
26472.mp4,26472,hang up,exact,1.0
26483.mp4,26483,hanukkah,exact,1.0
26484.mp4,26484,hanukkah,exact,1.0
26485.mp4,26485,hanukkah,exact,1.0
26487.mp4,26487,hanukkah,exact,1.0
26494.mp4,26494,happen,exact,1.0
26495.mp4,26495,happen,exact,1.0
26496.mp4,26496,happen,exact,1.0
26497.mp4,26497,happen,exact,1.0
26499.mp4,26499,happen,exact,1.0
26503.mp4,26503,happen,exact,1.0
26524.mp4,26524,happy,exact,1.0
26525.mp4,26525,happy,exact,1.0
26526.mp4,26526,happy,exact,1.0
26527.mp4,26527,happy,exact,1.0
26530.mp4,26530,happy,exact,1.0
26531.mp4,26531,happy,exact,1.0
26532.mp4,26532,happy,exact,1.0
26537.mp4,26537,happy,exact,1.0
26568.mp4,26568,hard,exact,1.0
26569.mp4,26569,hard,exact,1.0
26570.mp4,26570,hard,exact,1.0
26573.mp4,26573,hard,exact,1.0
26574.mp4,26574,hard,exact,1.0
26585.mp4,26585,hard of hearing,exact,1.0
26586.mp4,26586,hard of hearing,exact,1.0
26587.mp4,26587,hard of hearing,exact,1.0
26591.mp4,26591,hard of hearing,exact,1.0
26593.mp4,26593,hard of hearing,exact,1.0
26698.mp4,26698,hate,exact,1.0
26701.mp4,26701,hate,exact,1.0
26706.mp4,26706,hate,exact,1.0
26710.mp4,26710,hate,exact,1.0
26712.mp4,26712,hat,exact,1.0
26713.mp4,26713,hat,exact,1.0
26714.mp4,26714,hat,exact,1.0
26715.mp4,26715,hat,exact,1.0
26717.mp4,26717,hat,exact,1.0
26719.mp4,26719,hat,exact,1.0
26739.mp4,26739,hat,exact,1.0
26741.mp4,26741,hat,exact,1.0
26766.mp4,26766,have,exact,1.0
26767.mp4,26767,have,exact,1.0
26768.mp4,26768,have,exact,1.0
26773.mp4,26773,have,exact,1.0
26779.mp4,26779,have,exact,1.0
26799.mp4,26799,hawaii,exact,1.0
26800.mp4,26800,hawaii,exact,1.0
26801.mp4,26801,hawaii,exact,1.0
26802.mp4,26802,hawaii,exact,1.0
26806.mp4,26806,hawaii,exact,1.0
26807.mp4,26807,hawaii,exact,1.0
26810.mp4,26810,hawaii,exact,1.0
26833.mp4,26833,headache,exact,1.0
26834.mp4,26834,headache,exact,1.0
26835.mp4,26835,headache,exact,1.0
26836.mp4,26836,headache,exact,1.0
26837.mp4,26837,headache,exact,1.0
26839.mp4,26839,headache,exact,1.0
26840.mp4,26840,headache,exact,1.0
26846.mp4,26846,headache,exact,1.0
26852.mp4,26852,head,exact,1.0
26853.mp4,26853,head,exact,1.0
26854.mp4,26854,head,exact,1.0
26856.mp4,26856,head,exact,1.0
26860.mp4,26860,head,exact,1.0
26914.mp4,26914,health,exact,1.0
26915.mp4,26915,health,exact,1.0
26916.mp4,26916,health,exact,1.0
26917.mp4,26917,health,exact,1.0
26919.mp4,26919,health,exact,1.0
26921.mp4,26921,health,exact,1.0
26931.mp4,26931,heap,exact,1.0
26932.mp4,26932,heap,exact,1.0
26935.mp4,26935,heap,exact,1.0
26937.mp4,26937,heap,exact,1.0
26942.mp4,26942,hear,exact,1.0
26943.mp4,26943,hear,exact,1.0
26944.mp4,26944,hear,exact,1.0
26945.mp4,26945,hear,exact,1.0
26946.mp4,26946,hear,exact,1.0
26950.mp4,26950,hear,exact,1.0
26951.mp4,26951,hear,exact,1.0
26952.mp4,26952,hear,exact,1.0
26956.mp4,26956,hear,exact,1.0
26959.mp4,26959,hearing aid,exact,1.0
26960.mp4,26960,hearing aid,exact,1.0
26962.mp4,26962,hearing aid,exact,1.0
26965.mp4,26965,hearing aid,exact,1.0
26971.mp4,26971,hearing,exact,1.0
26972.mp4,26972,hearing,exact,1.0
26973.mp4,26973,hearing,exact,1.0
26974.mp4,26974,hearing,exact,1.0
26975.mp4,26975,hearing,exact,1.0
26976.mp4,26976,hearing,exact,1.0
26980.mp4,26980,hearing,exact,1.0
27018.mp4,27018,heart attack,exact,1.0
27019.mp4,27019,heart attack,exact,1.0
27020.mp4,27020,heart attack,exact,1.0
27022.mp4,27022,heart attack,exact,1.0
27023.mp4,27023,heart attack,exact,1.0
27042.mp4,27042,heart,exact,1.0
27043.mp4,27043,heart,exact,1.0
27044.mp4,27044,heart,exact,1.0
27046.mp4,27046,heart,exact,1.0
27050.mp4,27050,heart,exact,1.0
27051.mp4,27051,heart,exact,1.0
27056.mp4,27056,heart,exact,1.0
27057.mp4,27057,heart,exact,1.0
27078.mp4,27078,heaven,exact,1.0
27079.mp4,27079,heaven,exact,1.0
27082.mp4,27082,heaven,exact,1.0
27087.mp4,27087,heaven,exact,1.0
27095.mp4,27095,heavy,exact,1.0
27096.mp4,27096,heavy,exact,1.0
27097.mp4,27097,heavy,exact,1.0
27099.mp4,27099,heavy,exact,1.0
27102.mp4,27102,heavy,exact,1.0
27151.mp4,27151,helicopter,exact,1.0
27152.mp4,27152,helicopter,exact,1.0
27153.mp4,27153,helicopter,exact,1.0
27154.mp4,27154,helicopter,exact,1.0
27155.mp4,27155,helicopter,exact,1.0
27157.mp4,27157,helicopter,exact,1.0
27159.mp4,27159,helicopter,exact,1.0
27172.mp4,27172,hello,exact,1.0
27173.mp4,27173,hello,exact,1.0
27177.mp4,27177,hello,exact,1.0
27184.mp4,27184,hello,exact,1.0
27186.mp4,27186,helmet,exact,1.0
27187.mp4,27187,helmet,exact,1.0
27188.mp4,27188,helmet,exact,1.0
27190.mp4,27190,helmet,exact,1.0
27192.mp4,27192,helmet,exact,1.0
27206.mp4,27206,help,exact,1.0
27207.mp4,27207,help,exact,1.0
27208.mp4,27208,help,exact,1.0
27209.mp4,27209,help,exact,1.0
27213.mp4,27213,help,exact,1.0
27214.mp4,27214,help,exact,1.0
27215.mp4,27215,help,exact,1.0
27216.mp4,27216,help,exact,1.0
27217.mp4,27217,help,exact,1.0
27221.mp4,27221,help,exact,1.0
27263.mp4,27263,here,exact,1.0
27264.mp4,27264,here,exact,1.0
27265.mp4,27265,here,exact,1.0
27268.mp4,27268,here,exact,1.0
27273.mp4,27273,here,exact,1.0
27274.mp4,27274,her,exact,1.0
27275.mp4,27275,her,exact,1.0
27279.mp4,27279,her,exact,1.0
27280.mp4,27280,her,exact,1.0
27281.mp4,27281,her,exact,1.0
27282.mp4,27282,her,exact,1.0
27284.mp4,27284,her,exact,1.0
27285.mp4,27285,her,exact,1.0
27313.mp4,27313,herself,exact,1.0
27314.mp4,27314,herself,exact,1.0
27315.mp4,27315,herself,exact,1.0
27316.mp4,27316,herself,exact,1.0
27319.mp4,27319,herself,exact,1.0
27321.mp4,27321,herself,exact,1.0
27322.mp4,27322,herself,exact,1.0
27355.mp4,27355,h,exact,1.0
27357.mp4,27357,h,exact,1.0
27359.mp4,27359,h,exact,1.0
27375.mp4,27375,hide,exact,1.0
27376.mp4,27376,hide,exact,1.0
27377.mp4,27377,hide,exact,1.0
27379.mp4,27379,hide,exact,1.0
27382.mp4,27382,hide,exact,1.0
27406.mp4,27406,high,exact,1.0
27407.mp4,27407,high,exact,1.0
27408.mp4,27408,high,exact,1.0
27412.mp4,27412,high,exact,1.0
27417.mp4,27417,high,exact,1.0
27434.mp4,27434,high school,exact,1.0
27436.mp4,27436,high school,exact,1.0
27439.mp4,27439,high school,exact,1.0
27441.mp4,27441,high school,exact,1.0
27445.mp4,27445,highway,exact,1.0
27446.mp4,27446,highway,exact,1.0
27448.mp4,27448,highway,exact,1.0
27450.mp4,27450,highway,exact,1.0
27451.mp4,27451,highway,exact,1.0
27452.mp4,27452,highway,exact,1.0
27456.mp4,27456,highway,exact,1.0
27486.mp4,27486,hill,exact,1.0
27487.mp4,27487,hill,exact,1.0
27492.mp4,27492,hill,exact,1.0
27534.mp4,27534,hippopotamus,exact,1.0
27535.mp4,27535,hippopotamus,exact,1.0
27542.mp4,27542,hippopotamus,exact,1.0
27553.mp4,27553,his,exact,1.0
27556.mp4,27556,his,exact,1.0
27557.mp4,27557,his,exact,1.0
27559.mp4,27559,his,exact,1.0
27569.mp4,27569,history,exact,1.0
27570.mp4,27570,history,exact,1.0
27571.mp4,27571,history,exact,1.0
27572.mp4,27572,history,exact,1.0
27573.mp4,27573,history,exact,1.0
27575.mp4,27575,history,exact,1.0
27579.mp4,27579,history,exact,1.0
27591.mp4,27591,hit,exact,1.0
27592.mp4,27592,hit,exact,1.0
27593.mp4,27593,hit,exact,1.0
27595.mp4,27595,hit,exact,1.0
27596.mp4,27596,hit,exact,1.0
27604.mp4,27604,hit,exact,1.0
27633.mp4,27633,hockey,exact,1.0
27634.mp4,27634,hockey,exact,1.0
27635.mp4,27635,hockey,exact,1.0
27637.mp4,27637,hockey,exact,1.0
27659.mp4,27659,hold,exact,1.0
27661.mp4,27661,hold,exact,1.0
27662.mp4,27662,hold,exact,1.0
27665.mp4,27665,hold,exact,1.0
27666.mp4,27666,hold,exact,1.0
27744.mp4,27744,holy,exact,1.0
27745.mp4,27745,holy,exact,1.0
27746.mp4,27746,holy,exact,1.0
27748.mp4,27748,holy,exact,1.0
27754.mp4,27754,holy,exact,1.0
27765.mp4,27765,home,exact,1.0
27766.mp4,27766,home,exact,1.0
27767.mp4,27767,home,exact,1.0
27768.mp4,27768,home,exact,1.0
27770.mp4,27770,home,exact,1.0
27775.mp4,27775,home,exact,1.0
27789.mp4,27789,homework,exact,1.0
27790.mp4,27790,homework,exact,1.0
27793.mp4,27793,homework,exact,1.0
27796.mp4,27796,homework,exact,1.0
27801.mp4,27801,homework,exact,1.0
27823.mp4,27823,honest,exact,1.0
27824.mp4,27824,honest,exact,1.0
27826.mp4,27826,honest,exact,1.0
27827.mp4,27827,honest,exact,1.0
27829.mp4,27829,honest,exact,1.0
27840.mp4,27840,honey,exact,1.0
27841.mp4,27841,honey,exact,1.0
27850.mp4,27850,honey,exact,1.0
27874.mp4,27874,honor,exact,1.0
27875.mp4,27875,honor,exact,1.0
27876.mp4,27876,honor,exact,1.0
27879.mp4,27879,honor,exact,1.0
27880.mp4,27880,honor,exact,1.0
27883.mp4,27883,honor,exact,1.0
27920.mp4,27920,hope,exact,1.0
27921.mp4,27921,hope,exact,1.0
27922.mp4,27922,hope,exact,1.0
27923.mp4,27923,hope,exact,1.0
27925.mp4,27925,hope,exact,1.0
27926.mp4,27926,hope,exact,1.0
27929.mp4,27929,hope,exact,1.0
27934.mp4,27934,hope,exact,1.0
27940.mp4,27940,hop,exact,1.0
27942.mp4,27942,hop,exact,1.0
27943.mp4,27943,hop,exact,1.0
27945.mp4,27945,hop,exact,1.0
27994.mp4,27994,horse,exact,1.0
27995.mp4,27995,horse,exact,1.0
27999.mp4,27999,horse,exact,1.0
28003.mp4,28003,horse,exact,1.0
28033.mp4,28033,hospital,exact,1.0
28034.mp4,28034,hospital,exact,1.0
28035.mp4,28035,hospital,exact,1.0
28036.mp4,28036,hospital,exact,1.0
28038.mp4,28038,hospital,exact,1.0
28041.mp4,28041,hospital,exact,1.0
28044.mp4,28044,hospital,exact,1.0
28056.mp4,28056,host,exact,1.0
28057.mp4,28057,host,exact,1.0
28058.mp4,28058,host,exact,1.0
28067.mp4,28067,host,exact,1.0
28069.mp4,28069,host,exact,1.0
28082.mp4,28082,hot dog,exact,1.0
28085.mp4,28085,hot dog,exact,1.0
28087.mp4,28087,hot dog,exact,1.0
28091.mp4,28091,hot dog,exact,1.0
28096.mp4,28096,hot dog,exact,1.0
28107.mp4,28107,hot,exact,1.0
28108.mp4,28108,hot,exact,1.0
28109.mp4,28109,hot,exact,1.0
28110.mp4,28110,hot,exact,1.0
28111.mp4,28111,hot,exact,1.0
28112.mp4,28112,hot,exact,1.0
28115.mp4,28115,hot,exact,1.0
28116.mp4,28116,hot,exact,1.0
28125.mp4,28125,hot,exact,1.0
28138.mp4,28138,hour,exact,1.0
28139.mp4,28139,hour,exact,1.0
28140.mp4,28140,hour,exact,1.0
28143.mp4,28143,hour,exact,1.0
28144.mp4,28144,hour,exact,1.0
28145.mp4,28145,hour,exact,1.0
28150.mp4,28150,hour,exact,1.0
28159.mp4,28159,house,exact,1.0
28160.mp4,28160,house,exact,1.0
28161.mp4,28161,house,exact,1.0
28162.mp4,28162,house,exact,1.0
28164.mp4,28164,house,exact,1.0
28169.mp4,28169,house,exact,1.0
28201.mp4,28201,how,exact,1.0
28202.mp4,28202,how,exact,1.0
28203.mp4,28203,how,exact,1.0
28204.mp4,28204,how,exact,1.0
28205.mp4,28205,how,exact,1.0
28210.mp4,28210,how,exact,1.0
28211.mp4,28211,how,exact,1.0
28214.mp4,28214,how,exact,1.0
28260.mp4,28260,hug,exact,1.0
28261.mp4,28261,hug,exact,1.0
28263.mp4,28263,hug,exact,1.0
28267.mp4,28267,hug,exact,1.0
28288.mp4,28288,human,exact,1.0
28291.mp4,28291,human,exact,1.0
28292.mp4,28292,human,exact,1.0
28296.mp4,28296,human,exact,1.0
28308.mp4,28308,humble,exact,1.0
28309.mp4,28309,humble,exact,1.0
28310.mp4,28310,humble,exact,1.0
28311.mp4,28311,humble,exact,1.0
28312.mp4,28312,humble,exact,1.0
28314.mp4,28314,humble,exact,1.0
28315.mp4,28315,humble,exact,1.0
28319.mp4,28319,humble,exact,1.0
28376.mp4,28376,hungry,exact,1.0
28377.mp4,28377,hungry,exact,1.0
28378.mp4,28378,hungry,exact,1.0
28379.mp4,28379,hungry,exact,1.0
28381.mp4,28381,hungry,exact,1.0
28385.mp4,28385,hungry,exact,1.0
28389.mp4,28389,hunt,exact,1.0
28394.mp4,28394,hunt,exact,1.0
28395.mp4,28395,hunt,exact,1.0
28397.mp4,28397,hunt,exact,1.0
28413.mp4,28413,hurricane,exact,1.0
28414.mp4,28414,hurricane,exact,1.0
28415.mp4,28415,hurricane,exact,1.0
28417.mp4,28417,hurricane,exact,1.0
28420.mp4,28420,hurricane,exact,1.0
28423.mp4,28423,hurry,exact,1.0
28424.mp4,28424,hurry,exact,1.0
28425.mp4,28425,hurry,exact,1.0
28426.mp4,28426,hurry,exact,1.0
28429.mp4,28429,hurry,exact,1.0
28430.mp4,28430,hurry,exact,1.0
28436.mp4,28436,hurry,exact,1.0
28440.mp4,28440,hurt,exact,1.0
28441.mp4,28441,hurt,exact,1.0
28445.mp4,28445,hurt,exact,1.0
28446.mp4,28446,hurt,exact,1.0
28454.mp4,28454,hurt,exact,1.0
28463.mp4,28463,husband,exact,1.0
28464.mp4,28464,husband,exact,1.0
28465.mp4,28465,husband,exact,1.0
28466.mp4,28466,husband,exact,1.0
28469.mp4,28469,husband,exact,1.0
28473.mp4,28473,husband,exact,1.0
28582.mp4,28582,ice cream,exact,1.0
28583.mp4,28583,ice cream,exact,1.0
28584.mp4,28584,ice cream,exact,1.0
28585.mp4,28585,ice cream,exact,1.0
28586.mp4,28586,ice cream,exact,1.0
28588.mp4,28588,ice cream,exact,1.0
28590.mp4,28590,ice cream,exact,1.0
28648.mp4,28648,idea,exact,1.0
28649.mp4,28649,idea,exact,1.0
28650.mp4,28650,idea,exact,1.0
28651.mp4,28651,idea,exact,1.0
28652.mp4,28652,idea,exact,1.0
28655.mp4,28655,idea,exact,1.0
28658.mp4,28658,idea,exact,1.0
28675.mp4,28675,identify,exact,1.0
28680.mp4,28680,identify,exact,1.0
28681.mp4,28681,identify,exact,1.0
28683.mp4,28683,identify,exact,1.0
28736.mp4,28736,if,exact,1.0
28737.mp4,28737,if,exact,1.0
28739.mp4,28739,if,exact,1.0
28743.mp4,28743,if,exact,1.0
28749.mp4,28749,if,exact,1.0
28775.mp4,28775,ignore,exact,1.0
28776.mp4,28776,ignore,exact,1.0
28780.mp4,28780,ignore,exact,1.0
28783.mp4,28783,ignore,exact,1.0
28789.mp4,28789,i,exact,1.0
28791.mp4,28791,i,exact,1.0
28794.mp4,28794,i,exact,1.0
28813.mp4,28813,illegal,exact,1.0
28814.mp4,28814,illegal,exact,1.0
28815.mp4,28815,illegal,exact,1.0
28817.mp4,28817,illegal,exact,1.0
28818.mp4,28818,illegal,exact,1.0
28820.mp4,28820,ill,exact,1.0
28821.mp4,28821,ill,exact,1.0
28824.mp4,28824,ill,exact,1.0
28827.mp4,28827,ill,exact,1.0
28876.mp4,28876,image,exact,1.0
28877.mp4,28877,image,exact,1.0
28878.mp4,28878,image,exact,1.0
28881.mp4,28881,image,exact,1.0
28886.mp4,28886,image,exact,1.0
29007.mp4,29007,impact,exact,1.0
29008.mp4,29008,impact,exact,1.0
29010.mp4,29010,impact,exact,1.0
29011.mp4,29011,impact,exact,1.0
29065.mp4,29065,important,exact,1.0
29066.mp4,29066,important,exact,1.0
29068.mp4,29068,important,exact,1.0
29069.mp4,29069,important,exact,1.0
29071.mp4,29071,important,exact,1.0
29074.mp4,29074,important,exact,1.0
29088.mp4,29088,impossible,exact,1.0
29089.mp4,29089,impossible,exact,1.0
29090.mp4,29090,impossible,exact,1.0
29092.mp4,29092,impossible,exact,1.0
29096.mp4,29096,impossible,exact,1.0
29136.mp4,29136,improve,exact,1.0
29137.mp4,29137,improve,exact,1.0
29138.mp4,29138,improve,exact,1.0
29139.mp4,29139,improve,exact,1.0
29143.mp4,29143,improve,exact,1.0
29144.mp4,29144,improve,exact,1.0
29145.mp4,29145,improve,exact,1.0
29147.mp4,29147,improve,exact,1.0
29278.mp4,29278,include,exact,1.0
29279.mp4,29279,include,exact,1.0
29281.mp4,29281,include,exact,1.0
29284.mp4,29284,include,exact,1.0
29327.mp4,29327,increase,exact,1.0
29328.mp4,29328,increase,exact,1.0
29329.mp4,29329,increase,exact,1.0
29330.mp4,29330,increase,exact,1.0
29333.mp4,29333,increase,exact,1.0
29383.mp4,29383,independent,exact,1.0
29384.mp4,29384,independent,exact,1.0
29385.mp4,29385,independent,exact,1.0
29386.mp4,29386,independent,exact,1.0
29388.mp4,29388,independent,exact,1.0
29391.mp4,29391,independent,exact,1.0
29400.mp4,29400,india,exact,1.0
29402.mp4,29402,india,exact,1.0
29404.mp4,29404,india,exact,1.0
29407.mp4,29407,india,exact,1.0
29462.mp4,29462,individual,exact,1.0
29463.mp4,29463,individual,exact,1.0
29468.mp4,29468,individual,exact,1.0
29562.mp4,29562,infection,exact,1.0
29563.mp4,29563,infection,exact,1.0
29564.mp4,29564,infection,exact,1.0
29565.mp4,29565,infection,exact,1.0
29566.mp4,29566,infection,exact,1.0
29614.mp4,29614,influence,exact,1.0
29615.mp4,29615,influence,exact,1.0
29616.mp4,29616,influence,exact,1.0
29619.mp4,29619,influence,exact,1.0
29621.mp4,29621,influence,exact,1.0
29632.mp4,29632,information,exact,1.0
29633.mp4,29633,information,exact,1.0
29634.mp4,29634,information,exact,1.0
29636.mp4,29636,information,exact,1.0
29637.mp4,29637,information,exact,1.0
29638.mp4,29638,information,exact,1.0
29641.mp4,29641,information,exact,1.0
29646.mp4,29646,inform,exact,1.0
29647.mp4,29647,inform,exact,1.0
29648.mp4,29648,inform,exact,1.0
29649.mp4,29649,inform,exact,1.0
29655.mp4,29655,inform,exact,1.0
29656.mp4,29656,inform,exact,1.0
29657.mp4,29657,inform,exact,1.0
29661.mp4,29661,inform,exact,1.0
29718.mp4,29718,in,exact,1.0
29719.mp4,29719,in,exact,1.0
29720.mp4,29720,in,exact,1.0
29721.mp4,29721,in,exact,1.0
29723.mp4,29723,in,exact,1.0
29726.mp4,29726,in,exact,1.0
29791.mp4,29791,innocent,exact,1.0
29792.mp4,29792,innocent,exact,1.0
29794.mp4,29794,innocent,exact,1.0
29798.mp4,29798,innocent,exact,1.0
29842.mp4,29842,insect,exact,1.0
29843.mp4,29843,insect,exact,1.0
29844.mp4,29844,insect,exact,1.0
29847.mp4,29847,insect,exact,1.0
29849.mp4,29849,insect,exact,1.0
29866.mp4,29866,inside,exact,1.0
29867.mp4,29867,inside,exact,1.0
29868.mp4,29868,inside,exact,1.0
29870.mp4,29870,inside,exact,1.0
29873.mp4,29873,inside,exact,1.0
29897.mp4,29897,inspect,exact,1.0
29898.mp4,29898,inspect,exact,1.0
29900.mp4,29900,inspect,exact,1.0
29901.mp4,29901,inspect,exact,1.0
29903.mp4,29903,inspect,exact,1.0
29919.mp4,29919,inspire,exact,1.0
29920.mp4,29920,inspire,exact,1.0
29921.mp4,29921,inspire,exact,1.0
29924.mp4,29924,inspire,exact,1.0
29962.mp4,29962,instead,exact,1.0
29963.mp4,29963,instead,exact,1.0
29965.mp4,29965,instead,exact,1.0
29967.mp4,29967,instead,exact,1.0
29979.mp4,29979,institute,exact,1.0
29980.mp4,29980,institute,exact,1.0
29982.mp4,29982,institute,exact,1.0
29986.mp4,29986,institute,exact,1.0
30052.mp4,30052,insurance,exact,1.0
30053.mp4,30053,insurance,exact,1.0
30054.mp4,30054,insurance,exact,1.0
30055.mp4,30055,insurance,exact,1.0
30057.mp4,30057,insurance,exact,1.0
30060.mp4,30060,insurance,exact,1.0
30152.mp4,30152,interest,exact,1.0
30153.mp4,30153,interest,exact,1.0
30154.mp4,30154,interest,exact,1.0
30155.mp4,30155,interest,exact,1.0
30156.mp4,30156,interest,exact,1.0
30160.mp4,30160,interest,exact,1.0
30162.mp4,30162,interest,exact,1.0
30166.mp4,30166,interest,exact,1.0
30168.mp4,30168,interest,exact,1.0
30169.mp4,30169,interesting,exact,1.0
30170.mp4,30170,interesting,exact,1.0
30171.mp4,30171,interesting,exact,1.0
30172.mp4,30172,interesting,exact,1.0
30173.mp4,30173,interesting,exact,1.0
30175.mp4,30175,interesting,exact,1.0
30217.mp4,30217,international,exact,1.0
30219.mp4,30219,international,exact,1.0
30223.mp4,30223,international,exact,1.0
30230.mp4,30230,internet,exact,1.0
30231.mp4,30231,internet,exact,1.0
30232.mp4,30232,internet,exact,1.0
30233.mp4,30233,internet,exact,1.0
30234.mp4,30234,internet,exact,1.0
30235.mp4,30235,internet,exact,1.0
30239.mp4,30239,internet,exact,1.0
30242.mp4,30242,internet,exact,1.0
30257.mp4,30257,interpreter,exact,1.0
30258.mp4,30258,interpreter,exact,1.0
30260.mp4,30260,interpreter,exact,1.0
30262.mp4,30262,interpreter,exact,1.0
30264.mp4,30264,interpret,exact,1.0
30265.mp4,30265,interpret,exact,1.0
30268.mp4,30268,interpret,exact,1.0
30271.mp4,30271,interpret,exact,1.0
30278.mp4,30278,interrupt,exact,1.0
30281.mp4,30281,interrupt,exact,1.0
30283.mp4,30283,interrupt,exact,1.0
30285.mp4,30285,interrupt,exact,1.0
30289.mp4,30289,interrupt,exact,1.0
30297.mp4,30297,intersection,exact,1.0
30298.mp4,30298,intersection,exact,1.0
30301.mp4,30301,intersection,exact,1.0
30304.mp4,30304,intersection,exact,1.0
30316.mp4,30316,interview,exact,1.0
30318.mp4,30318,interview,exact,1.0
30319.mp4,30319,interview,exact,1.0
30327.mp4,30327,interview,exact,1.0
30384.mp4,30384,introduce,exact,1.0
30385.mp4,30385,introduce,exact,1.0
30386.mp4,30386,introduce,exact,1.0
30388.mp4,30388,introduce,exact,1.0
30392.mp4,30392,introduce,exact,1.0
30451.mp4,30451,invest,exact,1.0
30452.mp4,30452,invest,exact,1.0
30453.mp4,30453,invest,exact,1.0
30454.mp4,30454,invest,exact,1.0
30455.mp4,30455,invest,exact,1.0
30460.mp4,30460,invest,exact,1.0
30468.mp4,30468,investigate,exact,1.0
30469.mp4,30469,investigate,exact,1.0
30470.mp4,30470,investigate,exact,1.0
30471.mp4,30471,investigate,exact,1.0
30472.mp4,30472,investigate,exact,1.0
30474.mp4,30474,investigate,exact,1.0
30510.mp4,30510,invite,exact,1.0
30511.mp4,30511,invite,exact,1.0
30514.mp4,30514,invite,exact,1.0
30516.mp4,30516,invite,exact,1.0
30522.mp4,30522,involve,exact,1.0
30523.mp4,30523,involve,exact,1.0
30526.mp4,30526,involve,exact,1.0
30528.mp4,30528,involve,exact,1.0
30559.mp4,30559,iran,exact,1.0
30560.mp4,30560,iran,exact,1.0
30561.mp4,30561,iran,exact,1.0
30562.mp4,30562,iran,exact,1.0
30563.mp4,30563,iran,exact,1.0
30565.mp4,30565,iran,exact,1.0
30566.mp4,30566,iran,exact,1.0
30584.mp4,30584,ireland,exact,1.0
30585.mp4,30585,ireland,exact,1.0
30587.mp4,30587,ireland,exact,1.0
30595.mp4,30595,iron,exact,1.0
30596.mp4,30596,iron,exact,1.0
30603.mp4,30603,iron,exact,1.0
30675.mp4,30675,island,exact,1.0
30676.mp4,30676,island,exact,1.0
30677.mp4,30677,island,exact,1.0
30679.mp4,30679,island,exact,1.0
30682.mp4,30682,island,exact,1.0
30707.mp4,30707,israel,exact,1.0
30709.mp4,30709,israel,exact,1.0
30710.mp4,30710,israel,exact,1.0
30713.mp4,30713,israel,exact,1.0
30719.mp4,30719,israel,exact,1.0
30745.mp4,30745,italy,exact,1.0
30746.mp4,30746,italy,exact,1.0
30748.mp4,30748,italy,exact,1.0
30755.mp4,30755,italy,exact,1.0
30831.mp4,30831,jacket,exact,1.0
30832.mp4,30832,jacket,exact,1.0
30833.mp4,30833,jacket,exact,1.0
30834.mp4,30834,jacket,exact,1.0
30835.mp4,30835,jacket,exact,1.0
30840.mp4,30840,jacket,exact,1.0
30849.mp4,30849,jacket,exact,1.0
30873.mp4,30873,jail,exact,1.0
30875.mp4,30875,jail,exact,1.0
30876.mp4,30876,jail,exact,1.0
30878.mp4,30878,jail,exact,1.0
30879.mp4,30879,jail,exact,1.0
30919.mp4,30919,january,exact,1.0
30920.mp4,30920,january,exact,1.0
30921.mp4,30921,january,exact,1.0
30923.mp4,30923,january,exact,1.0
30926.mp4,30926,january,exact,1.0
30933.mp4,30933,japan,exact,1.0
30934.mp4,30934,japan,exact,1.0
30935.mp4,30935,japan,exact,1.0
30936.mp4,30936,japan,exact,1.0
30937.mp4,30937,japan,exact,1.0
30941.mp4,30941,japan,exact,1.0
30946.mp4,30946,japan,exact,1.0
30974.mp4,30974,jealous,exact,1.0
30975.mp4,30975,jealous,exact,1.0
30978.mp4,30978,jealous,exact,1.0
30979.mp4,30979,jealous,exact,1.0
30983.mp4,30983,jealous,exact,1.0
30984.mp4,30984,jealous,exact,1.0
30985.mp4,30985,jealous,exact,1.0
30988.mp4,30988,jealous,exact,1.0
31049.mp4,31049,jesus,exact,1.0
31050.mp4,31050,jesus,exact,1.0
31051.mp4,31051,jesus,exact,1.0
31052.mp4,31052,jesus,exact,1.0
31054.mp4,31054,jesus,exact,1.0
31057.mp4,31057,jesus,exact,1.0
31077.mp4,31077,jewelry,exact,1.0
31078.mp4,31078,jewelry,exact,1.0
31079.mp4,31079,jewelry,exact,1.0
31080.mp4,31080,jewelry,exact,1.0
31082.mp4,31082,jewelry,exact,1.0
31093.mp4,31093,jewish,exact,1.0
31094.mp4,31094,jewish,exact,1.0
31095.mp4,31095,jewish,exact,1.0
31096.mp4,31096,jewish,exact,1.0
31100.mp4,31100,j,exact,1.0
31102.mp4,31102,j,exact,1.0
31104.mp4,31104,j,exact,1.0
31149.mp4,31149,join,exact,1.0
31151.mp4,31151,join,exact,1.0
31152.mp4,31152,join,exact,1.0
31155.mp4,31155,join,exact,1.0
31157.mp4,31157,join,exact,1.0
31158.mp4,31158,join,exact,1.0
31165.mp4,31165,join,exact,1.0
31177.mp4,31177,joke,exact,1.0
31181.mp4,31181,joke,exact,1.0
31182.mp4,31182,joke,exact,1.0
31183.mp4,31183,joke,exact,1.0
31186.mp4,31186,joke,exact,1.0
31218.mp4,31218,journey,exact,1.0
31220.mp4,31220,journey,exact,1.0
31221.mp4,31221,journey,exact,1.0
31223.mp4,31223,journey,exact,1.0
31232.mp4,31232,joy,exact,1.0
31233.mp4,31233,joy,exact,1.0
31236.mp4,31236,joy,exact,1.0
31237.mp4,31237,joy,exact,1.0
31239.mp4,31239,joy,exact,1.0
31252.mp4,31252,judge,exact,1.0
31253.mp4,31253,judge,exact,1.0
31260.mp4,31260,judge,exact,1.0
31261.mp4,31261,judge,exact,1.0
31264.mp4,31264,judge,exact,1.0
31300.mp4,31300,july,exact,1.0
31301.mp4,31301,july,exact,1.0
31303.mp4,31303,july,exact,1.0
31306.mp4,31306,july,exact,1.0
31315.mp4,31315,jump,exact,1.0
31316.mp4,31316,jump,exact,1.0
31320.mp4,31320,jump,exact,1.0
31324.mp4,31324,jump,exact,1.0
31346.mp4,31346,june,exact,1.0
31347.mp4,31347,june,exact,1.0
31348.mp4,31348,june,exact,1.0
31350.mp4,31350,june,exact,1.0
31353.mp4,31353,june,exact,1.0
31442.mp4,31442,kangaroo,exact,1.0
31445.mp4,31445,kangaroo,exact,1.0
31457.mp4,31457,karate,exact,1.0
31458.mp4,31458,karate,exact,1.0
31460.mp4,31460,karate,exact,1.0
31463.mp4,31463,karate,exact,1.0
31485.mp4,31485,keep,exact,1.0
31486.mp4,31486,keep,exact,1.0
31487.mp4,31487,keep,exact,1.0
31491.mp4,31491,keep,exact,1.0
31496.mp4,31496,keep,exact,1.0
31554.mp4,31554,keyboard,exact,1.0
31555.mp4,31555,keyboard,exact,1.0
31556.mp4,31556,keyboard,exact,1.0
31557.mp4,31557,keyboard,exact,1.0
31559.mp4,31559,keyboard,exact,1.0
31561.mp4,31561,keyboard,exact,1.0
31564.mp4,31564,key,exact,1.0
31565.mp4,31565,key,exact,1.0
31566.mp4,31566,key,exact,1.0
31569.mp4,31569,key,exact,1.0
31572.mp4,31572,key,exact,1.0
31583.mp4,31583,k,exact,1.0
31585.mp4,31585,k,exact,1.0
31587.mp4,31587,k,exact,1.0
31592.mp4,31592,kick,exact,1.0
31594.mp4,31594,kick,exact,1.0
31596.mp4,31596,kick,exact,1.0
31600.mp4,31600,kick,exact,1.0
31612.mp4,31612,kid,exact,1.0
31613.mp4,31613,kid,exact,1.0
31614.mp4,31614,kid,exact,1.0
31621.mp4,31621,kid,exact,1.0
31649.mp4,31649,kill,exact,1.0
31650.mp4,31650,kill,exact,1.0
31651.mp4,31651,kill,exact,1.0
31652.mp4,31652,kill,exact,1.0
31655.mp4,31655,kill,exact,1.0
31660.mp4,31660,kill,exact,1.0
31687.mp4,31687,kindergarten,exact,1.0
31688.mp4,31688,kindergarten,exact,1.0
31689.mp4,31689,kindergarten,exact,1.0
31691.mp4,31691,kindergarten,exact,1.0
31693.mp4,31693,kindergarten,exact,1.0
31730.mp4,31730,king,exact,1.0
31731.mp4,31731,king,exact,1.0
31732.mp4,31732,king,exact,1.0
31733.mp4,31733,king,exact,1.0
31735.mp4,31735,king,exact,1.0
31740.mp4,31740,king,exact,1.0
31749.mp4,31749,kiss,exact,1.0
31750.mp4,31750,kiss,exact,1.0
31751.mp4,31751,kiss,exact,1.0
31752.mp4,31752,kiss,exact,1.0
31753.mp4,31753,kiss,exact,1.0
31755.mp4,31755,kiss,exact,1.0
31756.mp4,31756,kiss,exact,1.0
31767.mp4,31767,kiss,exact,1.0
31773.mp4,31773,kitchen,exact,1.0
31774.mp4,31774,kitchen,exact,1.0
31775.mp4,31775,kitchen,exact,1.0
31776.mp4,31776,kitchen,exact,1.0
31778.mp4,31778,kitchen,exact,1.0
31785.mp4,31785,kitchen,exact,1.0
31833.mp4,31833,kneel,exact,1.0
31834.mp4,31834,kneel,exact,1.0
31836.mp4,31836,kneel,exact,1.0
31838.mp4,31838,kneel,exact,1.0
31842.mp4,31842,knife,exact,1.0
31843.mp4,31843,knife,exact,1.0
31844.mp4,31844,knife,exact,1.0
31848.mp4,31848,knife,exact,1.0
31856.mp4,31856,knife,exact,1.0
31882.mp4,31882,knock,exact,1.0
31886.mp4,31886,knock,exact,1.0
31897.mp4,31897,know,exact,1.0
31898.mp4,31898,know,exact,1.0
31899.mp4,31899,know,exact,1.0
31900.mp4,31900,know,exact,1.0
31901.mp4,31901,know,exact,1.0
31903.mp4,31903,know,exact,1.0
31909.mp4,31909,know,exact,1.0
31976.mp4,31976,label,exact,1.0
31978.mp4,31978,label,exact,1.0
31979.mp4,31979,label,exact,1.0
31981.mp4,31981,label,exact,1.0
31984.mp4,31984,label,exact,1.0
32046.mp4,32046,lady,exact,1.0
32047.mp4,32047,lady,exact,1.0
32049.mp4,32049,lady,exact,1.0
32050.mp4,32050,lady,exact,1.0
32052.mp4,32052,lady,exact,1.0
32094.mp4,32094,lamp,exact,1.0
32097.mp4,32097,lamp,exact,1.0
32113.mp4,32113,land,exact,1.0
32115.mp4,32115,land,exact,1.0
32117.mp4,32117,land,exact,1.0
32118.mp4,32118,land,exact,1.0
32120.mp4,32120,land,exact,1.0
32154.mp4,32154,language,exact,1.0
32155.mp4,32155,language,exact,1.0
32156.mp4,32156,language,exact,1.0
32157.mp4,32157,language,exact,1.0
32158.mp4,32158,language,exact,1.0
32160.mp4,32160,language,exact,1.0
32163.mp4,32163,language,exact,1.0
32167.mp4,32167,language,exact,1.0
32191.mp4,32191,laptop,exact,1.0
32192.mp4,32192,laptop,exact,1.0
32193.mp4,32193,laptop,exact,1.0
32195.mp4,32195,laptop,exact,1.0
32197.mp4,32197,laptop,exact,1.0
32203.mp4,32203,large,exact,1.0
32204.mp4,32204,large,exact,1.0
32205.mp4,32205,large,exact,1.0
32206.mp4,32206,large,exact,1.0
32207.mp4,32207,large,exact,1.0
32209.mp4,32209,large,exact,1.0
32214.mp4,32214,large,exact,1.0
32246.mp4,32246,last,exact,1.0
32248.mp4,32248,last,exact,1.0
32249.mp4,32249,last,exact,1.0
32250.mp4,32250,last,exact,1.0
32253.mp4,32253,last,exact,1.0
32254.mp4,32254,last,exact,1.0
32255.mp4,32255,last,exact,1.0
32257.mp4,32257,last,exact,1.0
32260.mp4,32260,last,exact,1.0
32261.mp4,32261,last,exact,1.0
32263.mp4,32263,last,exact,1.0
32276.mp4,32276,last week,exact,1.0
32277.mp4,32277,last week,exact,1.0
32278.mp4,32278,last week,exact,1.0
32280.mp4,32280,last week,exact,1.0
32282.mp4,32282,last year,exact,1.0
32283.mp4,32283,last year,exact,1.0
32284.mp4,32284,last year,exact,1.0
32285.mp4,32285,last year,exact,1.0
32293.mp4,32293,last year,exact,1.0
32300.mp4,32300,late,exact,1.0
32302.mp4,32302,late,exact,1.0
32303.mp4,32303,late,exact,1.0
32304.mp4,32304,late,exact,1.0
32306.mp4,32306,late,exact,1.0
32311.mp4,32311,late,exact,1.0
32312.mp4,32312,late,exact,1.0
32320.mp4,32320,later,exact,1.0
32321.mp4,32321,later,exact,1.0
32322.mp4,32322,later,exact,1.0
32323.mp4,32323,later,exact,1.0
32324.mp4,32324,later,exact,1.0
32325.mp4,32325,later,exact,1.0
32326.mp4,32326,later,exact,1.0
32333.mp4,32333,later,exact,1.0
32337.mp4,32337,later,exact,1.0
32338.mp4,32338,later,exact,1.0
32377.mp4,32377,laugh,exact,1.0
32379.mp4,32379,laugh,exact,1.0
32380.mp4,32380,laugh,exact,1.0
32381.mp4,32381,laugh,exact,1.0
32382.mp4,32382,laugh,exact,1.0
32383.mp4,32383,laugh,exact,1.0
32386.mp4,32386,laugh,exact,1.0
32388.mp4,32388,laugh,exact,1.0
32389.mp4,32389,laugh,exact,1.0
32398.mp4,32398,laugh,exact,1.0
32421.mp4,32421,laundry,exact,1.0
32422.mp4,32422,laundry,exact,1.0
32424.mp4,32424,laundry,exact,1.0
32427.mp4,32427,laundry,exact,1.0
32447.mp4,32447,law,exact,1.0
32448.mp4,32448,law,exact,1.0
32449.mp4,32449,law,exact,1.0
32450.mp4,32450,law,exact,1.0
32452.mp4,32452,law,exact,1.0
32458.mp4,32458,law,exact,1.0
32474.mp4,32474,lawyer,exact,1.0
32475.mp4,32475,lawyer,exact,1.0
32476.mp4,32476,lawyer,exact,1.0
32478.mp4,32478,lawyer,exact,1.0
32481.mp4,32481,lawyer,exact,1.0
32510.mp4,32510,lazy,exact,1.0
32511.mp4,32511,lazy,exact,1.0
32512.mp4,32512,lazy,exact,1.0
32514.mp4,32514,lazy,exact,1.0
32518.mp4,32518,lazy,exact,1.0
32520.mp4,32520,leader,exact,1.0
32521.mp4,32521,leader,exact,1.0
32522.mp4,32522,leader,exact,1.0
32523.mp4,32523,leader,exact,1.0
32530.mp4,32530,leader,exact,1.0
32535.mp4,32535,lead,exact,1.0
32537.mp4,32537,lead,exact,1.0
32538.mp4,32538,lead,exact,1.0
32539.mp4,32539,lead,exact,1.0
32541.mp4,32541,lead,exact,1.0
32547.mp4,32547,lead,exact,1.0
32554.mp4,32554,leaf,exact,1.0
32555.mp4,32555,leaf,exact,1.0
32557.mp4,32557,leaf,exact,1.0
32559.mp4,32559,leaf,exact,1.0
32562.mp4,32562,league,exact,1.0
32563.mp4,32563,league,exact,1.0
32569.mp4,32569,leak,exact,1.0
32570.mp4,32570,leak,exact,1.0
32571.mp4,32571,leak,exact,1.0
32575.mp4,32575,leak,exact,1.0
32579.mp4,32579,leak,exact,1.0
32604.mp4,32604,learn,exact,1.0
32605.mp4,32605,learn,exact,1.0
32606.mp4,32606,learn,exact,1.0
32607.mp4,32607,learn,exact,1.0
32608.mp4,32608,learn,exact,1.0
32612.mp4,32612,learn,exact,1.0
32616.mp4,32616,learn,exact,1.0
32654.mp4,32654,leave,exact,1.0
32655.mp4,32655,leave,exact,1.0
32657.mp4,32657,leave,exact,1.0
32658.mp4,32658,leave,exact,1.0
32659.mp4,32659,leave,exact,1.0
32661.mp4,32661,leave,exact,1.0
32662.mp4,32662,leave,exact,1.0
32667.mp4,32667,leave,exact,1.0
32669.mp4,32669,leave,exact,1.0
32677.mp4,32677,leave,exact,1.0
32693.mp4,32693,lecture,exact,1.0
32694.mp4,32694,lecture,exact,1.0
32695.mp4,32695,lecture,exact,1.0
32696.mp4,32696,lecture,exact,1.0
32697.mp4,32697,lecture,exact,1.0
32699.mp4,32699,lecture,exact,1.0
32701.mp4,32701,lecture,exact,1.0
32722.mp4,32722,left,exact,1.0
32725.mp4,32725,left,exact,1.0
32728.mp4,32728,left,exact,1.0
32729.mp4,32729,left,exact,1.0
32735.mp4,32735,left,exact,1.0
32754.mp4,32754,legal,exact,1.0
32755.mp4,32755,legal,exact,1.0
32757.mp4,32757,legal,exact,1.0
32759.mp4,32759,legal,exact,1.0
32812.mp4,32812,lemon,exact,1.0
32813.mp4,32813,lemon,exact,1.0
32814.mp4,32814,lemon,exact,1.0
32820.mp4,32820,lemon,exact,1.0
32824.mp4,32824,lend,exact,1.0
32825.mp4,32825,lend,exact,1.0
32827.mp4,32827,lend,exact,1.0
32828.mp4,32828,lend,exact,1.0
32830.mp4,32830,lend,exact,1.0
32859.mp4,32859,lesbian,exact,1.0
32860.mp4,32860,lesbian,exact,1.0
32863.mp4,32863,lesbian,exact,1.0
32864.mp4,32864,lesbian,exact,1.0
32867.mp4,32867,lesbian,exact,1.0
32877.mp4,32877,less,exact,1.0
32878.mp4,32878,less,exact,1.0
32881.mp4,32881,less,exact,1.0
32884.mp4,32884,less,exact,1.0
32887.mp4,32887,lesson,exact,1.0
32888.mp4,32888,lesson,exact,1.0
32889.mp4,32889,lesson,exact,1.0
32891.mp4,32891,lesson,exact,1.0
32894.mp4,32894,lesson,exact,1.0
32911.mp4,32911,let,exact,1.0
32915.mp4,32915,let,exact,1.0
32916.mp4,32916,let,exact,1.0
32918.mp4,32918,let,exact,1.0
32945.mp4,32945,letter,exact,1.0
32946.mp4,32946,letter,exact,1.0
32947.mp4,32947,letter,exact,1.0
32948.mp4,32948,letter,exact,1.0
32949.mp4,32949,letter,exact,1.0
32950.mp4,32950,letter,exact,1.0
32953.mp4,32953,letter,exact,1.0
32954.mp4,32954,letter,exact,1.0
32955.mp4,32955,letter,exact,1.0
32959.mp4,32959,letter,exact,1.0
32963.mp4,32963,lettuce,exact,1.0
32964.mp4,32964,lettuce,exact,1.0
32965.mp4,32965,lettuce,exact,1.0
32966.mp4,32966,lettuce,exact,1.0
32968.mp4,32968,lettuce,exact,1.0
32972.mp4,32972,lettuce,exact,1.0
33000.mp4,33000,liability,exact,1.0
33001.mp4,33001,liability,exact,1.0
33002.mp4,33002,liability,exact,1.0
33003.mp4,33003,liability,exact,1.0
33005.mp4,33005,liability,exact,1.0
33042.mp4,33042,librarian,exact,1.0
33043.mp4,33043,librarian,exact,1.0
33044.mp4,33044,librarian,exact,1.0
33047.mp4,33047,librarian,exact,1.0
33051.mp4,33051,library,exact,1.0
33052.mp4,33052,library,exact,1.0
33053.mp4,33053,library,exact,1.0
33055.mp4,33055,library,exact,1.0
33058.mp4,33058,library,exact,1.0
33063.mp4,33063,license,exact,1.0
33066.mp4,33066,license,exact,1.0
33069.mp4,33069,license,exact,1.0
33114.mp4,33114,lie,exact,1.0
33115.mp4,33115,lie,exact,1.0
33116.mp4,33116,lie,exact,1.0
33120.mp4,33120,lie,exact,1.0
33121.mp4,33121,lie,exact,1.0
33128.mp4,33128,lie,exact,1.0
33166.mp4,33166,lift,exact,1.0
33167.mp4,33167,lift,exact,1.0
33170.mp4,33170,lift,exact,1.0
33172.mp4,33172,lift,exact,1.0
33205.mp4,33205,light,exact,1.0
33206.mp4,33206,light,exact,1.0
33214.mp4,33214,light,exact,1.0
33217.mp4,33217,light,exact,1.0
33218.mp4,33218,light,exact,1.0
33229.mp4,33229,light,exact,1.0
33231.mp4,33231,light,exact,1.0
33238.mp4,33238,lightning,exact,1.0
33240.mp4,33240,lightning,exact,1.0
33241.mp4,33241,lightning,exact,1.0
33243.mp4,33243,lightning,exact,1.0
33246.mp4,33246,lightning,exact,1.0
33266.mp4,33266,like,exact,1.0
33267.mp4,33267,like,exact,1.0
33268.mp4,33268,like,exact,1.0
33269.mp4,33269,like,exact,1.0
33270.mp4,33270,like,exact,1.0
33273.mp4,33273,like,exact,1.0
33274.mp4,33274,like,exact,1.0
33285.mp4,33285,like,exact,1.0
33286.mp4,33286,like,exact,1.0
33311.mp4,33311,limit,exact,1.0
33312.mp4,33312,limit,exact,1.0
33313.mp4,33313,limit,exact,1.0
33314.mp4,33314,limit,exact,1.0
33316.mp4,33316,limit,exact,1.0
33319.mp4,33319,limit,exact,1.0
33335.mp4,33335,line,exact,1.0
33337.mp4,33337,line,exact,1.0
33339.mp4,33339,line,exact,1.0
33341.mp4,33341,line,exact,1.0
33346.mp4,33346,line,exact,1.0
33374.mp4,33374,linguistics,exact,1.0
33375.mp4,33375,linguistics,exact,1.0
33376.mp4,33376,linguistics,exact,1.0
33377.mp4,33377,linguistics,exact,1.0
33379.mp4,33379,linguistics,exact,1.0
33380.mp4,33380,linguistics,exact,1.0
33391.mp4,33391,lion,exact,1.0
33392.mp4,33392,lion,exact,1.0
33393.mp4,33393,lion,exact,1.0
33395.mp4,33395,lion,exact,1.0
33398.mp4,33398,lion,exact,1.0
33403.mp4,33403,lip,exact,1.0
33404.mp4,33404,lip,exact,1.0
33407.mp4,33407,lip,exact,1.0
33410.mp4,33410,lip,exact,1.0
33423.mp4,33423,lipstick,exact,1.0
33424.mp4,33424,lipstick,exact,1.0
33426.mp4,33426,lipstick,exact,1.0
33429.mp4,33429,lipstick,exact,1.0
33454.mp4,33454,listen,exact,1.0
33455.mp4,33455,listen,exact,1.0
33456.mp4,33456,listen,exact,1.0
33457.mp4,33457,listen,exact,1.0
33460.mp4,33460,listen,exact,1.0
33465.mp4,33465,listen,exact,1.0
33466.mp4,33466,listen,exact,1.0
33472.mp4,33472,list,exact,1.0
33473.mp4,33473,list,exact,1.0
33474.mp4,33474,list,exact,1.0
33475.mp4,33475,list,exact,1.0
33477.mp4,33477,list,exact,1.0
33479.mp4,33479,list,exact,1.0
33480.mp4,33480,list,exact,1.0
33486.mp4,33486,list,exact,1.0
33518.mp4,33518,little bit,exact,1.0
33519.mp4,33519,little bit,exact,1.0
33521.mp4,33521,little bit,exact,1.0
33538.mp4,33538,live,exact,1.0
33539.mp4,33539,live,exact,1.0
33542.mp4,33542,live,exact,1.0
33545.mp4,33545,live,exact,1.0
33609.mp4,33609,loan,exact,1.0
33612.mp4,33612,loan,exact,1.0
33616.mp4,33616,loan,exact,1.0
33639.mp4,33639,lobster,exact,1.0
33640.mp4,33640,lobster,exact,1.0
33641.mp4,33641,lobster,exact,1.0
33642.mp4,33642,lobster,exact,1.0
33643.mp4,33643,lobster,exact,1.0
33646.mp4,33646,lobster,exact,1.0
33648.mp4,33648,lobster,exact,1.0
33651.mp4,33651,local,exact,1.0
33652.mp4,33652,local,exact,1.0
33653.mp4,33653,local,exact,1.0
33658.mp4,33658,local,exact,1.0
33696.mp4,33696,lock,exact,1.0
33697.mp4,33697,lock,exact,1.0
33698.mp4,33698,lock,exact,1.0
33701.mp4,33701,lock,exact,1.0
33704.mp4,33704,lock,exact,1.0
33766.mp4,33766,lonely,exact,1.0
33767.mp4,33767,lonely,exact,1.0
33768.mp4,33768,lonely,exact,1.0
33770.mp4,33770,lonely,exact,1.0
33771.mp4,33771,lonely,exact,1.0
33804.mp4,33804,long,exact,1.0
33805.mp4,33805,long,exact,1.0
33806.mp4,33806,long,exact,1.0
33808.mp4,33808,long,exact,1.0
33812.mp4,33812,long,exact,1.0
33851.mp4,33851,look at,exact,1.0
33857.mp4,33857,look at,exact,1.0
33881.mp4,33881,look for,exact,1.0
33882.mp4,33882,look for,exact,1.0
33884.mp4,33884,look for,exact,1.0
33980.mp4,33980,lord,exact,1.0
33981.mp4,33981,lord,exact,1.0
33983.mp4,33983,lord,exact,1.0
33986.mp4,33986,lord,exact,1.0
34002.mp4,34002,lose,exact,1.0
34004.mp4,34004,lose,exact,1.0
34005.mp4,34005,lose,exact,1.0
34006.mp4,34006,lose,exact,1.0
34007.mp4,34007,lose,exact,1.0
34008.mp4,34008,lose,exact,1.0
34012.mp4,34012,lose,exact,1.0
34017.mp4,34017,lose,exact,1.0
34018.mp4,34018,lose,exact,1.0
34087.mp4,34087,loud,exact,1.0
34088.mp4,34088,loud,exact,1.0
34089.mp4,34089,loud,exact,1.0
34091.mp4,34091,loud,exact,1.0
34095.mp4,34095,loud,exact,1.0
34110.mp4,34110,lousy,exact,1.0
34111.mp4,34111,lousy,exact,1.0
34112.mp4,34112,lousy,exact,1.0
34114.mp4,34114,lousy,exact,1.0
34117.mp4,34117,lousy,exact,1.0
34121.mp4,34121,love,exact,1.0
34123.mp4,34123,love,exact,1.0
34124.mp4,34124,love,exact,1.0
34127.mp4,34127,love,exact,1.0
34128.mp4,34128,love,exact,1.0
34129.mp4,34129,love,exact,1.0
34137.mp4,34137,love,exact,1.0
34204.mp4,34204,lucky,exact,1.0
34205.mp4,34205,lucky,exact,1.0
34206.mp4,34206,lucky,exact,1.0
34207.mp4,34207,lucky,exact,1.0
34208.mp4,34208,lucky,exact,1.0
34211.mp4,34211,lucky,exact,1.0
34265.mp4,34265,lunch,exact,1.0
34266.mp4,34266,lunch,exact,1.0
34268.mp4,34268,lunch,exact,1.0
34269.mp4,34269,lunch,exact,1.0
34271.mp4,34271,lunch,exact,1.0
34276.mp4,34276,lunch,exact,1.0
34353.mp4,34353,machine,exact,1.0
34354.mp4,34354,machine,exact,1.0
34355.mp4,34355,machine,exact,1.0
34357.mp4,34357,machine,exact,1.0
34359.mp4,34359,machine,exact,1.0
34369.mp4,34369,mad,exact,1.0
34370.mp4,34370,mad,exact,1.0
34371.mp4,34371,mad,exact,1.0
34375.mp4,34375,mad,exact,1.0
34382.mp4,34382,mad,exact,1.0
34386.mp4,34386,magazine,exact,1.0
34387.mp4,34387,magazine,exact,1.0
34388.mp4,34388,magazine,exact,1.0
34390.mp4,34390,magazine,exact,1.0
34395.mp4,34395,magazine,exact,1.0
34397.mp4,34397,magic,exact,1.0
34398.mp4,34398,magic,exact,1.0
34400.mp4,34400,magic,exact,1.0
34402.mp4,34402,magic,exact,1.0
34510.mp4,34510,mainstream,exact,1.0
34511.mp4,34511,mainstream,exact,1.0
34512.mp4,34512,mainstream,exact,1.0
34514.mp4,34514,mainstream,exact,1.0
34516.mp4,34516,mainstream,exact,1.0
34543.mp4,34543,major,exact,1.0
34544.mp4,34544,major,exact,1.0
34545.mp4,34545,major,exact,1.0
34547.mp4,34547,major,exact,1.0
34550.mp4,34550,major,exact,1.0
34575.mp4,34575,make,exact,1.0
34577.mp4,34577,make,exact,1.0
34578.mp4,34578,make,exact,1.0
34579.mp4,34579,make,exact,1.0
34580.mp4,34580,make,exact,1.0
34581.mp4,34581,make,exact,1.0
34583.mp4,34583,make,exact,1.0
34584.mp4,34584,make,exact,1.0
34586.mp4,34586,make,exact,1.0
34687.mp4,34687,manage,exact,1.0
34688.mp4,34688,manage,exact,1.0
34690.mp4,34690,manage,exact,1.0
34692.mp4,34692,manage,exact,1.0
34699.mp4,34699,manager,exact,1.0
34701.mp4,34701,manager,exact,1.0
34702.mp4,34702,manager,exact,1.0
34703.mp4,34703,manager,exact,1.0
34705.mp4,34705,manager,exact,1.0
34732.mp4,34732,man,exact,1.0
34733.mp4,34733,man,exact,1.0
34734.mp4,34734,man,exact,1.0
34736.mp4,34736,man,exact,1.0
34737.mp4,34737,man,exact,1.0
34738.mp4,34738,man,exact,1.0
34742.mp4,34742,man,exact,1.0
34746.mp4,34746,man,exact,1.0
34823.mp4,34823,many,exact,1.0
34824.mp4,34824,many,exact,1.0
34825.mp4,34825,many,exact,1.0
34826.mp4,34826,many,exact,1.0
34827.mp4,34827,many,exact,1.0
34830.mp4,34830,many,exact,1.0
34831.mp4,34831,many,exact,1.0
34832.mp4,34832,many,exact,1.0
34839.mp4,34839,many,exact,1.0
34861.mp4,34861,march,exact,1.0
34862.mp4,34862,march,exact,1.0
34864.mp4,34864,march,exact,1.0
34867.mp4,34867,march,exact,1.0
34868.mp4,34868,march,exact,1.0
34872.mp4,34872,march,exact,1.0
34873.mp4,34873,march,exact,1.0
34956.mp4,34956,marry,exact,1.0
34957.mp4,34957,marry,exact,1.0
34958.mp4,34958,marry,exact,1.0
34959.mp4,34959,marry,exact,1.0
34961.mp4,34961,marry,exact,1.0
34965.mp4,34965,marry,exact,1.0
35114.mp4,35114,match,exact,1.0
35115.mp4,35115,match,exact,1.0
35116.mp4,35116,match,exact,1.0
35119.mp4,35119,match,exact,1.0
35120.mp4,35120,match,exact,1.0
35121.mp4,35121,match,exact,1.0
35126.mp4,35126,match,exact,1.0
35155.mp4,35155,math,exact,1.0
35156.mp4,35156,math,exact,1.0
35158.mp4,35158,math,exact,1.0
35159.mp4,35159,math,exact,1.0
35160.mp4,35160,math,exact,1.0
35163.mp4,35163,math,exact,1.0
35189.mp4,35189,mature,exact,1.0
35190.mp4,35190,mature,exact,1.0
35191.mp4,35191,mature,exact,1.0
35198.mp4,35198,mature,exact,1.0
35209.mp4,35209,maximum,exact,1.0
35210.mp4,35210,maximum,exact,1.0
35211.mp4,35211,maximum,exact,1.0
35212.mp4,35212,maximum,exact,1.0
35214.mp4,35214,maximum,exact,1.0
35216.mp4,35216,maximum,exact,1.0
35218.mp4,35218,maybe,exact,1.0
35219.mp4,35219,maybe,exact,1.0
35220.mp4,35220,maybe,exact,1.0
35222.mp4,35222,maybe,exact,1.0
35226.mp4,35226,maybe,exact,1.0
35289.mp4,35289,mean,exact,1.0
35291.mp4,35291,mean,exact,1.0
35292.mp4,35292,mean,exact,1.0
35293.mp4,35293,mean,exact,1.0
35295.mp4,35295,mean,exact,1.0
35298.mp4,35298,mean,exact,1.0
35299.mp4,35299,mean,exact,1.0
35305.mp4,35305,mean,exact,1.0
35306.mp4,35306,meaning,exact,1.0
35307.mp4,35307,meaning,exact,1.0
35338.mp4,35338,measure,exact,1.0
35339.mp4,35339,measure,exact,1.0
35340.mp4,35340,measure,exact,1.0
35341.mp4,35341,measure,exact,1.0
35344.mp4,35344,measure,exact,1.0
35346.mp4,35346,measure,exact,1.0
35360.mp4,35360,meat,exact,1.0
35361.mp4,35361,meat,exact,1.0
35362.mp4,35362,meat,exact,1.0
35363.mp4,35363,meat,exact,1.0
35364.mp4,35364,meat,exact,1.0
35366.mp4,35366,meat,exact,1.0
35369.mp4,35369,meat,exact,1.0
35377.mp4,35377,mechanic,exact,1.0
35378.mp4,35378,mechanic,exact,1.0
35380.mp4,35380,mechanic,exact,1.0
35381.mp4,35381,mechanic,exact,1.0
35383.mp4,35383,mechanic,exact,1.0
35452.mp4,35452,medicine,exact,1.0
35453.mp4,35453,medicine,exact,1.0
35454.mp4,35454,medicine,exact,1.0
35455.mp4,35455,medicine,exact,1.0
35456.mp4,35456,medicine,exact,1.0
35458.mp4,35458,medicine,exact,1.0
35467.mp4,35467,medicine,exact,1.0
35509.mp4,35509,meet,exact,1.0
35511.mp4,35511,meet,exact,1.0
35512.mp4,35512,meet,exact,1.0
35513.mp4,35513,meet,exact,1.0
35516.mp4,35516,meet,exact,1.0
35517.mp4,35517,meet,exact,1.0
35518.mp4,35518,meet,exact,1.0
35523.mp4,35523,meet,exact,1.0
35525.mp4,35525,meeting,exact,1.0
35526.mp4,35526,meeting,exact,1.0
35527.mp4,35527,meeting,exact,1.0
35528.mp4,35528,meeting,exact,1.0
35530.mp4,35530,meeting,exact,1.0
35534.mp4,35534,meeting,exact,1.0
35544.mp4,35544,me,exact,1.0
35545.mp4,35545,me,exact,1.0
35546.mp4,35546,me,exact,1.0
35548.mp4,35548,me,exact,1.0
35555.mp4,35555,melody,exact,1.0
35556.mp4,35556,melody,exact,1.0
35557.mp4,35557,melody,exact,1.0
35558.mp4,35558,melody,exact,1.0
35560.mp4,35560,melody,exact,1.0
35567.mp4,35567,melt,exact,1.0
35568.mp4,35568,melt,exact,1.0
35570.mp4,35570,melt,exact,1.0
35572.mp4,35572,melt,exact,1.0
35574.mp4,35574,member,exact,1.0
35575.mp4,35575,member,exact,1.0
35576.mp4,35576,member,exact,1.0
35578.mp4,35578,member,exact,1.0
35581.mp4,35581,member,exact,1.0
35604.mp4,35604,memorize,exact,1.0
35605.mp4,35605,memorize,exact,1.0
35606.mp4,35606,memorize,exact,1.0
35607.mp4,35607,memorize,exact,1.0
35609.mp4,35609,memorize,exact,1.0
35611.mp4,35611,memorize,exact,1.0
35676.mp4,35676,mention,exact,1.0
35761.mp4,35761,message,exact,1.0
35762.mp4,35762,message,exact,1.0
35763.mp4,35763,message,exact,1.0
35765.mp4,35765,message,exact,1.0
35770.mp4,35770,message,exact,1.0
35798.mp4,35798,metal,exact,1.0
35799.mp4,35799,metal,exact,1.0
35804.mp4,35804,metal,exact,1.0
35807.mp4,35807,metal,exact,1.0
35881.mp4,35881,mexico,exact,1.0
35884.mp4,35884,mexico,exact,1.0
35885.mp4,35885,mexico,exact,1.0
35890.mp4,35890,mexico,exact,1.0
35893.mp4,35893,mexico,exact,1.0
35897.mp4,35897,m,exact,1.0
35899.mp4,35899,m,exact,1.0
35901.mp4,35901,m,exact,1.0
35923.mp4,35923,microphone,exact,1.0
35924.mp4,35924,microphone,exact,1.0
35925.mp4,35925,microphone,exact,1.0
35928.mp4,35928,microphone,exact,1.0
35931.mp4,35931,microphone,exact,1.0
35932.mp4,35932,microscope,exact,1.0
35933.mp4,35933,microscope,exact,1.0
35935.mp4,35935,microscope,exact,1.0
35937.mp4,35937,microscope,exact,1.0
35945.mp4,35945,microwave,exact,1.0
35946.mp4,35946,microwave,exact,1.0
35947.mp4,35947,microwave,exact,1.0
35948.mp4,35948,microwave,exact,1.0
35950.mp4,35950,microwave,exact,1.0
35956.mp4,35956,microwave,exact,1.0
35965.mp4,35965,middle,exact,1.0
35966.mp4,35966,middle,exact,1.0
35968.mp4,35968,middle,exact,1.0
35969.mp4,35969,middle,exact,1.0
35972.mp4,35972,middle,exact,1.0
35974.mp4,35974,middle,exact,1.0
35986.mp4,35986,midnight,exact,1.0
35988.mp4,35988,midnight,exact,1.0
35990.mp4,35990,midnight,exact,1.0
35992.mp4,35992,midnight,exact,1.0
36037.mp4,36037,military,exact,1.0
36038.mp4,36038,military,exact,1.0
36040.mp4,36040,military,exact,1.0
36046.mp4,36046,milk,exact,1.0
36047.mp4,36047,milk,exact,1.0
36048.mp4,36048,milk,exact,1.0
36050.mp4,36050,milk,exact,1.0
36056.mp4,36056,milk,exact,1.0
36118.mp4,36118,mind,exact,1.0
36119.mp4,36119,mind,exact,1.0
36121.mp4,36121,mind,exact,1.0
36124.mp4,36124,mind,exact,1.0
36139.mp4,36139,mine,exact,1.0
36140.mp4,36140,mine,exact,1.0
36142.mp4,36142,mine,exact,1.0
36146.mp4,36146,mine,exact,1.0
36231.mp4,36231,minus,exact,1.0
36232.mp4,36232,minus,exact,1.0
36235.mp4,36235,minus,exact,1.0
36241.mp4,36241,minus,exact,1.0
36242.mp4,36242,minute,exact,1.0
36243.mp4,36243,minute,exact,1.0
36244.mp4,36244,minute,exact,1.0
36245.mp4,36245,minute,exact,1.0
36248.mp4,36248,minute,exact,1.0
36249.mp4,36249,minute,exact,1.0
36251.mp4,36251,minute,exact,1.0
36260.mp4,36260,mirror,exact,1.0
36261.mp4,36261,mirror,exact,1.0
36262.mp4,36262,mirror,exact,1.0
36263.mp4,36263,mirror,exact,1.0
36264.mp4,36264,mirror,exact,1.0
36266.mp4,36266,mirror,exact,1.0
36269.mp4,36269,mirror,exact,1.0
36335.mp4,36335,miss,exact,1.0
36336.mp4,36336,miss,exact,1.0
36337.mp4,36337,miss,exact,1.0
36342.mp4,36342,miss,exact,1.0
36343.mp4,36343,miss,exact,1.0
36350.mp4,36350,miss,exact,1.0
36351.mp4,36351,miss,exact,1.0
36399.mp4,36399,mistake,exact,1.0
36400.mp4,36400,mistake,exact,1.0
36402.mp4,36402,mistake,exact,1.0
36404.mp4,36404,mistake,exact,1.0
36414.mp4,36414,misunderstand,exact,1.0
36416.mp4,36416,misunderstand,exact,1.0
36419.mp4,36419,misunderstand,exact,1.0
36422.mp4,36422,misunderstand,exact,1.0
36452.mp4,36452,mix,exact,1.0
36453.mp4,36453,mix,exact,1.0
36454.mp4,36454,mix,exact,1.0
36460.mp4,36460,mix,exact,1.0
36462.mp4,36462,mix,exact,1.0
36489.mp4,36489,mock,exact,1.0
36490.mp4,36490,mock,exact,1.0
36492.mp4,36492,mock,exact,1.0
36603.mp4,36603,mom,exact,1.0
36604.mp4,36604,mom,exact,1.0
36605.mp4,36605,mom,exact,1.0
36606.mp4,36606,mom,exact,1.0
36607.mp4,36607,mom,exact,1.0
36611.mp4,36611,mom,exact,1.0
36630.mp4,36630,monday,exact,1.0
36631.mp4,36631,monday,exact,1.0
36632.mp4,36632,monday,exact,1.0
36633.mp4,36633,monday,exact,1.0
36635.mp4,36635,monday,exact,1.0
36648.mp4,36648,money,exact,1.0
36651.mp4,36651,money,exact,1.0
36652.mp4,36652,money,exact,1.0
36654.mp4,36654,money,exact,1.0
36660.mp4,36660,money,exact,1.0
36678.mp4,36678,monkey,exact,1.0
36679.mp4,36679,monkey,exact,1.0
36680.mp4,36680,monkey,exact,1.0
36681.mp4,36681,monkey,exact,1.0
36683.mp4,36683,monkey,exact,1.0
36687.mp4,36687,monkey,exact,1.0
36713.mp4,36713,monster,exact,1.0
36714.mp4,36714,monster,exact,1.0
36715.mp4,36715,monster,exact,1.0
36717.mp4,36717,monster,exact,1.0
36720.mp4,36720,monster,exact,1.0
36733.mp4,36733,month,exact,1.0
36734.mp4,36734,month,exact,1.0
36735.mp4,36735,month,exact,1.0
36736.mp4,36736,month,exact,1.0
36738.mp4,36738,month,exact,1.0
36741.mp4,36741,month,exact,1.0
36744.mp4,36744,monthly,exact,1.0
36745.mp4,36745,monthly,exact,1.0
36747.mp4,36747,monthly,exact,1.0
36750.mp4,36750,monthly,exact,1.0
36779.mp4,36779,moon,exact,1.0
36780.mp4,36780,moon,exact,1.0
36781.mp4,36781,moon,exact,1.0
36782.mp4,36782,moon,exact,1.0
36783.mp4,36783,moon,exact,1.0
36791.mp4,36791,moon,exact,1.0
36801.mp4,36801,moose,exact,1.0
36802.mp4,36802,moose,exact,1.0
36804.mp4,36804,moose,exact,1.0
36808.mp4,36808,moose,exact,1.0
36827.mp4,36827,more,exact,1.0
36828.mp4,36828,more,exact,1.0
36829.mp4,36829,more,exact,1.0
36830.mp4,36830,more,exact,1.0
36834.mp4,36834,more,exact,1.0
36836.mp4,36836,more,exact,1.0
36840.mp4,36840,more,exact,1.0
36857.mp4,36857,morning,exact,1.0
36858.mp4,36858,morning,exact,1.0
36859.mp4,36859,morning,exact,1.0
36860.mp4,36860,morning,exact,1.0
36863.mp4,36863,morning,exact,1.0
36866.mp4,36866,morning,exact,1.0
36901.mp4,36901,mosquito,exact,1.0
36903.mp4,36903,mosquito,exact,1.0
36906.mp4,36906,mosquito,exact,1.0
36910.mp4,36910,mosquito,exact,1.0
36913.mp4,36913,most,exact,1.0
36914.mp4,36914,most,exact,1.0
36915.mp4,36915,most,exact,1.0
36916.mp4,36916,most,exact,1.0
36918.mp4,36918,most,exact,1.0
36922.mp4,36922,most,exact,1.0
36929.mp4,36929,mother,exact,1.0
36930.mp4,36930,mother,exact,1.0
36931.mp4,36931,mother,exact,1.0
36932.mp4,36932,mother,exact,1.0
36933.mp4,36933,mother,exact,1.0
36936.mp4,36936,mother,exact,1.0
36937.mp4,36937,mother,exact,1.0
36946.mp4,36946,mother,exact,1.0
36969.mp4,36969,motivate,exact,1.0
36970.mp4,36970,motivate,exact,1.0
36971.mp4,36971,motivate,exact,1.0
36973.mp4,36973,motivate,exact,1.0
36975.mp4,36975,motivate,exact,1.0
36992.mp4,36992,motorcycle,exact,1.0
36993.mp4,36993,motorcycle,exact,1.0
36994.mp4,36994,motorcycle,exact,1.0
36995.mp4,36995,motorcycle,exact,1.0
36996.mp4,36996,motorcycle,exact,1.0
36998.mp4,36998,motorcycle,exact,1.0
37001.mp4,37001,motorcycle,exact,1.0
37003.mp4,37003,motor,exact,1.0
37004.mp4,37004,motor,exact,1.0
37006.mp4,37006,motor,exact,1.0
37008.mp4,37008,motor,exact,1.0
37017.mp4,37017,mountain,exact,1.0
37018.mp4,37018,mountain,exact,1.0
37019.mp4,37019,mountain,exact,1.0
37022.mp4,37022,mountain,exact,1.0
37026.mp4,37026,mountain,exact,1.0
37040.mp4,37040,mouse,exact,1.0
37042.mp4,37042,mouse,exact,1.0
37043.mp4,37043,mouse,exact,1.0
37046.mp4,37046,mouse,exact,1.0
37053.mp4,37053,mouse,exact,1.0
37062.mp4,37062,mouth,exact,1.0
37063.mp4,37063,mouth,exact,1.0
37065.mp4,37065,mouth,exact,1.0
37068.mp4,37068,mouth,exact,1.0
37085.mp4,37085,move,exact,1.0
37086.mp4,37086,move,exact,1.0
37087.mp4,37087,move,exact,1.0
37089.mp4,37089,move,exact,1.0
37093.mp4,37093,move,exact,1.0
37094.mp4,37094,move,exact,1.0
37097.mp4,37097,move,exact,1.0
37098.mp4,37098,move,exact,1.0
37102.mp4,37102,move,exact,1.0
37125.mp4,37125,movie,exact,1.0
37126.mp4,37126,movie,exact,1.0
37127.mp4,37127,movie,exact,1.0
37129.mp4,37129,movie,exact,1.0
37152.mp4,37152,movie,exact,1.0
37194.mp4,37194,much,exact,1.0
37195.mp4,37195,much,exact,1.0
37196.mp4,37196,much,exact,1.0
37198.mp4,37198,much,exact,1.0
37202.mp4,37202,much,exact,1.0
37267.mp4,37267,multiply,exact,1.0
37268.mp4,37268,multiply,exact,1.0
37269.mp4,37269,multiply,exact,1.0
37270.mp4,37270,multiply,exact,1.0
37273.mp4,37273,multiply,exact,1.0
37278.mp4,37278,multiply,exact,1.0
37305.mp4,37305,murder,exact,1.0
37306.mp4,37306,murder,exact,1.0
37308.mp4,37308,murder,exact,1.0
37310.mp4,37310,murder,exact,1.0
37314.mp4,37314,muscle,exact,1.0
37315.mp4,37315,muscle,exact,1.0
37316.mp4,37316,muscle,exact,1.0
37318.mp4,37318,muscle,exact,1.0
37324.mp4,37324,muscle,exact,1.0
37333.mp4,37333,museum,exact,1.0
37334.mp4,37334,museum,exact,1.0
37335.mp4,37335,museum,exact,1.0
37341.mp4,37341,museum,exact,1.0
37344.mp4,37344,mushroom,exact,1.0
37345.mp4,37345,mushroom,exact,1.0
37346.mp4,37346,mushroom,exact,1.0
37347.mp4,37347,mushroom,exact,1.0
37350.mp4,37350,mushroom,exact,1.0
37363.mp4,37363,music,exact,1.0
37364.mp4,37364,music,exact,1.0
37365.mp4,37365,music,exact,1.0
37367.mp4,37367,music,exact,1.0
37369.mp4,37369,music,exact,1.0
37370.mp4,37370,music,exact,1.0
37373.mp4,37373,music,exact,1.0
37397.mp4,37397,mustache,exact,1.0
37398.mp4,37398,mustache,exact,1.0
37399.mp4,37399,mustache,exact,1.0
37400.mp4,37400,mustache,exact,1.0
37403.mp4,37403,mustache,exact,1.0
37418.mp4,37418,must,exact,1.0
37419.mp4,37419,must,exact,1.0
37421.mp4,37421,must,exact,1.0
37425.mp4,37425,must,exact,1.0
37427.mp4,37427,must,exact,1.0
37430.mp4,37430,must,exact,1.0
37432.mp4,37432,must,exact,1.0
37469.mp4,37469,my,exact,1.0
37470.mp4,37470,my,exact,1.0
37471.mp4,37471,my,exact,1.0
37473.mp4,37473,my,exact,1.0
37477.mp4,37477,my,exact,1.0
37483.mp4,37483,myself,exact,1.0
37484.mp4,37484,myself,exact,1.0
37485.mp4,37485,myself,exact,1.0
37488.mp4,37488,myself,exact,1.0
37489.mp4,37489,myself,exact,1.0
37490.mp4,37490,myself,exact,1.0
37580.mp4,37580,name,exact,1.0
37581.mp4,37581,name,exact,1.0
37582.mp4,37582,name,exact,1.0
37585.mp4,37585,name,exact,1.0
37590.mp4,37590,name,exact,1.0
37611.mp4,37611,napkin,exact,1.0
37612.mp4,37612,napkin,exact,1.0
37613.mp4,37613,napkin,exact,1.0
37614.mp4,37614,napkin,exact,1.0
37616.mp4,37616,napkin,exact,1.0
37617.mp4,37617,napkin,exact,1.0
37647.mp4,37647,narrow,exact,1.0
37648.mp4,37648,narrow,exact,1.0
37650.mp4,37650,narrow,exact,1.0
37652.mp4,37652,narrow,exact,1.0
37683.mp4,37683,nation,exact,1.0
37684.mp4,37684,nation,exact,1.0
37685.mp4,37685,nation,exact,1.0
37687.mp4,37687,nation,exact,1.0
37690.mp4,37690,nation,exact,1.0
37784.mp4,37784,near,exact,1.0
37785.mp4,37785,near,exact,1.0
37786.mp4,37786,near,exact,1.0
37787.mp4,37787,near,exact,1.0
37788.mp4,37788,near,exact,1.0
37789.mp4,37789,near,exact,1.0
37790.mp4,37790,near,exact,1.0
37794.mp4,37794,near,exact,1.0
37796.mp4,37796,near,exact,1.0
37828.mp4,37828,necessary,exact,1.0
37829.mp4,37829,necessary,exact,1.0
37831.mp4,37831,necessary,exact,1.0
37833.mp4,37833,necessary,exact,1.0
37837.mp4,37837,neck,exact,1.0
37838.mp4,37838,neck,exact,1.0
37839.mp4,37839,neck,exact,1.0
37841.mp4,37841,neck,exact,1.0
37845.mp4,37845,neck,exact,1.0
37850.mp4,37850,necklace,exact,1.0
37851.mp4,37851,necklace,exact,1.0
37852.mp4,37852,necklace,exact,1.0
37853.mp4,37853,necklace,exact,1.0
37854.mp4,37854,necklace,exact,1.0
37855.mp4,37855,necklace,exact,1.0
37859.mp4,37859,necklace,exact,1.0
37864.mp4,37864,necklace,exact,1.0
37881.mp4,37881,need,exact,1.0
37882.mp4,37882,need,exact,1.0
37883.mp4,37883,need,exact,1.0
37884.mp4,37884,need,exact,1.0
37886.mp4,37886,need,exact,1.0
37894.mp4,37894,need,exact,1.0
37910.mp4,37910,negative,exact,1.0
37911.mp4,37911,negative,exact,1.0
37914.mp4,37914,negative,exact,1.0
37915.mp4,37915,negative,exact,1.0
37917.mp4,37917,negative,exact,1.0
37932.mp4,37932,negotiate,exact,1.0
37933.mp4,37933,negotiate,exact,1.0
37940.mp4,37940,negotiate,exact,1.0
37956.mp4,37956,neighbor,exact,1.0
37957.mp4,37957,neighbor,exact,1.0
37958.mp4,37958,neighbor,exact,1.0
37959.mp4,37959,neighbor,exact,1.0
37961.mp4,37961,neighbor,exact,1.0
37962.mp4,37962,neighbor,exact,1.0
37967.mp4,37967,neighbor,exact,1.0
37984.mp4,37984,nephew,exact,1.0
37985.mp4,37985,nephew,exact,1.0
37986.mp4,37986,nephew,exact,1.0
37987.mp4,37987,nephew,exact,1.0
37989.mp4,37989,nephew,exact,1.0
37993.mp4,37993,nephew,exact,1.0
38011.mp4,38011,nervous,exact,1.0
38012.mp4,38012,nervous,exact,1.0
38013.mp4,38013,nervous,exact,1.0
38014.mp4,38014,nervous,exact,1.0
38015.mp4,38015,nervous,exact,1.0
38019.mp4,38019,nervous,exact,1.0
38021.mp4,38021,nervous,exact,1.0
38043.mp4,38043,network,exact,1.0
38044.mp4,38044,network,exact,1.0
38045.mp4,38045,network,exact,1.0
38047.mp4,38047,network,exact,1.0
38048.mp4,38048,network,exact,1.0
38062.mp4,38062,neutral,exact,1.0
38063.mp4,38063,neutral,exact,1.0
38064.mp4,38064,neutral,exact,1.0
38065.mp4,38065,neutral,exact,1.0
38067.mp4,38067,neutral,exact,1.0
38071.mp4,38071,neutral,exact,1.0
38084.mp4,38084,never,exact,1.0
38085.mp4,38085,never,exact,1.0
38086.mp4,38086,never,exact,1.0
38087.mp4,38087,never,exact,1.0
38089.mp4,38089,never,exact,1.0
38092.mp4,38092,never,exact,1.0
38122.mp4,38122,new,exact,1.0
38123.mp4,38123,new,exact,1.0
38124.mp4,38124,new,exact,1.0
38125.mp4,38125,new,exact,1.0
38126.mp4,38126,new,exact,1.0
38127.mp4,38127,new,exact,1.0
38130.mp4,38130,new,exact,1.0
38133.mp4,38133,new,exact,1.0
38178.mp4,38178,newspaper,exact,1.0
38179.mp4,38179,newspaper,exact,1.0
38181.mp4,38181,newspaper,exact,1.0
38186.mp4,38186,newspaper,exact,1.0
38211.mp4,38211,new york,exact,1.0
38212.mp4,38212,new york,exact,1.0
38214.mp4,38214,new york,exact,1.0
38216.mp4,38216,new york,exact,1.0
38231.mp4,38231,next,exact,1.0
38232.mp4,38232,next,exact,1.0
38233.mp4,38233,next,exact,1.0
38238.mp4,38238,next,exact,1.0
38243.mp4,38243,next,exact,1.0
38265.mp4,38265,n,exact,1.0
38267.mp4,38267,n,exact,1.0
38269.mp4,38269,n,exact,1.0
38282.mp4,38282,nice,exact,1.0
38283.mp4,38283,nice,exact,1.0
38284.mp4,38284,nice,exact,1.0
38285.mp4,38285,nice,exact,1.0
38287.mp4,38287,nice,exact,1.0
38293.mp4,38293,nice,exact,1.0
38299.mp4,38299,nickel,exact,1.0
38300.mp4,38300,nickel,exact,1.0
38301.mp4,38301,nickel,exact,1.0
38305.mp4,38305,nickel,exact,1.0
38315.mp4,38315,niece,exact,1.0
38316.mp4,38316,niece,exact,1.0
38317.mp4,38317,niece,exact,1.0
38318.mp4,38318,niece,exact,1.0
38320.mp4,38320,niece,exact,1.0
38324.mp4,38324,niece,exact,1.0
38336.mp4,38336,night,exact,1.0
38337.mp4,38337,night,exact,1.0
38338.mp4,38338,night,exact,1.0
38341.mp4,38341,night,exact,1.0
38345.mp4,38345,night,exact,1.0
38373.mp4,38373,nine,exact,1.0
38374.mp4,38374,nine,exact,1.0
38376.mp4,38376,nine,exact,1.0
38378.mp4,38378,nine,exact,1.0
38396.mp4,38396,nineteen,exact,1.0
38398.mp4,38398,nineteen,exact,1.0
38399.mp4,38399,nineteen,exact,1.0
38401.mp4,38401,nineteen,exact,1.0
38524.mp4,38524,no,exact,1.0
38525.mp4,38525,no,exact,1.0
38527.mp4,38527,no,exact,1.0
38529.mp4,38529,no,exact,1.0
38530.mp4,38530,no,exact,1.0
38532.mp4,38532,no,exact,1.0
38533.mp4,38533,no,exact,1.0
38534.mp4,38534,no,exact,1.0
38544.mp4,38544,no,exact,1.0
38586.mp4,38586,none,exact,1.0
38587.mp4,38587,none,exact,1.0
38588.mp4,38588,none,exact,1.0
38590.mp4,38590,none,exact,1.0
38594.mp4,38594,none,exact,1.0
38621.mp4,38621,noon,exact,1.0
38622.mp4,38622,noon,exact,1.0
38623.mp4,38623,noon,exact,1.0
38624.mp4,38624,noon,exact,1.0
38626.mp4,38626,noon,exact,1.0
38632.mp4,38632,noon,exact,1.0
38643.mp4,38643,normal,exact,1.0
38644.mp4,38644,normal,exact,1.0
38646.mp4,38646,normal,exact,1.0
38648.mp4,38648,normal,exact,1.0
38681.mp4,38681,north,exact,1.0
38682.mp4,38682,north,exact,1.0
38683.mp4,38683,north,exact,1.0
38684.mp4,38684,north,exact,1.0
38685.mp4,38685,north,exact,1.0
38687.mp4,38687,north,exact,1.0
38691.mp4,38691,north,exact,1.0
38701.mp4,38701,northwest,exact,1.0
38702.mp4,38702,northwest,exact,1.0
38704.mp4,38704,northwest,exact,1.0
38706.mp4,38706,northwest,exact,1.0
38728.mp4,38728,nose,exact,1.0
38729.mp4,38729,nose,exact,1.0
38730.mp4,38730,nose,exact,1.0
38731.mp4,38731,nose,exact,1.0
38733.mp4,38733,nose,exact,1.0
38737.mp4,38737,nose,exact,1.0
38830.mp4,38830,nothing,exact,1.0
38841.mp4,38841,nothing,exact,1.0
38842.mp4,38842,nothing,exact,1.0
38844.mp4,38844,nothing,exact,1.0
38849.mp4,38849,nothing,exact,1.0
38857.mp4,38857,not,exact,1.0
38858.mp4,38858,not,exact,1.0
38859.mp4,38859,not,exact,1.0
38860.mp4,38860,not,exact,1.0
38861.mp4,38861,not,exact,1.0
38863.mp4,38863,not,exact,1.0
38868.mp4,38868,not,exact,1.0
38871.mp4,38871,notice,exact,1.0
38872.mp4,38872,notice,exact,1.0
38873.mp4,38873,notice,exact,1.0
38875.mp4,38875,notice,exact,1.0
38878.mp4,38878,notice,exact,1.0
38944.mp4,38944,not yet,exact,1.0
38945.mp4,38945,not yet,exact,1.0
38946.mp4,38946,not yet,exact,1.0
38949.mp4,38949,not yet,exact,1.0
38973.mp4,38973,november,exact,1.0
38974.mp4,38974,november,exact,1.0
38975.mp4,38975,november,exact,1.0
38977.mp4,38977,november,exact,1.0
38980.mp4,38980,november,exact,1.0
38990.mp4,38990,now,exact,1.0
38991.mp4,38991,now,exact,1.0
38994.mp4,38994,now,exact,1.0
38995.mp4,38995,now,exact,1.0
38997.mp4,38997,now,exact,1.0
38999.mp4,38999,now,exact,1.0
39000.mp4,39000,now,exact,1.0
39006.mp4,39006,now,exact,1.0
39032.mp4,39032,number,exact,1.0
39033.mp4,39033,number,exact,1.0
39034.mp4,39034,number,exact,1.0
39036.mp4,39036,number,exact,1.0
39040.mp4,39040,number,exact,1.0
39067.mp4,39067,numerous,exact,1.0
39070.mp4,39070,numerous,exact,1.0
39071.mp4,39071,numerous,exact,1.0
39072.mp4,39072,numerous,exact,1.0
39073.mp4,39073,numerous,exact,1.0
39076.mp4,39076,nun,exact,1.0
39077.mp4,39077,nun,exact,1.0
39080.mp4,39080,nun,exact,1.0
39082.mp4,39082,nun,exact,1.0
39088.mp4,39088,nurse,exact,1.0
39089.mp4,39089,nurse,exact,1.0
39090.mp4,39090,nurse,exact,1.0
39091.mp4,39091,nurse,exact,1.0
39093.mp4,39093,nurse,exact,1.0
39099.mp4,39099,nurse,exact,1.0
39115.mp4,39115,nut,exact,1.0
39116.mp4,39116,nut,exact,1.0
39118.mp4,39118,nut,exact,1.0
39120.mp4,39120,nut,exact,1.0
39198.mp4,39198,objective,exact,1.0
39199.mp4,39199,objective,exact,1.0
39201.mp4,39201,objective,exact,1.0
39203.mp4,39203,objective,exact,1.0
39253.mp4,39253,obsess,exact,1.0
39254.mp4,39254,obsess,exact,1.0
39255.mp4,39255,obsess,exact,1.0
39256.mp4,39256,obsess,exact,1.0
39257.mp4,39257,obsess,exact,1.0
39258.mp4,39258,obsess,exact,1.0
39285.mp4,39285,obtain,exact,1.0
39286.mp4,39286,obtain,exact,1.0
39287.mp4,39287,obtain,exact,1.0
39289.mp4,39289,obtain,exact,1.0
39291.mp4,39291,obtain,exact,1.0
39334.mp4,39334,occur,exact,1.0
39335.mp4,39335,occur,exact,1.0
39337.mp4,39337,occur,exact,1.0
39348.mp4,39348,ocean,exact,1.0
39349.mp4,39349,ocean,exact,1.0
39350.mp4,39350,ocean,exact,1.0
39352.mp4,39352,ocean,exact,1.0
39360.mp4,39360,october,exact,1.0
39361.mp4,39361,october,exact,1.0
39362.mp4,39362,october,exact,1.0
39364.mp4,39364,october,exact,1.0
39368.mp4,39368,october,exact,1.0
39369.mp4,39369,octopus,exact,1.0
39370.mp4,39370,octopus,exact,1.0
39375.mp4,39375,octopus,exact,1.0
39378.mp4,39378,odd,exact,1.0
39379.mp4,39379,odd,exact,1.0
39382.mp4,39382,odd,exact,1.0
39385.mp4,39385,odd,exact,1.0
39387.mp4,39387,odor,exact,1.0
39388.mp4,39388,odor,exact,1.0
39389.mp4,39389,odor,exact,1.0
39390.mp4,39390,odor,exact,1.0
39392.mp4,39392,odor,exact,1.0
39425.mp4,39425,offer,exact,1.0
39426.mp4,39426,offer,exact,1.0
39427.mp4,39427,offer,exact,1.0
39428.mp4,39428,offer,exact,1.0
39430.mp4,39430,offer,exact,1.0
39432.mp4,39432,offer,exact,1.0
39442.mp4,39442,off,exact,1.0
39443.mp4,39443,off,exact,1.0
39444.mp4,39444,off,exact,1.0
39447.mp4,39447,off,exact,1.0
39452.mp4,39452,off,exact,1.0
39453.mp4,39453,off,exact,1.0
39456.mp4,39456,office,exact,1.0
39457.mp4,39457,office,exact,1.0
39458.mp4,39458,office,exact,1.0
39459.mp4,39459,office,exact,1.0
39460.mp4,39460,office,exact,1.0
39462.mp4,39462,office,exact,1.0
39463.mp4,39463,office,exact,1.0
39468.mp4,39468,office,exact,1.0
39504.mp4,39504,often,exact,1.0
39505.mp4,39505,often,exact,1.0
39507.mp4,39507,often,exact,1.0
39510.mp4,39510,often,exact,1.0
39511.mp4,39511,often,exact,1.0
39514.mp4,39514,often,exact,1.0
39553.mp4,39553,o,exact,1.0
39555.mp4,39555,o,exact,1.0
39557.mp4,39557,o,exact,1.0
39583.mp4,39583,ok,exact,1.0
39584.mp4,39584,ok,exact,1.0
39585.mp4,39585,ok,exact,1.0
39586.mp4,39586,ok,exact,1.0
39589.mp4,39589,ok,exact,1.0
39592.mp4,39592,ok,exact,1.0
39596.mp4,39596,ok,exact,1.0
39624.mp4,39624,old,exact,1.0
39625.mp4,39625,old,exact,1.0
39626.mp4,39626,old,exact,1.0
39627.mp4,39627,old,exact,1.0
39632.mp4,39632,old,exact,1.0
39635.mp4,39635,old,exact,1.0
39647.mp4,39647,olympics,exact,1.0
39649.mp4,39649,olympics,exact,1.0
39652.mp4,39652,olympics,exact,1.0
39679.mp4,39679,once,exact,1.0
39680.mp4,39680,once,exact,1.0
39682.mp4,39682,once,exact,1.0
39686.mp4,39686,once,exact,1.0
39742.mp4,39742,one,exact,1.0
39743.mp4,39743,one,exact,1.0
39744.mp4,39744,one,exact,1.0
39747.mp4,39747,one,exact,1.0
39748.mp4,39748,one,exact,1.0
39750.mp4,39750,one,exact,1.0
39839.mp4,39839,on,exact,1.0
39840.mp4,39840,on,exact,1.0
39841.mp4,39841,on,exact,1.0
39845.mp4,39845,on,exact,1.0
39847.mp4,39847,onion,exact,1.0
39848.mp4,39848,onion,exact,1.0
39849.mp4,39849,onion,exact,1.0
39850.mp4,39850,onion,exact,1.0
39851.mp4,39851,onion,exact,1.0
39853.mp4,39853,onion,exact,1.0
39854.mp4,39854,onion,exact,1.0
39857.mp4,39857,onion,exact,1.0
39874.mp4,39874,only,exact,1.0
39875.mp4,39875,only,exact,1.0
39877.mp4,39877,only,exact,1.0
39878.mp4,39878,only,exact,1.0
39879.mp4,39879,only,exact,1.0
39881.mp4,39881,only,exact,1.0
39951.mp4,39951,open,exact,1.0
39952.mp4,39952,open,exact,1.0
39953.mp4,39953,open,exact,1.0
39955.mp4,39955,open,exact,1.0
39956.mp4,39956,open,exact,1.0
39957.mp4,39957,open,exact,1.0
39962.mp4,39962,open,exact,1.0
39984.mp4,39984,operate,exact,1.0
39985.mp4,39985,operate,exact,1.0
39986.mp4,39986,operate,exact,1.0
39990.mp4,39990,operate,exact,1.0
39995.mp4,39995,operate,exact,1.0
39996.mp4,39996,operate,exact,1.0
40011.mp4,40011,opinion,exact,1.0
40012.mp4,40012,opinion,exact,1.0
40013.mp4,40013,opinion,exact,1.0
40014.mp4,40014,opinion,exact,1.0
40021.mp4,40021,opinion,exact,1.0
40050.mp4,40050,opposite,exact,1.0
40051.mp4,40051,opposite,exact,1.0
40052.mp4,40052,opposite,exact,1.0
40054.mp4,40054,opposite,exact,1.0
40056.mp4,40056,opposite,exact,1.0
40097.mp4,40097,oral,exact,1.0
40102.mp4,40102,oral,exact,1.0
40104.mp4,40104,oral,exact,1.0
40115.mp4,40115,orange,exact,1.0
40116.mp4,40116,orange,exact,1.0
40117.mp4,40117,orange,exact,1.0
40118.mp4,40118,orange,exact,1.0
40119.mp4,40119,orange,exact,1.0
40121.mp4,40121,orange,exact,1.0
40129.mp4,40129,orange,exact,1.0
40130.mp4,40130,orange,exact,1.0
40169.mp4,40169,order,exact,1.0
40171.mp4,40171,order,exact,1.0
40172.mp4,40172,order,exact,1.0
40177.mp4,40177,order,exact,1.0
40178.mp4,40178,order,exact,1.0
40179.mp4,40179,order,exact,1.0
40183.mp4,40183,order,exact,1.0
40184.mp4,40184,order,exact,1.0
40229.mp4,40229,organize,exact,1.0
40230.mp4,40230,organize,exact,1.0
40231.mp4,40231,organize,exact,1.0
40234.mp4,40234,organize,exact,1.0
40235.mp4,40235,organize,exact,1.0
40239.mp4,40239,or,exact,1.0
40240.mp4,40240,or,exact,1.0
40242.mp4,40242,or,exact,1.0
40313.mp4,40313,other,exact,1.0
40314.mp4,40314,other,exact,1.0
40315.mp4,40315,other,exact,1.0
40317.mp4,40317,other,exact,1.0
40321.mp4,40321,other,exact,1.0
40342.mp4,40342,our,exact,1.0
40343.mp4,40343,our,exact,1.0
40345.mp4,40345,our,exact,1.0
40347.mp4,40347,our,exact,1.0
40397.mp4,40397,out,exact,1.0
40398.mp4,40398,out,exact,1.0
40399.mp4,40399,out,exact,1.0
40403.mp4,40403,out,exact,1.0
40409.mp4,40409,out,exact,1.0
40464.mp4,40464,outside,exact,1.0
40465.mp4,40465,outside,exact,1.0
40467.mp4,40467,outside,exact,1.0
40468.mp4,40468,outside,exact,1.0
40469.mp4,40469,outside,exact,1.0
40470.mp4,40470,outside,exact,1.0
40474.mp4,40474,outside,exact,1.0
40476.mp4,40476,outside,exact,1.0
40477.mp4,40477,outside,exact,1.0
40528.mp4,40528,overcome,exact,1.0
40529.mp4,40529,overcome,exact,1.0
40531.mp4,40531,overcome,exact,1.0
40532.mp4,40532,overcome,exact,1.0
40533.mp4,40533,overcome,exact,1.0
40559.mp4,40559,over,exact,1.0
40560.mp4,40560,over,exact,1.0
40561.mp4,40561,over,exact,1.0
40565.mp4,40565,over,exact,1.0
40566.mp4,40566,over,exact,1.0
40569.mp4,40569,over,exact,1.0
40577.mp4,40577,overlook,exact,1.0
40578.mp4,40578,overlook,exact,1.0
40579.mp4,40579,overlook,exact,1.0
40581.mp4,40581,overlook,exact,1.0
40635.mp4,40635,overwhelm,exact,1.0
40636.mp4,40636,overwhelm,exact,1.0
40637.mp4,40637,overwhelm,exact,1.0
40638.mp4,40638,overwhelm,exact,1.0
40639.mp4,40639,overwhelm,exact,1.0
40640.mp4,40640,overwhelm,exact,1.0
40642.mp4,40642,overwhelm,exact,1.0
40650.mp4,40650,owe,exact,1.0
40651.mp4,40651,owe,exact,1.0
40652.mp4,40652,owe,exact,1.0
40654.mp4,40654,owe,exact,1.0
40657.mp4,40657,owe,exact,1.0
40659.mp4,40659,owl,exact,1.0
40660.mp4,40660,owl,exact,1.0
40661.mp4,40661,owl,exact,1.0
40664.mp4,40664,owl,exact,1.0
40722.mp4,40722,pack,exact,1.0
40723.mp4,40723,pack,exact,1.0
40726.mp4,40726,pack,exact,1.0
40728.mp4,40728,pack,exact,1.0
40759.mp4,40759,page,exact,1.0
40760.mp4,40760,page,exact,1.0
40761.mp4,40761,page,exact,1.0
40764.mp4,40764,page,exact,1.0
40770.mp4,40770,page,exact,1.0
40802.mp4,40802,pain,exact,1.0
40803.mp4,40803,pain,exact,1.0
40806.mp4,40806,pain,exact,1.0
40807.mp4,40807,pain,exact,1.0
40810.mp4,40810,pain,exact,1.0
40828.mp4,40828,painter,exact,1.0
40829.mp4,40829,painter,exact,1.0
40830.mp4,40830,painter,exact,1.0
40831.mp4,40831,painter,exact,1.0
40833.mp4,40833,painter,exact,1.0
40834.mp4,40834,paint,exact,1.0
40835.mp4,40835,paint,exact,1.0
40836.mp4,40836,paint,exact,1.0
40837.mp4,40837,paint,exact,1.0
40840.mp4,40840,paint,exact,1.0
40841.mp4,40841,paint,exact,1.0
40847.mp4,40847,paint,exact,1.0
40985.mp4,40985,pants,exact,1.0
40986.mp4,40986,pants,exact,1.0
40987.mp4,40987,pants,exact,1.0
40988.mp4,40988,pants,exact,1.0
40991.mp4,40991,pants,exact,1.0
40992.mp4,40992,pants,exact,1.0
40996.mp4,40996,pants,exact,1.0
41025.mp4,41025,paper,exact,1.0
41026.mp4,41026,paper,exact,1.0
41027.mp4,41027,paper,exact,1.0
41028.mp4,41028,paper,exact,1.0
41029.mp4,41029,paper,exact,1.0
41030.mp4,41030,paper,exact,1.0
41032.mp4,41032,paper,exact,1.0
41037.mp4,41037,paper,exact,1.0
41055.mp4,41055,parachute,exact,1.0
41056.mp4,41056,parachute,exact,1.0
41058.mp4,41058,parachute,exact,1.0
41060.mp4,41060,parachute,exact,1.0
41063.mp4,41063,parade,exact,1.0
41064.mp4,41064,parade,exact,1.0
41065.mp4,41065,parade,exact,1.0
41066.mp4,41066,parade,exact,1.0
41068.mp4,41068,parade,exact,1.0
41070.mp4,41070,parade,exact,1.0
41078.mp4,41078,paragraph,exact,1.0
41079.mp4,41079,paragraph,exact,1.0
41080.mp4,41080,paragraph,exact,1.0
41082.mp4,41082,paragraph,exact,1.0
41084.mp4,41084,paragraph,exact,1.0
41094.mp4,41094,parallel,exact,1.0
41095.mp4,41095,parallel,exact,1.0
41097.mp4,41097,parallel,exact,1.0
41099.mp4,41099,parallel,exact,1.0
41164.mp4,41164,parents,exact,1.0
41165.mp4,41165,parents,exact,1.0
41166.mp4,41166,parents,exact,1.0
41262.mp4,41262,part,exact,1.0
41263.mp4,41263,part,exact,1.0
41265.mp4,41265,part,exact,1.0
41267.mp4,41267,part,exact,1.0
41311.mp4,41311,party,exact,1.0
41312.mp4,41312,party,exact,1.0
41315.mp4,41315,party,exact,1.0
41316.mp4,41316,party,exact,1.0
41317.mp4,41317,party,exact,1.0
41321.mp4,41321,party,exact,1.0
41322.mp4,41322,party,exact,1.0
41325.mp4,41325,party,exact,1.0
41350.mp4,41350,pass,exact,1.0
41352.mp4,41352,pass,exact,1.0
41356.mp4,41356,pass,exact,1.0
41357.mp4,41357,pass,exact,1.0
41364.mp4,41364,pass,exact,1.0
41365.mp4,41365,pass,exact,1.0
41446.mp4,41446,past,exact,1.0
41447.mp4,41447,past,exact,1.0
41448.mp4,41448,past,exact,1.0
41449.mp4,41449,past,exact,1.0
41450.mp4,41450,past,exact,1.0
41452.mp4,41452,past,exact,1.0
41453.mp4,41453,past,exact,1.0
41454.mp4,41454,past,exact,1.0
41457.mp4,41457,past,exact,1.0
41480.mp4,41480,path,exact,1.0
41481.mp4,41481,path,exact,1.0
41482.mp4,41482,path,exact,1.0
41483.mp4,41483,path,exact,1.0
41485.mp4,41485,path,exact,1.0
41487.mp4,41487,path,exact,1.0
41506.mp4,41506,patient,exact,1.0
41507.mp4,41507,patient,exact,1.0
41508.mp4,41508,patient,exact,1.0
41509.mp4,41509,patient,exact,1.0
41511.mp4,41511,patient,exact,1.0
41516.mp4,41516,patient,exact,1.0
41553.mp4,41553,pause,exact,1.0
41554.mp4,41554,pause,exact,1.0
41555.mp4,41555,pause,exact,1.0
41559.mp4,41559,pause,exact,1.0
41563.mp4,41563,pause,exact,1.0
41580.mp4,41580,pay attention,exact,1.0
41582.mp4,41582,pay attention,exact,1.0
41584.mp4,41584,pay attention,exact,1.0
41585.mp4,41585,pay attention,exact,1.0
41592.mp4,41592,pay,exact,1.0
41595.mp4,41595,pay,exact,1.0
41596.mp4,41596,pay,exact,1.0
41598.mp4,41598,pay,exact,1.0
41601.mp4,41601,pay,exact,1.0
41608.mp4,41608,pay,exact,1.0
41644.mp4,41644,peaceful,exact,1.0
41645.mp4,41645,peaceful,exact,1.0
41646.mp4,41646,peaceful,exact,1.0
41647.mp4,41647,peaceful,exact,1.0
41648.mp4,41648,peaceful,exact,1.0
41649.mp4,41649,peaceful,exact,1.0
41650.mp4,41650,peaceful,exact,1.0
41653.mp4,41653,peace,exact,1.0
41654.mp4,41654,peace,exact,1.0
41657.mp4,41657,peace,exact,1.0
41659.mp4,41659,peace,exact,1.0
41662.mp4,41662,peach,exact,1.0
41663.mp4,41663,peach,exact,1.0
41664.mp4,41664,peach,exact,1.0
41666.mp4,41666,peach,exact,1.0
41669.mp4,41669,peach,exact,1.0
41670.mp4,41670,peach,exact,1.0
41693.mp4,41693,peanut butter,exact,1.0
41694.mp4,41694,peanut butter,exact,1.0
41696.mp4,41696,peanut butter,exact,1.0
41698.mp4,41698,peanut butter,exact,1.0
41705.mp4,41705,pear,exact,1.0
41708.mp4,41708,pear,exact,1.0
41774.mp4,41774,peel,exact,1.0
41775.mp4,41775,peel,exact,1.0
41777.mp4,41777,peel,exact,1.0
41780.mp4,41780,peel,exact,1.0
41811.mp4,41811,penalty,exact,1.0
41812.mp4,41812,penalty,exact,1.0
41814.mp4,41814,penalty,exact,1.0
41816.mp4,41816,penalty,exact,1.0
41822.mp4,41822,pencil,exact,1.0
41823.mp4,41823,pencil,exact,1.0
41824.mp4,41824,pencil,exact,1.0
41826.mp4,41826,pencil,exact,1.0
41833.mp4,41833,pencil,exact,1.0
41896.mp4,41896,pennsylvania,exact,1.0
41897.mp4,41897,pennsylvania,exact,1.0
41899.mp4,41899,pennsylvania,exact,1.0
41900.mp4,41900,pennsylvania,exact,1.0
41902.mp4,41902,penny,exact,1.0
41905.mp4,41905,penny,exact,1.0
41907.mp4,41907,penny,exact,1.0
41922.mp4,41922,people,exact,1.0
41923.mp4,41923,people,exact,1.0
41924.mp4,41924,people,exact,1.0
41927.mp4,41927,people,exact,1.0
41931.mp4,41931,people,exact,1.0
41938.mp4,41938,pepper,exact,1.0
41939.mp4,41939,pepper,exact,1.0
41940.mp4,41940,pepper,exact,1.0
41941.mp4,41941,pepper,exact,1.0
41942.mp4,41942,pepper,exact,1.0
41943.mp4,41943,pepper,exact,1.0
41945.mp4,41945,pepper,exact,1.0
41976.mp4,41976,percent,exact,1.0
41977.mp4,41977,percent,exact,1.0
41979.mp4,41979,percent,exact,1.0
41982.mp4,41982,percent,exact,1.0
41998.mp4,41998,perfect,exact,1.0
42001.mp4,42001,perfect,exact,1.0
42002.mp4,42002,perfect,exact,1.0
42004.mp4,42004,perfect,exact,1.0
42005.mp4,42005,perfect,exact,1.0
42008.mp4,42008,perfect,exact,1.0
42039.mp4,42039,perfume,exact,1.0
42040.mp4,42040,perfume,exact,1.0
42041.mp4,42041,perfume,exact,1.0
42044.mp4,42044,perfume,exact,1.0
42045.mp4,42045,perfume,exact,1.0
42076.mp4,42076,period,exact,1.0
42080.mp4,42080,period,exact,1.0
42086.mp4,42086,period,exact,1.0
42088.mp4,42088,period,exact,1.0
42137.mp4,42137,permit,exact,1.0
42138.mp4,42138,permit,exact,1.0
42142.mp4,42142,permit,exact,1.0
42148.mp4,42148,permit,exact,1.0
42214.mp4,42214,personality,exact,1.0
42215.mp4,42215,personality,exact,1.0
42217.mp4,42217,personality,exact,1.0
42220.mp4,42220,personality,exact,1.0
42225.mp4,42225,person,exact,1.0
42226.mp4,42226,person,exact,1.0
42227.mp4,42227,person,exact,1.0
42231.mp4,42231,person,exact,1.0
42232.mp4,42232,person,exact,1.0
42239.mp4,42239,person,exact,1.0
42243.mp4,42243,perspective,exact,1.0
42245.mp4,42245,perspective,exact,1.0
42246.mp4,42246,perspective,exact,1.0
42247.mp4,42247,perspective,exact,1.0
42248.mp4,42248,perspective,exact,1.0
42251.mp4,42251,perspective,exact,1.0
42252.mp4,42252,perspective,exact,1.0
42253.mp4,42253,perspective,exact,1.0
42256.mp4,42256,perspective,exact,1.0
42308.mp4,42308,pet,exact,1.0
42309.mp4,42309,pet,exact,1.0
42314.mp4,42314,pet,exact,1.0
42318.mp4,42318,pet,exact,1.0
42379.mp4,42379,philadelphia,exact,1.0
42381.mp4,42381,philadelphia,exact,1.0
42400.mp4,42400,philosophy,exact,1.0
42401.mp4,42401,philosophy,exact,1.0
42403.mp4,42403,philosophy,exact,1.0
42407.mp4,42407,philosophy,exact,1.0
42410.mp4,42410,philosophy,exact,1.0
42423.mp4,42423,phone,exact,1.0
42424.mp4,42424,phone,exact,1.0
42425.mp4,42425,phone,exact,1.0
42428.mp4,42428,phone,exact,1.0
42434.mp4,42434,phone,exact,1.0
42470.mp4,42470,photographer,exact,1.0
42471.mp4,42471,photographer,exact,1.0
42472.mp4,42472,photographer,exact,1.0
42475.mp4,42475,photographer,exact,1.0
42478.mp4,42478,photographer,exact,1.0
42501.mp4,42501,phrase,exact,1.0
42502.mp4,42502,phrase,exact,1.0
42503.mp4,42503,phrase,exact,1.0
42504.mp4,42504,phrase,exact,1.0
42505.mp4,42505,phrase,exact,1.0
42507.mp4,42507,phrase,exact,1.0
42511.mp4,42511,p,exact,1.0
42513.mp4,42513,p,exact,1.0
42516.mp4,42516,p,exact,1.0
42540.mp4,42540,physician,exact,1.0
42541.mp4,42541,physician,exact,1.0
42542.mp4,42542,physician,exact,1.0
42544.mp4,42544,physician,exact,1.0
42545.mp4,42545,physician,exact,1.0
42547.mp4,42547,physician,exact,1.0
42552.mp4,42552,physics,exact,1.0
42553.mp4,42553,physics,exact,1.0
42554.mp4,42554,physics,exact,1.0
42555.mp4,42555,physics,exact,1.0
42557.mp4,42557,physics,exact,1.0
42560.mp4,42560,physics,exact,1.0
42565.mp4,42565,piano,exact,1.0
42566.mp4,42566,piano,exact,1.0
42567.mp4,42567,piano,exact,1.0
42569.mp4,42569,piano,exact,1.0
42571.mp4,42571,piano,exact,1.0
42585.mp4,42585,pick,exact,1.0
42588.mp4,42588,pick,exact,1.0
42589.mp4,42589,pick,exact,1.0
42597.mp4,42597,pick,exact,1.0
42605.mp4,42605,pickle,exact,1.0
42607.mp4,42607,pickle,exact,1.0
42608.mp4,42608,pickle,exact,1.0
42609.mp4,42609,pickle,exact,1.0
42651.mp4,42651,picture,exact,1.0
42652.mp4,42652,picture,exact,1.0
42653.mp4,42653,picture,exact,1.0
42654.mp4,42654,picture,exact,1.0
42656.mp4,42656,picture,exact,1.0
42660.mp4,42660,picture,exact,1.0
42664.mp4,42664,piece,exact,1.0
42665.mp4,42665,piece,exact,1.0
42667.mp4,42667,piece,exact,1.0
42670.mp4,42670,piece,exact,1.0
42671.mp4,42671,pie,exact,1.0
42672.mp4,42672,pie,exact,1.0
42673.mp4,42673,pie,exact,1.0
42675.mp4,42675,pie,exact,1.0
42677.mp4,42677,pie,exact,1.0
42701.mp4,42701,pig,exact,1.0
42702.mp4,42702,pig,exact,1.0
42703.mp4,42703,pig,exact,1.0
42704.mp4,42704,pig,exact,1.0
42706.mp4,42706,pig,exact,1.0
42709.mp4,42709,pig,exact,1.0
42746.mp4,42746,pillow,exact,1.0
42747.mp4,42747,pillow,exact,1.0
42749.mp4,42749,pillow,exact,1.0
42750.mp4,42750,pillow,exact,1.0
42753.mp4,42753,pillow,exact,1.0
42754.mp4,42754,pillow,exact,1.0
42758.mp4,42758,pillow,exact,1.0
42761.mp4,42761,pilot,exact,1.0
42762.mp4,42762,pilot,exact,1.0
42764.mp4,42764,pilot,exact,1.0
42767.mp4,42767,pilot,exact,1.0
42829.mp4,42829,pink,exact,1.0
42830.mp4,42830,pink,exact,1.0
42831.mp4,42831,pink,exact,1.0
42832.mp4,42832,pink,exact,1.0
42833.mp4,42833,pink,exact,1.0
42836.mp4,42836,pink,exact,1.0
42843.mp4,42843,pink,exact,1.0
42939.mp4,42939,pity,exact,1.0
42940.mp4,42940,pity,exact,1.0
42942.mp4,42942,pity,exact,1.0
42945.mp4,42945,pity,exact,1.0
42947.mp4,42947,pity,exact,1.0
42956.mp4,42956,pizza,exact,1.0
42958.mp4,42958,pizza,exact,1.0
42959.mp4,42959,pizza,exact,1.0
42960.mp4,42960,pizza,exact,1.0
42961.mp4,42961,pizza,exact,1.0
42962.mp4,42962,pizza,exact,1.0
42966.mp4,42966,pizza,exact,1.0
42967.mp4,42967,pizza,exact,1.0
42969.mp4,42969,pizza,exact,1.0
42977.mp4,42977,pizza,exact,1.0
42987.mp4,42987,place,exact,1.0
42988.mp4,42988,place,exact,1.0
42989.mp4,42989,place,exact,1.0
42994.mp4,42994,place,exact,1.0
43056.mp4,43056,plan,exact,1.0
43057.mp4,43057,plan,exact,1.0
43058.mp4,43058,plan,exact,1.0
43061.mp4,43061,plan,exact,1.0
43062.mp4,43062,plan,exact,1.0
43067.mp4,43067,plan,exact,1.0
43078.mp4,43078,plant,exact,1.0
43079.mp4,43079,plant,exact,1.0
43081.mp4,43081,plant,exact,1.0
43083.mp4,43083,plant,exact,1.0
43090.mp4,43090,plant,exact,1.0
43113.mp4,43113,plate,exact,1.0
43114.mp4,43114,plate,exact,1.0
43117.mp4,43117,plate,exact,1.0
43124.mp4,43124,plate,exact,1.0
43147.mp4,43147,player,exact,1.0
43149.mp4,43149,player,exact,1.0
43151.mp4,43151,player,exact,1.0
43166.mp4,43166,play,exact,1.0
43167.mp4,43167,play,exact,1.0
43168.mp4,43168,play,exact,1.0
43169.mp4,43169,play,exact,1.0
43170.mp4,43170,play,exact,1.0
43171.mp4,43171,play,exact,1.0
43173.mp4,43173,play,exact,1.0
43174.mp4,43174,play,exact,1.0
43179.mp4,43179,play,exact,1.0
43180.mp4,43180,play,exact,1.0
43217.mp4,43217,please,exact,1.0
43218.mp4,43218,please,exact,1.0
43219.mp4,43219,please,exact,1.0
43220.mp4,43220,please,exact,1.0
43222.mp4,43222,please,exact,1.0
43226.mp4,43226,please,exact,1.0
43254.mp4,43254,plenty,exact,1.0
43255.mp4,43255,plenty,exact,1.0
43257.mp4,43257,plenty,exact,1.0
43258.mp4,43258,plenty,exact,1.0
43261.mp4,43261,plenty,exact,1.0
43339.mp4,43339,plus,exact,1.0
43340.mp4,43340,plus,exact,1.0
43341.mp4,43341,plus,exact,1.0
43342.mp4,43342,plus,exact,1.0
43345.mp4,43345,plus,exact,1.0
43349.mp4,43349,plus,exact,1.0
43367.mp4,43367,pneumonia,exact,1.0
43368.mp4,43368,pneumonia,exact,1.0
43369.mp4,43369,pneumonia,exact,1.0
43371.mp4,43371,pneumonia,exact,1.0
43373.mp4,43373,pneumonia,exact,1.0
43380.mp4,43380,pocket,exact,1.0
43381.mp4,43381,pocket,exact,1.0
43382.mp4,43382,pocket,exact,1.0
43384.mp4,43384,pocket,exact,1.0
43385.mp4,43385,pocket,exact,1.0
43388.mp4,43388,pocket,exact,1.0
43443.mp4,43443,point,exact,1.0
43444.mp4,43444,point,exact,1.0
43445.mp4,43445,point,exact,1.0
43446.mp4,43446,point,exact,1.0
43447.mp4,43447,point,exact,1.0
43452.mp4,43452,point,exact,1.0
43461.mp4,43461,point,exact,1.0
43462.mp4,43462,point,exact,1.0
43507.mp4,43507,polar bear,exact,1.0
43508.mp4,43508,polar bear,exact,1.0
43510.mp4,43510,polar bear,exact,1.0
43511.mp4,43511,polar bear,exact,1.0
43513.mp4,43513,polar bear,exact,1.0
43522.mp4,43522,police,exact,1.0
43523.mp4,43523,police,exact,1.0
43524.mp4,43524,police,exact,1.0
43525.mp4,43525,police,exact,1.0
43528.mp4,43528,police,exact,1.0
43529.mp4,43529,police,exact,1.0
43535.mp4,43535,police,exact,1.0
43536.mp4,43536,policeman,exact,1.0
43537.mp4,43537,policeman,exact,1.0
43538.mp4,43538,policeman,exact,1.0
43539.mp4,43539,policeman,exact,1.0
43540.mp4,43540,policeman,exact,1.0
43553.mp4,43553,policy,exact,1.0
43554.mp4,43554,policy,exact,1.0
43555.mp4,43555,policy,exact,1.0
43557.mp4,43557,policy,exact,1.0
43561.mp4,43561,policy,exact,1.0
43571.mp4,43571,polite,exact,1.0
43572.mp4,43572,polite,exact,1.0
43573.mp4,43573,polite,exact,1.0
43575.mp4,43575,polite,exact,1.0
43580.mp4,43580,polite,exact,1.0
43594.mp4,43594,politics,exact,1.0
43595.mp4,43595,politics,exact,1.0
43596.mp4,43596,politics,exact,1.0
43598.mp4,43598,politics,exact,1.0
43599.mp4,43599,politics,exact,1.0
43671.mp4,43671,poop,exact,1.0
43672.mp4,43672,poop,exact,1.0
43674.mp4,43674,poop,exact,1.0
43677.mp4,43677,poop,exact,1.0
43679.mp4,43679,poor,exact,1.0
43680.mp4,43680,poor,exact,1.0
43681.mp4,43681,poor,exact,1.0
43682.mp4,43682,poor,exact,1.0
43684.mp4,43684,poor,exact,1.0
43689.mp4,43689,poor,exact,1.0
43697.mp4,43697,popcorn,exact,1.0
43698.mp4,43698,popcorn,exact,1.0
43700.mp4,43700,popcorn,exact,1.0
43703.mp4,43703,popcorn,exact,1.0
43726.mp4,43726,popular,exact,1.0
43727.mp4,43727,popular,exact,1.0
43729.mp4,43729,popular,exact,1.0
43730.mp4,43730,popular,exact,1.0
43733.mp4,43733,popular,exact,1.0
43800.mp4,43800,position,exact,1.0
43801.mp4,43801,position,exact,1.0
43802.mp4,43802,position,exact,1.0
43807.mp4,43807,position,exact,1.0
43809.mp4,43809,positive,exact,1.0
43810.mp4,43810,positive,exact,1.0
43812.mp4,43812,positive,exact,1.0
43814.mp4,43814,positive,exact,1.0
43829.mp4,43829,possible,exact,1.0
43830.mp4,43830,possible,exact,1.0
43833.mp4,43833,possible,exact,1.0
43834.mp4,43834,possible,exact,1.0
43835.mp4,43835,possible,exact,1.0
43836.mp4,43836,possible,exact,1.0
43839.mp4,43839,possible,exact,1.0
43873.mp4,43873,post,exact,1.0
43885.mp4,43885,post,exact,1.0
43901.mp4,43901,postpone,exact,1.0
43902.mp4,43902,postpone,exact,1.0
43903.mp4,43903,postpone,exact,1.0
43904.mp4,43904,postpone,exact,1.0
43907.mp4,43907,postpone,exact,1.0
43908.mp4,43908,postpone,exact,1.0
43909.mp4,43909,postpone,exact,1.0
43910.mp4,43910,postpone,exact,1.0
43929.mp4,43929,potato,exact,1.0
43930.mp4,43930,potato,exact,1.0
43931.mp4,43931,potato,exact,1.0
43932.mp4,43932,potato,exact,1.0
43933.mp4,43933,potato,exact,1.0
43935.mp4,43935,potato,exact,1.0
43938.mp4,43938,potato,exact,1.0
43945.mp4,43945,potential,exact,1.0
43946.mp4,43946,potential,exact,1.0
43948.mp4,43948,potential,exact,1.0
43949.mp4,43949,potential,exact,1.0
43950.mp4,43950,potential,exact,1.0
43986.mp4,43986,pound,exact,1.0
43987.mp4,43987,pound,exact,1.0
43988.mp4,43988,pound,exact,1.0
43989.mp4,43989,pound,exact,1.0
43994.mp4,43994,pound,exact,1.0
43996.mp4,43996,pound,exact,1.0
43999.mp4,43999,pour,exact,1.0
44000.mp4,44000,pour,exact,1.0
44001.mp4,44001,pour,exact,1.0
44007.mp4,44007,pour,exact,1.0
44011.mp4,44011,pour,exact,1.0
44019.mp4,44019,poverty,exact,1.0
44020.mp4,44020,poverty,exact,1.0
44023.mp4,44023,poverty,exact,1.0
44024.mp4,44024,poverty,exact,1.0
44045.mp4,44045,power,exact,1.0
44046.mp4,44046,power,exact,1.0
44047.mp4,44047,power,exact,1.0
44050.mp4,44050,power,exact,1.0
44051.mp4,44051,power,exact,1.0
44058.mp4,44058,power,exact,1.0
44081.mp4,44081,practice,exact,1.0
44082.mp4,44082,practice,exact,1.0
44083.mp4,44083,practice,exact,1.0
44085.mp4,44085,practice,exact,1.0
44086.mp4,44086,practice,exact,1.0
44087.mp4,44087,practice,exact,1.0
44088.mp4,44088,practice,exact,1.0
44091.mp4,44091,practice,exact,1.0
44097.mp4,44097,praise,exact,1.0
44098.mp4,44098,praise,exact,1.0
44100.mp4,44100,praise,exact,1.0
44101.mp4,44101,praise,exact,1.0
44103.mp4,44103,praise,exact,1.0
44126.mp4,44126,pray,exact,1.0
44127.mp4,44127,pray,exact,1.0
44128.mp4,44128,pray,exact,1.0
44130.mp4,44130,pray,exact,1.0
44132.mp4,44132,pray,exact,1.0
44136.mp4,44136,pray,exact,1.0
44141.mp4,44141,preacher,exact,1.0
44143.mp4,44143,preacher,exact,1.0
44146.mp4,44146,preacher,exact,1.0
44147.mp4,44147,preach,exact,1.0
44148.mp4,44148,preach,exact,1.0
44149.mp4,44149,preach,exact,1.0
44151.mp4,44151,preach,exact,1.0
44153.mp4,44153,preach,exact,1.0
44167.mp4,44167,precious,exact,1.0
44168.mp4,44168,precious,exact,1.0
44172.mp4,44172,precious,exact,1.0
44175.mp4,44175,precious,exact,1.0
44176.mp4,44176,precipitation,exact,1.0
44177.mp4,44177,precipitation,exact,1.0
44178.mp4,44178,precipitation,exact,1.0
44179.mp4,44179,precipitation,exact,1.0
44180.mp4,44180,precipitation,exact,1.0
44182.mp4,44182,precipitation,exact,1.0
44184.mp4,44184,precise,exact,1.0
44185.mp4,44185,precise,exact,1.0
44186.mp4,44186,precise,exact,1.0
44188.mp4,44188,precise,exact,1.0
44200.mp4,44200,predict,exact,1.0
44201.mp4,44201,predict,exact,1.0
44202.mp4,44202,predict,exact,1.0
44203.mp4,44203,predict,exact,1.0
44206.mp4,44206,predict,exact,1.0
44208.mp4,44208,predict,exact,1.0
44221.mp4,44221,prefer,exact,1.0
44224.mp4,44224,prefer,exact,1.0
44227.mp4,44227,prefer,exact,1.0
44233.mp4,44233,pregnant,exact,1.0
44234.mp4,44234,pregnant,exact,1.0
44235.mp4,44235,pregnant,exact,1.0
44237.mp4,44237,pregnant,exact,1.0
44242.mp4,44242,pregnant,exact,1.0
44273.mp4,44273,prepare,exact,1.0
44274.mp4,44274,prepare,exact,1.0
44275.mp4,44275,prepare,exact,1.0
44276.mp4,44276,prepare,exact,1.0
44278.mp4,44278,prepare,exact,1.0
44281.mp4,44281,prepare,exact,1.0
44299.mp4,44299,preschool,exact,1.0
44301.mp4,44301,preschool,exact,1.0
44303.mp4,44303,preschool,exact,1.0
44320.mp4,44320,presentation,exact,1.0
44321.mp4,44321,presentation,exact,1.0
44322.mp4,44322,presentation,exact,1.0
44323.mp4,44323,presentation,exact,1.0
44324.mp4,44324,presentation,exact,1.0
44325.mp4,44325,presentation,exact,1.0
44327.mp4,44327,presentation,exact,1.0
44329.mp4,44329,presentation,exact,1.0
44333.mp4,44333,present,exact,1.0
44334.mp4,44334,present,exact,1.0
44335.mp4,44335,present,exact,1.0
44344.mp4,44344,present,exact,1.0
44347.mp4,44347,present,exact,1.0
44349.mp4,44349,present,exact,1.0
44350.mp4,44350,present,exact,1.0
44351.mp4,44351,present,exact,1.0
44367.mp4,44367,president,exact,1.0
44368.mp4,44368,president,exact,1.0
44369.mp4,44369,president,exact,1.0
44370.mp4,44370,president,exact,1.0
44371.mp4,44371,president,exact,1.0
44373.mp4,44373,president,exact,1.0
44374.mp4,44374,president,exact,1.0
44378.mp4,44378,president,exact,1.0
44396.mp4,44396,pressure,exact,1.0
44397.mp4,44397,pressure,exact,1.0
44398.mp4,44398,pressure,exact,1.0
44400.mp4,44400,pressure,exact,1.0
44402.mp4,44402,pressure,exact,1.0
44424.mp4,44424,pretty,exact,1.0
44426.mp4,44426,pretty,exact,1.0
44429.mp4,44429,pretty,exact,1.0
44441.mp4,44441,prevent,exact,1.0
44442.mp4,44442,prevent,exact,1.0
44443.mp4,44443,prevent,exact,1.0
44445.mp4,44445,prevent,exact,1.0
44448.mp4,44448,prevent,exact,1.0
44470.mp4,44470,price,exact,1.0
44471.mp4,44471,price,exact,1.0
44473.mp4,44473,price,exact,1.0
44474.mp4,44474,price,exact,1.0
44478.mp4,44478,price,exact,1.0
44485.mp4,44485,pride,exact,1.0
44486.mp4,44486,pride,exact,1.0
44487.mp4,44487,pride,exact,1.0
44488.mp4,44488,pride,exact,1.0
44490.mp4,44490,pride,exact,1.0
44492.mp4,44492,priest,exact,1.0
44493.mp4,44493,priest,exact,1.0
44495.mp4,44495,priest,exact,1.0
44496.mp4,44496,priest,exact,1.0
44500.mp4,44500,priest,exact,1.0
44524.mp4,44524,prince,exact,1.0
44526.mp4,44526,prince,exact,1.0
44529.mp4,44529,prince,exact,1.0
44532.mp4,44532,princess,exact,1.0
44534.mp4,44534,princess,exact,1.0
44537.mp4,44537,princess,exact,1.0
44538.mp4,44538,principal,exact,1.0
44539.mp4,44539,principal,exact,1.0
44541.mp4,44541,principal,exact,1.0
44544.mp4,44544,principal,exact,1.0
44549.mp4,44549,principle,exact,1.0
44550.mp4,44550,principle,exact,1.0
44551.mp4,44551,principle,exact,1.0
44552.mp4,44552,principle,exact,1.0
44555.mp4,44555,principle,exact,1.0
44558.mp4,44558,printer,exact,1.0
44559.mp4,44559,printer,exact,1.0
44560.mp4,44560,printer,exact,1.0
44561.mp4,44561,printer,exact,1.0
44563.mp4,44563,printer,exact,1.0
44566.mp4,44566,printer,exact,1.0
44567.mp4,44567,print,exact,1.0
44568.mp4,44568,print,exact,1.0
44570.mp4,44570,print,exact,1.0
44572.mp4,44572,print,exact,1.0
44584.mp4,44584,priority,exact,1.0
44586.mp4,44586,priority,exact,1.0
44587.mp4,44587,priority,exact,1.0
44588.mp4,44588,priority,exact,1.0
44602.mp4,44602,prison,exact,1.0
44604.mp4,44604,prison,exact,1.0
44606.mp4,44606,prison,exact,1.0
44607.mp4,44607,prison,exact,1.0
44611.mp4,44611,prison,exact,1.0
44624.mp4,44624,private,exact,1.0
44625.mp4,44625,private,exact,1.0
44626.mp4,44626,private,exact,1.0
44628.mp4,44628,private,exact,1.0
44629.mp4,44629,private,exact,1.0
44631.mp4,44631,private,exact,1.0
44633.mp4,44633,private,exact,1.0
44680.mp4,44680,problem,exact,1.0
44681.mp4,44681,problem,exact,1.0
44682.mp4,44682,problem,exact,1.0
44683.mp4,44683,problem,exact,1.0
44684.mp4,44684,problem,exact,1.0
44686.mp4,44686,problem,exact,1.0
44687.mp4,44687,problem,exact,1.0
44691.mp4,44691,problem,exact,1.0
44715.mp4,44715,process,exact,1.0
44716.mp4,44716,process,exact,1.0
44719.mp4,44719,process,exact,1.0
44721.mp4,44721,process,exact,1.0
44733.mp4,44733,procrastinate,exact,1.0
44734.mp4,44734,procrastinate,exact,1.0
44735.mp4,44735,procrastinate,exact,1.0
44737.mp4,44737,procrastinate,exact,1.0
44738.mp4,44738,procrastinate,exact,1.0
44739.mp4,44739,procrastinate,exact,1.0
44741.mp4,44741,procrastinate,exact,1.0
44776.mp4,44776,professional,exact,1.0
44777.mp4,44777,professional,exact,1.0
44778.mp4,44778,professional,exact,1.0
44779.mp4,44779,professional,exact,1.0
44780.mp4,44780,professional,exact,1.0
44782.mp4,44782,professional,exact,1.0
44783.mp4,44783,professional,exact,1.0
44790.mp4,44790,professor,exact,1.0
44791.mp4,44791,professor,exact,1.0
44793.mp4,44793,professor,exact,1.0
44794.mp4,44794,professor,exact,1.0
44796.mp4,44796,professor,exact,1.0
44811.mp4,44811,profit,exact,1.0
44812.mp4,44812,profit,exact,1.0
44814.mp4,44814,profit,exact,1.0
44817.mp4,44817,profit,exact,1.0
44829.mp4,44829,program,exact,1.0
44830.mp4,44830,program,exact,1.0
44831.mp4,44831,program,exact,1.0
44833.mp4,44833,program,exact,1.0
44837.mp4,44837,program,exact,1.0
44843.mp4,44843,progress,exact,1.0
44844.mp4,44844,progress,exact,1.0
44847.mp4,44847,progress,exact,1.0
44849.mp4,44849,progress,exact,1.0
44860.mp4,44860,project,exact,1.0
44862.mp4,44862,project,exact,1.0
44863.mp4,44863,project,exact,1.0
44865.mp4,44865,project,exact,1.0
44868.mp4,44868,project,exact,1.0
44869.mp4,44869,project,exact,1.0
44897.mp4,44897,promise,exact,1.0
44898.mp4,44898,promise,exact,1.0
44900.mp4,44900,promise,exact,1.0
44903.mp4,44903,promise,exact,1.0
44906.mp4,44906,promote,exact,1.0
44907.mp4,44907,promote,exact,1.0
44910.mp4,44910,promote,exact,1.0
44949.mp4,44949,proof,exact,1.0
44950.mp4,44950,proof,exact,1.0
44951.mp4,44951,proof,exact,1.0
44953.mp4,44953,proof,exact,1.0
44956.mp4,44956,proof,exact,1.0
44958.mp4,44958,propaganda,exact,1.0
44962.mp4,44962,propaganda,exact,1.0
44970.mp4,44970,proper,exact,1.0
44971.mp4,44971,proper,exact,1.0
44973.mp4,44973,proper,exact,1.0
44975.mp4,44975,proper,exact,1.0
45051.mp4,45051,prostitute,exact,1.0
45052.mp4,45052,prostitute,exact,1.0
45054.mp4,45054,prostitute,exact,1.0
45057.mp4,45057,prostitute,exact,1.0
45060.mp4,45060,protect,exact,1.0
45061.mp4,45061,protect,exact,1.0
45062.mp4,45062,protect,exact,1.0
45064.mp4,45064,protect,exact,1.0
45067.mp4,45067,protect,exact,1.0
45090.mp4,45090,proud,exact,1.0
45091.mp4,45091,proud,exact,1.0
45092.mp4,45092,proud,exact,1.0
45094.mp4,45094,proud,exact,1.0
45096.mp4,45096,proud,exact,1.0
45098.mp4,45098,prove,exact,1.0
45099.mp4,45099,prove,exact,1.0
45100.mp4,45100,prove,exact,1.0
45101.mp4,45101,prove,exact,1.0
45104.mp4,45104,prove,exact,1.0
45110.mp4,45110,provide,exact,1.0
45111.mp4,45111,provide,exact,1.0
45113.mp4,45113,provide,exact,1.0
45114.mp4,45114,provide,exact,1.0
45117.mp4,45117,provide,exact,1.0
45164.mp4,45164,psychologist,exact,1.0
45166.mp4,45166,psychologist,exact,1.0
45168.mp4,45168,psychologist,exact,1.0
45171.mp4,45171,psychology,exact,1.0
45172.mp4,45172,psychology,exact,1.0
45173.mp4,45173,psychology,exact,1.0
45175.mp4,45175,psychology,exact,1.0
45177.mp4,45177,psychology,exact,1.0
45180.mp4,45180,psychology,exact,1.0
45193.mp4,45193,public,exact,1.0
45194.mp4,45194,public,exact,1.0
45196.mp4,45196,public,exact,1.0
45198.mp4,45198,public,exact,1.0
45199.mp4,45199,public,exact,1.0
45218.mp4,45218,publish,exact,1.0
45219.mp4,45219,publish,exact,1.0
45220.mp4,45220,publish,exact,1.0
45221.mp4,45221,publish,exact,1.0
45223.mp4,45223,publish,exact,1.0
45224.mp4,45224,publish,exact,1.0
45261.mp4,45261,pull,exact,1.0
45262.mp4,45262,pull,exact,1.0
45263.mp4,45263,pull,exact,1.0
45264.mp4,45264,pull,exact,1.0
45265.mp4,45265,pull,exact,1.0
45267.mp4,45267,pull,exact,1.0
45273.mp4,45273,pull,exact,1.0
45324.mp4,45324,pumpkin,exact,1.0
45325.mp4,45325,pumpkin,exact,1.0
45327.mp4,45327,pumpkin,exact,1.0
45330.mp4,45330,pumpkin,exact,1.0
45363.mp4,45363,punish,exact,1.0
45364.mp4,45364,punish,exact,1.0
45365.mp4,45365,punish,exact,1.0
45367.mp4,45367,punish,exact,1.0
45369.mp4,45369,punish,exact,1.0
45410.mp4,45410,purchase,exact,1.0
45411.mp4,45411,purchase,exact,1.0
45413.mp4,45413,purchase,exact,1.0
45416.mp4,45416,purchase,exact,1.0
45419.mp4,45419,pure,exact,1.0
45420.mp4,45420,pure,exact,1.0
45423.mp4,45423,pure,exact,1.0
45425.mp4,45425,pure,exact,1.0
45433.mp4,45433,purple,exact,1.0
45434.mp4,45434,purple,exact,1.0
45435.mp4,45435,purple,exact,1.0
45436.mp4,45436,purple,exact,1.0
45438.mp4,45438,purple,exact,1.0
45443.mp4,45443,purple,exact,1.0
45448.mp4,45448,purpose,exact,1.0
45449.mp4,45449,purpose,exact,1.0
45450.mp4,45450,purpose,exact,1.0
45451.mp4,45451,purpose,exact,1.0
45453.mp4,45453,purpose,exact,1.0
45455.mp4,45455,purpose,exact,1.0
45468.mp4,45468,pursue,exact,1.0
45469.mp4,45469,pursue,exact,1.0
45471.mp4,45471,pursue,exact,1.0
45473.mp4,45473,pursue,exact,1.0
45479.mp4,45479,push,exact,1.0
45480.mp4,45480,push,exact,1.0
45481.mp4,45481,push,exact,1.0
45483.mp4,45483,push,exact,1.0
45487.mp4,45487,push,exact,1.0
45511.mp4,45511,put,exact,1.0
45512.mp4,45512,put,exact,1.0
45513.mp4,45513,put,exact,1.0
45515.mp4,45515,put,exact,1.0
45519.mp4,45519,put,exact,1.0
45525.mp4,45525,put off,exact,1.0
45526.mp4,45526,put off,exact,1.0
45529.mp4,45529,put off,exact,1.0
45530.mp4,45530,put off,exact,1.0
45532.mp4,45532,put off,exact,1.0
45571.mp4,45571,puzzled,exact,1.0
45572.mp4,45572,puzzled,exact,1.0
45574.mp4,45574,puzzled,exact,1.0
45575.mp4,45575,puzzled,exact,1.0
45577.mp4,45577,puzzled,exact,1.0
45597.mp4,45597,q,exact,1.0
45599.mp4,45599,q,exact,1.0
45601.mp4,45601,q,exact,1.0
45637.mp4,45637,quality,exact,1.0
45638.mp4,45638,quality,exact,1.0
45639.mp4,45639,quality,exact,1.0
45640.mp4,45640,quality,exact,1.0
45652.mp4,45652,quarrel,exact,1.0
45655.mp4,45655,quarrel,exact,1.0
45656.mp4,45656,quarrel,exact,1.0
45658.mp4,45658,quarrel,exact,1.0
45663.mp4,45663,quarter,exact,1.0
45664.mp4,45664,quarter,exact,1.0
45665.mp4,45665,quarter,exact,1.0
45669.mp4,45669,quarter,exact,1.0
45673.mp4,45673,quarter,exact,1.0
45685.mp4,45685,queen,exact,1.0
45686.mp4,45686,queen,exact,1.0
45687.mp4,45687,queen,exact,1.0
45689.mp4,45689,queen,exact,1.0
45692.mp4,45692,queen,exact,1.0
45714.mp4,45714,question,exact,1.0
45715.mp4,45715,question,exact,1.0
45719.mp4,45719,question,exact,1.0
45723.mp4,45723,question,exact,1.0
45742.mp4,45742,quick,exact,1.0
45743.mp4,45743,quick,exact,1.0
45746.mp4,45746,quick,exact,1.0
45747.mp4,45747,quick,exact,1.0
45749.mp4,45749,quick,exact,1.0
45757.mp4,45757,quiet,exact,1.0
45758.mp4,45758,quiet,exact,1.0
45759.mp4,45759,quiet,exact,1.0
45760.mp4,45760,quiet,exact,1.0
45762.mp4,45762,quiet,exact,1.0
45767.mp4,45767,quiet,exact,1.0
45780.mp4,45780,quit,exact,1.0
45781.mp4,45781,quit,exact,1.0
45782.mp4,45782,quit,exact,1.0
45783.mp4,45783,quit,exact,1.0
45785.mp4,45785,quit,exact,1.0
45786.mp4,45786,quit,exact,1.0
45789.mp4,45789,quit,exact,1.0
45819.mp4,45819,quote,exact,1.0
45820.mp4,45820,quote,exact,1.0
45821.mp4,45821,quote,exact,1.0
45822.mp4,45822,quote,exact,1.0
45824.mp4,45824,quote,exact,1.0
45826.mp4,45826,quote,exact,1.0
45836.mp4,45836,rabbit,exact,1.0
45837.mp4,45837,rabbit,exact,1.0
45838.mp4,45838,rabbit,exact,1.0
45839.mp4,45839,rabbit,exact,1.0
45840.mp4,45840,rabbit,exact,1.0
45842.mp4,45842,rabbit,exact,1.0
45843.mp4,45843,rabbit,exact,1.0
45851.mp4,45851,rabbit,exact,1.0
45853.mp4,45853,raccoon,exact,1.0
45854.mp4,45854,raccoon,exact,1.0
45855.mp4,45855,raccoon,exact,1.0
45857.mp4,45857,raccoon,exact,1.0
45861.mp4,45861,raccoon,exact,1.0
45864.mp4,45864,race,exact,1.0
45865.mp4,45865,race,exact,1.0
45866.mp4,45866,race,exact,1.0
45867.mp4,45867,race,exact,1.0
45870.mp4,45870,race,exact,1.0
45873.mp4,45873,race,exact,1.0
45907.mp4,45907,radio,exact,1.0
45908.mp4,45908,radio,exact,1.0
45909.mp4,45909,radio,exact,1.0
45910.mp4,45910,radio,exact,1.0
45912.mp4,45912,radio,exact,1.0
45916.mp4,45916,radio,exact,1.0
45928.mp4,45928,rage,exact,1.0
45929.mp4,45929,rage,exact,1.0
45932.mp4,45932,rage,exact,1.0
45936.mp4,45936,rage,exact,1.0
45967.mp4,45967,rainbow,exact,1.0
45968.mp4,45968,rainbow,exact,1.0
45969.mp4,45969,rainbow,exact,1.0
45971.mp4,45971,rainbow,exact,1.0
45975.mp4,45975,rainbow,exact,1.0
45993.mp4,45993,rain,exact,1.0
45994.mp4,45994,rain,exact,1.0
45995.mp4,45995,rain,exact,1.0
45996.mp4,45996,rain,exact,1.0
45998.mp4,45998,rain,exact,1.0
46001.mp4,46001,rain,exact,1.0
46054.mp4,46054,rake,exact,1.0
46055.mp4,46055,rake,exact,1.0
46058.mp4,46058,rake,exact,1.0
46060.mp4,46060,rake,exact,1.0
46165.mp4,46165,rather,exact,1.0
46166.mp4,46166,rather,exact,1.0
46170.mp4,46170,rather,exact,1.0
46173.mp4,46173,rather,exact,1.0
46174.mp4,46174,rat,exact,1.0
46175.mp4,46175,rat,exact,1.0
46176.mp4,46176,rat,exact,1.0
46178.mp4,46178,rat,exact,1.0
46179.mp4,46179,rat,exact,1.0
46182.mp4,46182,rat,exact,1.0
46266.mp4,46266,read,exact,1.0
46267.mp4,46267,read,exact,1.0
46268.mp4,46268,read,exact,1.0
46269.mp4,46269,read,exact,1.0
46272.mp4,46272,read,exact,1.0
46276.mp4,46276,read,exact,1.0
46288.mp4,46288,ready,exact,1.0
46289.mp4,46289,ready,exact,1.0
46291.mp4,46291,ready,exact,1.0
46292.mp4,46292,ready,exact,1.0
46293.mp4,46293,ready,exact,1.0
46296.mp4,46296,ready,exact,1.0
46299.mp4,46299,ready,exact,1.0
46300.mp4,46300,ready,exact,1.0
46305.mp4,46305,ready,exact,1.0
46314.mp4,46314,real,exact,1.0
46315.mp4,46315,real,exact,1.0
46317.mp4,46317,real,exact,1.0
46319.mp4,46319,real,exact,1.0
46327.mp4,46327,realize,exact,1.0
46330.mp4,46330,realize,exact,1.0
46333.mp4,46333,realize,exact,1.0
46336.mp4,46336,realize,exact,1.0
46368.mp4,46368,really,exact,1.0
46369.mp4,46369,really,exact,1.0
46372.mp4,46372,really,exact,1.0
46373.mp4,46373,really,exact,1.0
46374.mp4,46374,really,exact,1.0
46375.mp4,46375,really,exact,1.0
46428.mp4,46428,reason,exact,1.0
46429.mp4,46429,reason,exact,1.0
46430.mp4,46430,reason,exact,1.0
46431.mp4,46431,reason,exact,1.0
46433.mp4,46433,reason,exact,1.0
46436.mp4,46436,reason,exact,1.0
46491.mp4,46491,receive,exact,1.0
46492.mp4,46492,receive,exact,1.0
46493.mp4,46493,receive,exact,1.0
46495.mp4,46495,receive,exact,1.0
46497.mp4,46497,receive,exact,1.0
46500.mp4,46500,recent,exact,1.0
46501.mp4,46501,recent,exact,1.0
46502.mp4,46502,recent,exact,1.0
46503.mp4,46503,recent,exact,1.0
46506.mp4,46506,recent,exact,1.0
46574.mp4,46574,recliner,exact,1.0
46575.mp4,46575,recliner,exact,1.0
46578.mp4,46578,recliner,exact,1.0
46580.mp4,46580,recliner,exact,1.0
46588.mp4,46588,recognize,exact,1.0
46589.mp4,46589,recognize,exact,1.0
46590.mp4,46590,recognize,exact,1.0
46592.mp4,46592,recognize,exact,1.0
46596.mp4,46596,recognize,exact,1.0
46606.mp4,46606,recommend,exact,1.0
46607.mp4,46607,recommend,exact,1.0
46609.mp4,46609,recommend,exact,1.0
46611.mp4,46611,recommend,exact,1.0
46658.mp4,46658,recover,exact,1.0
46659.mp4,46659,recover,exact,1.0
46660.mp4,46660,recover,exact,1.0
46661.mp4,46661,recover,exact,1.0
46663.mp4,46663,recover,exact,1.0
46665.mp4,46665,recover,exact,1.0
46731.mp4,46731,red,exact,1.0
46732.mp4,46732,red,exact,1.0
46733.mp4,46733,red,exact,1.0
46734.mp4,46734,red,exact,1.0
46737.mp4,46737,red,exact,1.0
46742.mp4,46742,red,exact,1.0
46752.mp4,46752,reduce,exact,1.0
46753.mp4,46753,reduce,exact,1.0
46754.mp4,46754,reduce,exact,1.0
46759.mp4,46759,reduce,exact,1.0
46762.mp4,46762,reduce,exact,1.0
46775.mp4,46775,referee,exact,1.0
46776.mp4,46776,referee,exact,1.0
46779.mp4,46779,referee,exact,1.0
46780.mp4,46780,referee,exact,1.0
46783.mp4,46783,referee,exact,1.0
46791.mp4,46791,refer,exact,1.0
46792.mp4,46792,refer,exact,1.0
46793.mp4,46793,refer,exact,1.0
46795.mp4,46795,refer,exact,1.0
46797.mp4,46797,refer,exact,1.0
46863.mp4,46863,refuse,exact,1.0
46864.mp4,46864,refuse,exact,1.0
46865.mp4,46865,refuse,exact,1.0
46867.mp4,46867,refuse,exact,1.0
46870.mp4,46870,refuse,exact,1.0
46927.mp4,46927,regular,exact,1.0
46928.mp4,46928,regular,exact,1.0
46930.mp4,46930,regular,exact,1.0
46957.mp4,46957,rehearse,exact,1.0
46958.mp4,46958,rehearse,exact,1.0
46960.mp4,46960,rehearse,exact,1.0
46961.mp4,46961,rehearse,exact,1.0
46962.mp4,46962,rehearse,exact,1.0
46963.mp4,46963,rehearse,exact,1.0
46965.mp4,46965,rehearse,exact,1.0
47000.mp4,47000,reject,exact,1.0
47001.mp4,47001,reject,exact,1.0
47002.mp4,47002,reject,exact,1.0
47003.mp4,47003,reject,exact,1.0
47005.mp4,47005,reject,exact,1.0
47028.mp4,47028,relate,exact,1.0
47029.mp4,47029,relate,exact,1.0
47030.mp4,47030,relate,exact,1.0
47032.mp4,47032,relate,exact,1.0
47034.mp4,47034,relate,exact,1.0
47038.mp4,47038,relationship,exact,1.0
47039.mp4,47039,relationship,exact,1.0
47040.mp4,47040,relationship,exact,1.0
47042.mp4,47042,relationship,exact,1.0
47059.mp4,47059,relax,exact,1.0
47060.mp4,47060,relax,exact,1.0
47063.mp4,47063,relax,exact,1.0
47066.mp4,47066,relax,exact,1.0
47075.mp4,47075,release,exact,1.0
47076.mp4,47076,release,exact,1.0
47077.mp4,47077,release,exact,1.0
47081.mp4,47081,release,exact,1.0
47083.mp4,47083,release,exact,1.0
47093.mp4,47093,relief,exact,1.0
47094.mp4,47094,relief,exact,1.0
47095.mp4,47095,relief,exact,1.0
47096.mp4,47096,relief,exact,1.0
47097.mp4,47097,relief,exact,1.0
47104.mp4,47104,religion,exact,1.0
47105.mp4,47105,religion,exact,1.0
47106.mp4,47106,religion,exact,1.0
47107.mp4,47107,religion,exact,1.0
47109.mp4,47109,religion,exact,1.0
47112.mp4,47112,religion,exact,1.0
47136.mp4,47136,rely,exact,1.0
47137.mp4,47137,rely,exact,1.0
47139.mp4,47139,rely,exact,1.0
47140.mp4,47140,rely,exact,1.0
47142.mp4,47142,rely,exact,1.0
47175.mp4,47175,remember,exact,1.0
47176.mp4,47176,remember,exact,1.0
47177.mp4,47177,remember,exact,1.0
47178.mp4,47178,remember,exact,1.0
47183.mp4,47183,remember,exact,1.0
47187.mp4,47187,remember,exact,1.0
47221.mp4,47221,remote control,exact,1.0
47222.mp4,47222,remote control,exact,1.0
47224.mp4,47224,remote control,exact,1.0
47225.mp4,47225,remote control,exact,1.0
47237.mp4,47237,remove,exact,1.0
47238.mp4,47238,remove,exact,1.0
47239.mp4,47239,remove,exact,1.0
47240.mp4,47240,remove,exact,1.0
47242.mp4,47242,remove,exact,1.0
47244.mp4,47244,remove,exact,1.0
47271.mp4,47271,rent,exact,1.0
47272.mp4,47272,rent,exact,1.0
47273.mp4,47273,rent,exact,1.0
47277.mp4,47277,rent,exact,1.0
47279.mp4,47279,rent,exact,1.0
47300.mp4,47300,repeat,exact,1.0
47301.mp4,47301,repeat,exact,1.0
47302.mp4,47302,repeat,exact,1.0
47305.mp4,47305,repeat,exact,1.0
47307.mp4,47307,repeat,exact,1.0
47332.mp4,47332,replace,exact,1.0
47333.mp4,47333,replace,exact,1.0
47335.mp4,47335,replace,exact,1.0
47337.mp4,47337,replace,exact,1.0
47342.mp4,47342,reply,exact,1.0
47343.mp4,47343,reply,exact,1.0
47345.mp4,47345,reply,exact,1.0
47347.mp4,47347,reply,exact,1.0
47357.mp4,47357,report,exact,1.0
47358.mp4,47358,report,exact,1.0
47362.mp4,47362,report,exact,1.0
47380.mp4,47380,represent,exact,1.0
47381.mp4,47381,represent,exact,1.0
47382.mp4,47382,represent,exact,1.0
47383.mp4,47383,represent,exact,1.0
47384.mp4,47384,represent,exact,1.0
47385.mp4,47385,represent,exact,1.0
47387.mp4,47387,represent,exact,1.0
47440.mp4,47440,reputation,exact,1.0
47441.mp4,47441,reputation,exact,1.0
47442.mp4,47442,reputation,exact,1.0
47444.mp4,47444,reputation,exact,1.0
47447.mp4,47447,reputation,exact,1.0
47450.mp4,47450,request,exact,1.0
47451.mp4,47451,request,exact,1.0
47453.mp4,47453,request,exact,1.0
47457.mp4,47457,request,exact,1.0
47460.mp4,47460,require,exact,1.0
47461.mp4,47461,require,exact,1.0
47462.mp4,47462,require,exact,1.0
47463.mp4,47463,require,exact,1.0
47466.mp4,47466,require,exact,1.0
47469.mp4,47469,require,exact,1.0
47479.mp4,47479,rescue,exact,1.0
47480.mp4,47480,rescue,exact,1.0
47482.mp4,47482,rescue,exact,1.0
47484.mp4,47484,rescue,exact,1.0
47490.mp4,47490,research,exact,1.0
47492.mp4,47492,research,exact,1.0
47493.mp4,47493,research,exact,1.0
47494.mp4,47494,research,exact,1.0
47496.mp4,47496,research,exact,1.0
47501.mp4,47501,research,exact,1.0
47554.mp4,47554,resign,exact,1.0
47555.mp4,47555,resign,exact,1.0
47557.mp4,47557,resign,exact,1.0
47561.mp4,47561,resign,exact,1.0
47569.mp4,47569,resist,exact,1.0
47572.mp4,47572,resist,exact,1.0
47604.mp4,47604,respect,exact,1.0
47605.mp4,47605,respect,exact,1.0
47606.mp4,47606,respect,exact,1.0
47611.mp4,47611,respect,exact,1.0
47612.mp4,47612,respect,exact,1.0
47615.mp4,47615,respect,exact,1.0
47640.mp4,47640,responsibility,exact,1.0
47641.mp4,47641,responsibility,exact,1.0
47642.mp4,47642,responsibility,exact,1.0
47643.mp4,47643,responsibility,exact,1.0
47644.mp4,47644,responsibility,exact,1.0
47645.mp4,47645,responsible,exact,1.0
47646.mp4,47646,responsible,exact,1.0
47648.mp4,47648,responsible,exact,1.0
47652.mp4,47652,responsible,exact,1.0
47656.mp4,47656,restaurant,exact,1.0
47657.mp4,47657,restaurant,exact,1.0
47658.mp4,47658,restaurant,exact,1.0
47659.mp4,47659,restaurant,exact,1.0
47661.mp4,47661,restaurant,exact,1.0
47666.mp4,47666,restaurant,exact,1.0
47668.mp4,47668,rest,exact,1.0
47669.mp4,47669,rest,exact,1.0
47671.mp4,47671,rest,exact,1.0
47672.mp4,47672,rest,exact,1.0
47675.mp4,47675,rest,exact,1.0
47676.mp4,47676,rest,exact,1.0
47722.mp4,47722,restroom,exact,1.0
47724.mp4,47724,restroom,exact,1.0
47727.mp4,47727,restroom,exact,1.0
47731.mp4,47731,result,exact,1.0
47732.mp4,47732,result,exact,1.0
47733.mp4,47733,result,exact,1.0
47734.mp4,47734,result,exact,1.0
47736.mp4,47736,result,exact,1.0
47738.mp4,47738,result,exact,1.0
47786.mp4,47786,retire,exact,1.0
47787.mp4,47787,retire,exact,1.0
47788.mp4,47788,retire,exact,1.0
47789.mp4,47789,retire,exact,1.0
47790.mp4,47790,retire,exact,1.0
47794.mp4,47794,retire,exact,1.0
47803.mp4,47803,retreat,exact,1.0
47804.mp4,47804,retreat,exact,1.0
47806.mp4,47806,retreat,exact,1.0
47809.mp4,47809,retreat,exact,1.0
47840.mp4,47840,reveal,exact,1.0
47841.mp4,47841,reveal,exact,1.0
47846.mp4,47846,reveal,exact,1.0
47847.mp4,47847,reveal,exact,1.0
47851.mp4,47851,reveal,exact,1.0
47858.mp4,47858,revenge,exact,1.0
47859.mp4,47859,revenge,exact,1.0
47862.mp4,47862,revenge,exact,1.0
47864.mp4,47864,revenge,exact,1.0
47901.mp4,47901,review,exact,1.0
47902.mp4,47902,review,exact,1.0
47903.mp4,47903,review,exact,1.0
47904.mp4,47904,review,exact,1.0
47905.mp4,47905,review,exact,1.0
47906.mp4,47906,review,exact,1.0
47913.mp4,47913,review,exact,1.0
47983.mp4,47983,r,exact,1.0
47985.mp4,47985,r,exact,1.0
47987.mp4,47987,r,exact,1.0
48020.mp4,48020,rich,exact,1.0
48021.mp4,48021,rich,exact,1.0
48022.mp4,48022,rich,exact,1.0
48023.mp4,48023,rich,exact,1.0
48029.mp4,48029,rich,exact,1.0
48032.mp4,48032,rich,exact,1.0
48042.mp4,48042,ride,exact,1.0
48043.mp4,48043,ride,exact,1.0
48044.mp4,48044,ride,exact,1.0
48050.mp4,48050,ride,exact,1.0
48051.mp4,48051,ride,exact,1.0
48054.mp4,48054,ride,exact,1.0
48055.mp4,48055,ride,exact,1.0
48073.mp4,48073,ridiculous,exact,1.0
48074.mp4,48074,ridiculous,exact,1.0
48077.mp4,48077,ridiculous,exact,1.0
48105.mp4,48105,right,exact,1.0
48106.mp4,48106,right,exact,1.0
48107.mp4,48107,right,exact,1.0
48108.mp4,48108,right,exact,1.0
48109.mp4,48109,right,exact,1.0
48114.mp4,48114,right,exact,1.0
48115.mp4,48115,right,exact,1.0
48124.mp4,48124,right,exact,1.0
48126.mp4,48126,right,exact,1.0
48159.mp4,48159,ring,exact,1.0
48160.mp4,48160,ring,exact,1.0
48163.mp4,48163,ring,exact,1.0
48166.mp4,48166,ring,exact,1.0
48175.mp4,48175,ring,exact,1.0
48209.mp4,48209,rise,exact,1.0
48210.mp4,48210,rise,exact,1.0
48212.mp4,48212,rise,exact,1.0
48216.mp4,48216,rise,exact,1.0
48218.mp4,48218,rise,exact,1.0
48219.mp4,48219,rise,exact,1.0
48224.mp4,48224,rise,exact,1.0
48252.mp4,48252,river,exact,1.0
48253.mp4,48253,river,exact,1.0
48255.mp4,48255,river,exact,1.0
48258.mp4,48258,river,exact,1.0
48273.mp4,48273,road,exact,1.0
48274.mp4,48274,road,exact,1.0
48277.mp4,48277,road,exact,1.0
48279.mp4,48279,road,exact,1.0
48298.mp4,48298,roar,exact,1.0
48299.mp4,48299,roar,exact,1.0
48301.mp4,48301,roar,exact,1.0
48303.mp4,48303,roar,exact,1.0
48306.mp4,48306,robber,exact,1.0
48307.mp4,48307,robber,exact,1.0
48308.mp4,48308,robber,exact,1.0
48311.mp4,48311,robber,exact,1.0
48313.mp4,48313,robber,exact,1.0
48325.mp4,48325,rob,exact,1.0
48327.mp4,48327,rob,exact,1.0
48328.mp4,48328,rob,exact,1.0
48329.mp4,48329,rob,exact,1.0
48330.mp4,48330,rob,exact,1.0
48331.mp4,48331,rob,exact,1.0
48334.mp4,48334,rob,exact,1.0
48336.mp4,48336,rob,exact,1.0
48340.mp4,48340,robot,exact,1.0
48341.mp4,48341,robot,exact,1.0
48344.mp4,48344,robot,exact,1.0
48346.mp4,48346,robot,exact,1.0
48371.mp4,48371,rock,exact,1.0
48373.mp4,48373,rock,exact,1.0
48374.mp4,48374,rock,exact,1.0
48376.mp4,48376,rock,exact,1.0
48378.mp4,48378,rock,exact,1.0
48404.mp4,48404,role,exact,1.0
48405.mp4,48405,role,exact,1.0
48406.mp4,48406,role,exact,1.0
48408.mp4,48408,role,exact,1.0
48411.mp4,48411,role,exact,1.0
48489.mp4,48489,roof,exact,1.0
48490.mp4,48490,roof,exact,1.0
48494.mp4,48494,roof,exact,1.0
48499.mp4,48499,roof,exact,1.0
48509.mp4,48509,room,exact,1.0
48510.mp4,48510,room,exact,1.0
48511.mp4,48511,room,exact,1.0
48512.mp4,48512,room,exact,1.0
48513.mp4,48513,room,exact,1.0
48514.mp4,48514,room,exact,1.0
48516.mp4,48516,room,exact,1.0
48517.mp4,48517,room,exact,1.0
48521.mp4,48521,room,exact,1.0
48522.mp4,48522,roommate,exact,1.0
48523.mp4,48523,roommate,exact,1.0
48525.mp4,48525,roommate,exact,1.0
48526.mp4,48526,roommate,exact,1.0
48538.mp4,48538,rooster,exact,1.0
48539.mp4,48539,rooster,exact,1.0
48540.mp4,48540,rooster,exact,1.0
48542.mp4,48542,rooster,exact,1.0
48545.mp4,48545,rooster,exact,1.0
48557.mp4,48557,rope,exact,1.0
48558.mp4,48558,rope,exact,1.0
48560.mp4,48560,rope,exact,1.0
48563.mp4,48563,rope,exact,1.0
48566.mp4,48566,rose,exact,1.0
48567.mp4,48567,rose,exact,1.0
48569.mp4,48569,rose,exact,1.0
48570.mp4,48570,rose,exact,1.0
48573.mp4,48573,rose,exact,1.0
48606.mp4,48606,rough,exact,1.0
48607.mp4,48607,rough,exact,1.0
48608.mp4,48608,rough,exact,1.0
48610.mp4,48610,rough,exact,1.0
48611.mp4,48611,rough,exact,1.0
48614.mp4,48614,rough,exact,1.0
48684.mp4,48684,rubber,exact,1.0
48685.mp4,48685,rubber,exact,1.0
48686.mp4,48686,rubber,exact,1.0
48688.mp4,48688,rubber,exact,1.0
48691.mp4,48691,rubber,exact,1.0
48704.mp4,48704,rude,exact,1.0
48705.mp4,48705,rude,exact,1.0
48706.mp4,48706,rude,exact,1.0
48710.mp4,48710,rude,exact,1.0
48711.mp4,48711,rude,exact,1.0
48719.mp4,48719,rude,exact,1.0
48731.mp4,48731,ruin,exact,1.0
48732.mp4,48732,ruin,exact,1.0
48734.mp4,48734,ruin,exact,1.0
48737.mp4,48737,ruin,exact,1.0
48740.mp4,48740,rule,exact,1.0
48741.mp4,48741,rule,exact,1.0
48743.mp4,48743,rule,exact,1.0
48747.mp4,48747,rule,exact,1.0
48752.mp4,48752,rule,exact,1.0
48797.mp4,48797,run,exact,1.0
48798.mp4,48798,run,exact,1.0
48800.mp4,48800,run,exact,1.0
48801.mp4,48801,run,exact,1.0
48809.mp4,48809,run,exact,1.0
48810.mp4,48810,run,exact,1.0
48827.mp4,48827,run,exact,1.0
48890.mp4,48890,rush,exact,1.0
48891.mp4,48891,rush,exact,1.0
48893.mp4,48893,rush,exact,1.0
48894.mp4,48894,rush,exact,1.0
48897.mp4,48897,rush,exact,1.0
48899.mp4,48899,russia,exact,1.0
48901.mp4,48901,russia,exact,1.0
48902.mp4,48902,russia,exact,1.0
48903.mp4,48903,russia,exact,1.0
48904.mp4,48904,russia,exact,1.0
48907.mp4,48907,russia,exact,1.0
48908.mp4,48908,russia,exact,1.0
48913.mp4,48913,russia,exact,1.0
48971.mp4,48971,sad,exact,1.0
48972.mp4,48972,sad,exact,1.0
48973.mp4,48973,sad,exact,1.0
48974.mp4,48974,sad,exact,1.0
48976.mp4,48976,sad,exact,1.0
48978.mp4,48978,sad,exact,1.0
48983.mp4,48983,sad,exact,1.0
48995.mp4,48995,safe,exact,1.0
48996.mp4,48996,safe,exact,1.0
48997.mp4,48997,safe,exact,1.0
49002.mp4,49002,safe,exact,1.0
49006.mp4,49006,safe,exact,1.0
49077.mp4,49077,salad,exact,1.0
49078.mp4,49078,salad,exact,1.0
49079.mp4,49079,salad,exact,1.0
49081.mp4,49081,salad,exact,1.0
49084.mp4,49084,salad,exact,1.0
49089.mp4,49089,salary,exact,1.0
49090.mp4,49090,salary,exact,1.0
49092.mp4,49092,salary,exact,1.0
49093.mp4,49093,salary,exact,1.0
49094.mp4,49094,salary,exact,1.0
49129.mp4,49129,salt,exact,1.0
49130.mp4,49130,salt,exact,1.0
49131.mp4,49131,salt,exact,1.0
49132.mp4,49132,salt,exact,1.0
49134.mp4,49134,salt,exact,1.0
49140.mp4,49140,salt,exact,1.0
49149.mp4,49149,salute,exact,1.0
49150.mp4,49150,salute,exact,1.0
49152.mp4,49152,salute,exact,1.0
49156.mp4,49156,salute,exact,1.0
49173.mp4,49173,same,exact,1.0
49174.mp4,49174,same,exact,1.0
49175.mp4,49175,same,exact,1.0
49176.mp4,49176,same,exact,1.0
49178.mp4,49178,same,exact,1.0
49181.mp4,49181,same,exact,1.0
49182.mp4,49182,same,exact,1.0
49183.mp4,49183,same,exact,1.0
49188.mp4,49188,same,exact,1.0
49245.mp4,49245,sandwich,exact,1.0
49246.mp4,49246,sandwich,exact,1.0
49247.mp4,49247,sandwich,exact,1.0
49248.mp4,49248,sandwich,exact,1.0
49250.mp4,49250,sandwich,exact,1.0
49251.mp4,49251,sandwich,exact,1.0
49252.mp4,49252,sandwich,exact,1.0
49255.mp4,49255,sandwich,exact,1.0
49318.mp4,49318,satisfy,exact,1.0
49319.mp4,49319,satisfy,exact,1.0
49320.mp4,49320,satisfy,exact,1.0
49324.mp4,49324,satisfy,exact,1.0
49328.mp4,49328,saturday,exact,1.0
49329.mp4,49329,saturday,exact,1.0
49330.mp4,49330,saturday,exact,1.0
49334.mp4,49334,saturday,exact,1.0
49335.mp4,49335,saturday,exact,1.0
49338.mp4,49338,saturday,exact,1.0
49342.mp4,49342,sauce,exact,1.0
49343.mp4,49343,sauce,exact,1.0
49345.mp4,49345,sauce,exact,1.0
49349.mp4,49349,sauce,exact,1.0
49358.mp4,49358,sausage,exact,1.0
49359.mp4,49359,sausage,exact,1.0
49362.mp4,49362,sausage,exact,1.0
49365.mp4,49365,sausage,exact,1.0
49371.mp4,49371,save,exact,1.0
49372.mp4,49372,save,exact,1.0
49374.mp4,49374,save,exact,1.0
49378.mp4,49378,save,exact,1.0
49379.mp4,49379,save,exact,1.0
49380.mp4,49380,save,exact,1.0
49383.mp4,49383,save,exact,1.0
49384.mp4,49384,save,exact,1.0
49410.mp4,49410,saw,exact,1.0
49411.mp4,49411,saw,exact,1.0
49421.mp4,49421,saw,exact,1.0
49430.mp4,49430,say,exact,1.0
49432.mp4,49432,say,exact,1.0
49433.mp4,49433,say,exact,1.0
49436.mp4,49436,say,exact,1.0
49459.mp4,49459,scan,exact,1.0
49460.mp4,49460,scan,exact,1.0
49465.mp4,49465,scan,exact,1.0
49477.mp4,49477,scared,exact,1.0
49478.mp4,49478,scared,exact,1.0
49479.mp4,49479,scared,exact,1.0
49480.mp4,49480,scared,exact,1.0
49482.mp4,49482,scared,exact,1.0
49483.mp4,49483,scared,exact,1.0
49487.mp4,49487,scared,exact,1.0
49538.mp4,49538,schedule,exact,1.0
49539.mp4,49539,schedule,exact,1.0
49540.mp4,49540,schedule,exact,1.0
49542.mp4,49542,schedule,exact,1.0
49547.mp4,49547,schedule,exact,1.0
49595.mp4,49595,school,exact,1.0
49596.mp4,49596,school,exact,1.0
49597.mp4,49597,school,exact,1.0
49598.mp4,49598,school,exact,1.0
49599.mp4,49599,school,exact,1.0
49600.mp4,49600,school,exact,1.0
49602.mp4,49602,school,exact,1.0
49606.mp4,49606,school,exact,1.0
49631.mp4,49631,science,exact,1.0
49632.mp4,49632,science,exact,1.0
49633.mp4,49633,science,exact,1.0
49634.mp4,49634,science,exact,1.0
49635.mp4,49635,science,exact,1.0
49637.mp4,49637,science,exact,1.0
49640.mp4,49640,science,exact,1.0
49644.mp4,49644,scientist,exact,1.0
49645.mp4,49645,scientist,exact,1.0
49646.mp4,49646,scientist,exact,1.0
49648.mp4,49648,scientist,exact,1.0
49651.mp4,49651,scientist,exact,1.0
49653.mp4,49653,scissors,exact,1.0
49654.mp4,49654,scissors,exact,1.0
49655.mp4,49655,scissors,exact,1.0
49656.mp4,49656,scissors,exact,1.0
49658.mp4,49658,scissors,exact,1.0
49659.mp4,49659,scissors,exact,1.0
49663.mp4,49663,scissors,exact,1.0
49672.mp4,49672,scold,exact,1.0
49673.mp4,49673,scold,exact,1.0
49675.mp4,49675,scold,exact,1.0
49691.mp4,49691,score,exact,1.0
49692.mp4,49692,score,exact,1.0
49693.mp4,49693,score,exact,1.0
49694.mp4,49694,score,exact,1.0
49695.mp4,49695,score,exact,1.0
49697.mp4,49697,score,exact,1.0
49699.mp4,49699,score,exact,1.0
49700.mp4,49700,score,exact,1.0
49702.mp4,49702,score,exact,1.0
49706.mp4,49706,score,exact,1.0
49727.mp4,49727,scotland,exact,1.0
49728.mp4,49728,scotland,exact,1.0
49729.mp4,49729,scotland,exact,1.0
49730.mp4,49730,scotland,exact,1.0
49732.mp4,49732,scotland,exact,1.0
49737.mp4,49737,scotland,exact,1.0
49779.mp4,49779,scream,exact,1.0
49783.mp4,49783,scream,exact,1.0
49786.mp4,49786,scream,exact,1.0
49804.mp4,49804,screwdriver,exact,1.0
49805.mp4,49805,screwdriver,exact,1.0
49806.mp4,49806,screwdriver,exact,1.0
49807.mp4,49807,screwdriver,exact,1.0
49809.mp4,49809,screwdriver,exact,1.0
49814.mp4,49814,screwdriver,exact,1.0
49885.mp4,49885,sculpture,exact,1.0
49886.mp4,49886,sculpture,exact,1.0
49887.mp4,49887,sculpture,exact,1.0
49888.mp4,49888,sculpture,exact,1.0
49889.mp4,49889,sculpture,exact,1.0
49890.mp4,49890,sculpture,exact,1.0
49898.mp4,49898,sea,exact,1.0
49899.mp4,49899,sea,exact,1.0
49900.mp4,49900,sea,exact,1.0
49902.mp4,49902,sea,exact,1.0
49931.mp4,49931,search,exact,1.0
49933.mp4,49933,search,exact,1.0
49934.mp4,49934,search,exact,1.0
49936.mp4,49936,search,exact,1.0
49941.mp4,49941,search,exact,1.0
50006.mp4,50006,second,exact,1.0
50007.mp4,50007,second,exact,1.0
50014.mp4,50014,second,exact,1.0
50020.mp4,50020,second,exact,1.0
50023.mp4,50023,second,exact,1.0
50037.mp4,50037,secretary,exact,1.0
50038.mp4,50038,secretary,exact,1.0
50039.mp4,50039,secretary,exact,1.0
50040.mp4,50040,secretary,exact,1.0
50041.mp4,50041,secretary,exact,1.0
50044.mp4,50044,secretary,exact,1.0
50045.mp4,50045,secretary,exact,1.0
50046.mp4,50046,secretary,exact,1.0
50052.mp4,50052,secretary,exact,1.0
50053.mp4,50053,secret,exact,1.0
50054.mp4,50054,secret,exact,1.0
50055.mp4,50055,secret,exact,1.0
50058.mp4,50058,secret,exact,1.0
50059.mp4,50059,secret,exact,1.0
50061.mp4,50061,secret,exact,1.0
50066.mp4,50066,secret,exact,1.0
50120.mp4,50120,see,exact,1.0
50122.mp4,50122,see,exact,1.0
50125.mp4,50125,see,exact,1.0
50128.mp4,50128,see,exact,1.0
50139.mp4,50139,seem,exact,1.0
50140.mp4,50140,seem,exact,1.0
50143.mp4,50143,seem,exact,1.0
50144.mp4,50144,seem,exact,1.0
50146.mp4,50146,seem,exact,1.0
50198.mp4,50198,seldom,exact,1.0
50199.mp4,50199,seldom,exact,1.0
50201.mp4,50201,seldom,exact,1.0
50244.mp4,50244,selfish,exact,1.0
50245.mp4,50245,selfish,exact,1.0
50246.mp4,50246,selfish,exact,1.0
50249.mp4,50249,selfish,exact,1.0
50252.mp4,50252,selfish,exact,1.0
50266.mp4,50266,sell,exact,1.0
50267.mp4,50267,sell,exact,1.0
50268.mp4,50268,sell,exact,1.0
50269.mp4,50269,sell,exact,1.0
50271.mp4,50271,sell,exact,1.0
50274.mp4,50274,sell,exact,1.0
50317.mp4,50317,senate,exact,1.0
50318.mp4,50318,senate,exact,1.0
50319.mp4,50319,senate,exact,1.0
50321.mp4,50321,senate,exact,1.0
50324.mp4,50324,senate,exact,1.0
50330.mp4,50330,send,exact,1.0
50331.mp4,50331,send,exact,1.0
50332.mp4,50332,send,exact,1.0
50336.mp4,50336,send,exact,1.0
50341.mp4,50341,send,exact,1.0
50363.mp4,50363,senior,exact,1.0
50364.mp4,50364,senior,exact,1.0
50365.mp4,50365,senior,exact,1.0
50367.mp4,50367,senior,exact,1.0
50370.mp4,50370,senior,exact,1.0
50372.mp4,50372,senior,exact,1.0
50398.mp4,50398,sensitive,exact,1.0
50399.mp4,50399,sensitive,exact,1.0
50402.mp4,50402,sensitive,exact,1.0
50405.mp4,50405,sensitive,exact,1.0
50408.mp4,50408,sentence,exact,1.0
50409.mp4,50409,sentence,exact,1.0
50410.mp4,50410,sentence,exact,1.0
50411.mp4,50411,sentence,exact,1.0
50414.mp4,50414,sentence,exact,1.0
50415.mp4,50415,sentence,exact,1.0
50420.mp4,50420,sentence,exact,1.0
50432.mp4,50432,separate,exact,1.0
50433.mp4,50433,separate,exact,1.0
50436.mp4,50436,separate,exact,1.0
50437.mp4,50437,separate,exact,1.0
50439.mp4,50439,separate,exact,1.0
50443.mp4,50443,separate,exact,1.0
50453.mp4,50453,september,exact,1.0
50454.mp4,50454,september,exact,1.0
50456.mp4,50456,september,exact,1.0
50459.mp4,50459,september,exact,1.0
50460.mp4,50460,september,exact,1.0
50466.mp4,50466,sequence,exact,1.0
50467.mp4,50467,sequence,exact,1.0
50469.mp4,50469,sequence,exact,1.0
50471.mp4,50471,sequence,exact,1.0
50472.mp4,50472,sequence,exact,1.0
50503.mp4,50503,serious,exact,1.0
50505.mp4,50505,serious,exact,1.0
50506.mp4,50506,serious,exact,1.0
50508.mp4,50508,serious,exact,1.0
50512.mp4,50512,serious,exact,1.0
50529.mp4,50529,serve,exact,1.0
50532.mp4,50532,serve,exact,1.0
50534.mp4,50534,serve,exact,1.0
50537.mp4,50537,serve,exact,1.0
50547.mp4,50547,service,exact,1.0
50548.mp4,50548,service,exact,1.0
50549.mp4,50549,service,exact,1.0
50550.mp4,50550,service,exact,1.0
50551.mp4,50551,service,exact,1.0
50553.mp4,50553,service,exact,1.0
50555.mp4,50555,service,exact,1.0
50582.mp4,50582,settle,exact,1.0
50584.mp4,50584,settle,exact,1.0
50587.mp4,50587,settle,exact,1.0
50617.mp4,50617,seven,exact,1.0
50618.mp4,50618,seven,exact,1.0
50620.mp4,50620,seven,exact,1.0
50623.mp4,50623,seven,exact,1.0
50704.mp4,50704,several,exact,1.0
50705.mp4,50705,several,exact,1.0
50707.mp4,50707,several,exact,1.0
50721.mp4,50721,sew,exact,1.0
50723.mp4,50723,sew,exact,1.0
50727.mp4,50727,sew,exact,1.0
50813.mp4,50813,shame,exact,1.0
50814.mp4,50814,shame,exact,1.0
50815.mp4,50815,shame,exact,1.0
50817.mp4,50817,shame,exact,1.0
50819.mp4,50819,shame,exact,1.0
50826.mp4,50826,shampoo,exact,1.0
50827.mp4,50827,shampoo,exact,1.0
50828.mp4,50828,shampoo,exact,1.0
50830.mp4,50830,shampoo,exact,1.0
50832.mp4,50832,shampoo,exact,1.0
50835.mp4,50835,shape,exact,1.0
50836.mp4,50836,shape,exact,1.0
50837.mp4,50837,shape,exact,1.0
50838.mp4,50838,shape,exact,1.0
50841.mp4,50841,shape,exact,1.0
50845.mp4,50845,shape,exact,1.0
50849.mp4,50849,share,exact,1.0
50850.mp4,50850,share,exact,1.0
50851.mp4,50851,share,exact,1.0
50855.mp4,50855,share,exact,1.0
50856.mp4,50856,share,exact,1.0
50862.mp4,50862,share,exact,1.0
50895.mp4,50895,shave,exact,1.0
50896.mp4,50896,shave,exact,1.0
50902.mp4,50902,shave,exact,1.0
50904.mp4,50904,shave,exact,1.0
50934.mp4,50934,sheep,exact,1.0
50935.mp4,50935,sheep,exact,1.0
50936.mp4,50936,sheep,exact,1.0
50938.mp4,50938,sheep,exact,1.0
50942.mp4,50942,sheep,exact,1.0
50948.mp4,50948,she,exact,1.0
50949.mp4,50949,she,exact,1.0
50951.mp4,50951,she,exact,1.0
50952.mp4,50952,she,exact,1.0
50954.mp4,50954,she,exact,1.0
50957.mp4,50957,shelf,exact,1.0
50958.mp4,50958,shelf,exact,1.0
50960.mp4,50960,shelf,exact,1.0
50964.mp4,50964,shelf,exact,1.0
51020.mp4,51020,shine,exact,1.0
51021.mp4,51021,shine,exact,1.0
51022.mp4,51022,shine,exact,1.0
51023.mp4,51023,shine,exact,1.0
51024.mp4,51024,shine,exact,1.0
51025.mp4,51025,shine,exact,1.0
51027.mp4,51027,shine,exact,1.0
51029.mp4,51029,shine,exact,1.0
51056.mp4,51056,shirt,exact,1.0
51057.mp4,51057,shirt,exact,1.0
51058.mp4,51058,shirt,exact,1.0
51059.mp4,51059,shirt,exact,1.0
51060.mp4,51060,shirt,exact,1.0
51061.mp4,51061,shirt,exact,1.0
51063.mp4,51063,shirt,exact,1.0
51064.mp4,51064,shirt,exact,1.0
51066.mp4,51066,shirt,exact,1.0
51067.mp4,51067,shirt,exact,1.0
51068.mp4,51068,shirt,exact,1.0
51081.mp4,51081,shirt,exact,1.0
51102.mp4,51102,shock,exact,1.0
51103.mp4,51103,shock,exact,1.0
51104.mp4,51104,shock,exact,1.0
51105.mp4,51105,shock,exact,1.0
51106.mp4,51106,shock,exact,1.0
51107.mp4,51107,shock,exact,1.0
51108.mp4,51108,shock,exact,1.0
51114.mp4,51114,shock,exact,1.0
51128.mp4,51128,shoes,exact,1.0
51129.mp4,51129,shoes,exact,1.0
51130.mp4,51130,shoes,exact,1.0
51131.mp4,51131,shoes,exact,1.0
51133.mp4,51133,shoes,exact,1.0
51140.mp4,51140,shoes,exact,1.0
51154.mp4,51154,shoot,exact,1.0
51155.mp4,51155,shoot,exact,1.0
51156.mp4,51156,shoot,exact,1.0
51160.mp4,51160,shoot,exact,1.0
51165.mp4,51165,shoot,exact,1.0
51177.mp4,51177,shop,exact,1.0
51178.mp4,51178,shop,exact,1.0
51180.mp4,51180,shop,exact,1.0
51181.mp4,51181,shop,exact,1.0
51185.mp4,51185,shop,exact,1.0
51197.mp4,51197,shopping,exact,1.0
51198.mp4,51198,shopping,exact,1.0
51199.mp4,51199,shopping,exact,1.0
51220.mp4,51220,short,exact,1.0
51221.mp4,51221,short,exact,1.0
51223.mp4,51223,short,exact,1.0
51224.mp4,51224,short,exact,1.0
51225.mp4,51225,short,exact,1.0
51226.mp4,51226,short,exact,1.0
51227.mp4,51227,short,exact,1.0
51231.mp4,51231,short,exact,1.0
51232.mp4,51232,short,exact,1.0
51233.mp4,51233,short,exact,1.0
51235.mp4,51235,short,exact,1.0
51236.mp4,51236,short,exact,1.0
51276.mp4,51276,shoulder,exact,1.0
51278.mp4,51278,shoulder,exact,1.0
51281.mp4,51281,shoulder,exact,1.0
51287.mp4,51287,should,exact,1.0
51288.mp4,51288,should,exact,1.0
51289.mp4,51289,should,exact,1.0
51290.mp4,51290,should,exact,1.0
51292.mp4,51292,should,exact,1.0
51295.mp4,51295,should,exact,1.0
51300.mp4,51300,shout,exact,1.0
51303.mp4,51303,shout,exact,1.0
51306.mp4,51306,shout,exact,1.0
51313.mp4,51313,shovel,exact,1.0
51315.mp4,51315,shovel,exact,1.0
51317.mp4,51317,shovel,exact,1.0
51329.mp4,51329,shower,exact,1.0
51330.mp4,51330,shower,exact,1.0
51331.mp4,51331,shower,exact,1.0
51335.mp4,51335,shower,exact,1.0
51340.mp4,51340,shower,exact,1.0
51345.mp4,51345,show,exact,1.0
51346.mp4,51346,show,exact,1.0
51347.mp4,51347,show,exact,1.0
51348.mp4,51348,show,exact,1.0
51353.mp4,51353,show,exact,1.0
51355.mp4,51355,show,exact,1.0
51356.mp4,51356,show,exact,1.0
51360.mp4,51360,show,exact,1.0
51396.mp4,51396,shrimp,exact,1.0
51397.mp4,51397,shrimp,exact,1.0
51398.mp4,51398,shrimp,exact,1.0
51403.mp4,51403,shrimp,exact,1.0
51404.mp4,51404,shrimp,exact,1.0
51408.mp4,51408,shrimp,exact,1.0
51426.mp4,51426,s,exact,1.0
51428.mp4,51428,s,exact,1.0
51430.mp4,51430,s,exact,1.0
51475.mp4,51475,shy,exact,1.0
51476.mp4,51476,shy,exact,1.0
51477.mp4,51477,shy,exact,1.0
51478.mp4,51478,shy,exact,1.0
51480.mp4,51480,shy,exact,1.0
51501.mp4,51501,sick,exact,1.0
51502.mp4,51502,sick,exact,1.0
51503.mp4,51503,sick,exact,1.0
51504.mp4,51504,sick,exact,1.0
51507.mp4,51507,sick,exact,1.0
51517.mp4,51517,sick,exact,1.0
51544.mp4,51544,side,exact,1.0
51545.mp4,51545,side,exact,1.0
51548.mp4,51548,side,exact,1.0
51552.mp4,51552,side,exact,1.0
51614.mp4,51614,sign,exact,1.0
51615.mp4,51615,sign,exact,1.0
51616.mp4,51616,sign,exact,1.0
51617.mp4,51617,sign,exact,1.0
51621.mp4,51621,sign,exact,1.0
51622.mp4,51622,sign,exact,1.0
51628.mp4,51628,sign,exact,1.0
51637.mp4,51637,sign,exact,1.0
51658.mp4,51658,sign language,exact,1.0
51660.mp4,51660,sign language,exact,1.0
51662.mp4,51662,sign language,exact,1.0
51664.mp4,51664,sign language,exact,1.0
51667.mp4,51667,sign language,exact,1.0
51686.mp4,51686,silent,exact,1.0
51687.mp4,51687,silent,exact,1.0
51688.mp4,51688,silent,exact,1.0
51690.mp4,51690,silent,exact,1.0
51696.mp4,51696,silent,exact,1.0
51703.mp4,51703,silly,exact,1.0
51704.mp4,51704,silly,exact,1.0
51705.mp4,51705,silly,exact,1.0
51706.mp4,51706,silly,exact,1.0
51708.mp4,51708,silly,exact,1.0
51709.mp4,51709,silly,exact,1.0
51710.mp4,51710,silly,exact,1.0
51712.mp4,51712,silly,exact,1.0
51713.mp4,51713,silly,exact,1.0
51716.mp4,51716,silver,exact,1.0
51717.mp4,51717,silver,exact,1.0
51718.mp4,51718,silver,exact,1.0
51719.mp4,51719,silver,exact,1.0
51721.mp4,51721,silver,exact,1.0
51726.mp4,51726,silver,exact,1.0
51728.mp4,51728,similar,exact,1.0
51729.mp4,51729,similar,exact,1.0
51730.mp4,51730,similar,exact,1.0
51731.mp4,51731,similar,exact,1.0
51734.mp4,51734,similar,exact,1.0
51738.mp4,51738,similar,exact,1.0
51749.mp4,51749,simple,exact,1.0
51750.mp4,51750,simple,exact,1.0
51751.mp4,51751,simple,exact,1.0
51755.mp4,51755,simple,exact,1.0
51757.mp4,51757,simple,exact,1.0
51773.mp4,51773,since,exact,1.0
51774.mp4,51774,since,exact,1.0
51775.mp4,51775,since,exact,1.0
51778.mp4,51778,since,exact,1.0
51781.mp4,51781,since,exact,1.0
51796.mp4,51796,singer,exact,1.0
51798.mp4,51798,singer,exact,1.0
51800.mp4,51800,singer,exact,1.0
51801.mp4,51801,singer,exact,1.0
51803.mp4,51803,sing,exact,1.0
51804.mp4,51804,sing,exact,1.0
51806.mp4,51806,sing,exact,1.0
51807.mp4,51807,sing,exact,1.0
51810.mp4,51810,sing,exact,1.0
51814.mp4,51814,single,exact,1.0
51815.mp4,51815,single,exact,1.0
51817.mp4,51817,single,exact,1.0
51818.mp4,51818,single,exact,1.0
51824.mp4,51824,single,exact,1.0
51826.mp4,51826,sin,exact,1.0
51827.mp4,51827,sin,exact,1.0
51829.mp4,51829,sin,exact,1.0
51831.mp4,51831,sin,exact,1.0
51871.mp4,51871,siren,exact,1.0
51872.mp4,51872,siren,exact,1.0
51874.mp4,51874,siren,exact,1.0
51876.mp4,51876,siren,exact,1.0
51883.mp4,51883,sister,exact,1.0
51884.mp4,51884,sister,exact,1.0
51885.mp4,51885,sister,exact,1.0
51886.mp4,51886,sister,exact,1.0
51887.mp4,51887,sister,exact,1.0
51889.mp4,51889,sister,exact,1.0
51916.mp4,51916,sit,exact,1.0
51917.mp4,51917,sit,exact,1.0
51918.mp4,51918,sit,exact,1.0
51919.mp4,51919,sit,exact,1.0
51921.mp4,51921,sit,exact,1.0
51927.mp4,51927,sit,exact,1.0
51933.mp4,51933,situation,exact,1.0
51934.mp4,51934,situation,exact,1.0
51935.mp4,51935,situation,exact,1.0
51937.mp4,51937,situation,exact,1.0
51940.mp4,51940,situation,exact,1.0
51954.mp4,51954,six,exact,1.0
51955.mp4,51955,six,exact,1.0
51957.mp4,51957,six,exact,1.0
51960.mp4,51960,six,exact,1.0
51979.mp4,51979,sixteen,exact,1.0
51981.mp4,51981,sixteen,exact,1.0
51982.mp4,51982,sixteen,exact,1.0
51984.mp4,51984,sixteen,exact,1.0
51986.mp4,51986,sixteen,exact,1.0
52046.mp4,52046,size,exact,1.0
52047.mp4,52047,size,exact,1.0
52049.mp4,52049,size,exact,1.0
52051.mp4,52051,size,exact,1.0
52072.mp4,52072,skate,exact,1.0
52073.mp4,52073,skate,exact,1.0
52076.mp4,52076,skate,exact,1.0
52082.mp4,52082,skeleton,exact,1.0
52083.mp4,52083,skeleton,exact,1.0
52086.mp4,52086,skeleton,exact,1.0
52087.mp4,52087,skeleton,exact,1.0
52089.mp4,52089,skeleton,exact,1.0
52103.mp4,52103,sketch,exact,1.0
52104.mp4,52104,sketch,exact,1.0
52105.mp4,52105,sketch,exact,1.0
52107.mp4,52107,sketch,exact,1.0
52108.mp4,52108,sketch,exact,1.0
52110.mp4,52110,sketch,exact,1.0
52122.mp4,52122,ski,exact,1.0
52128.mp4,52128,ski,exact,1.0
52143.mp4,52143,skill,exact,1.0
52144.mp4,52144,skill,exact,1.0
52147.mp4,52147,skill,exact,1.0
52158.mp4,52158,skin,exact,1.0
52159.mp4,52159,skin,exact,1.0
52160.mp4,52160,skin,exact,1.0
52161.mp4,52161,skin,exact,1.0
52163.mp4,52163,skin,exact,1.0
52167.mp4,52167,skin,exact,1.0
52169.mp4,52169,skinny,exact,1.0
52170.mp4,52170,skinny,exact,1.0
52171.mp4,52171,skinny,exact,1.0
52174.mp4,52174,skinny,exact,1.0
52175.mp4,52175,skinny,exact,1.0
52179.mp4,52179,skinny,exact,1.0
52181.mp4,52181,skip,exact,1.0
52185.mp4,52185,skip,exact,1.0
52188.mp4,52188,skip,exact,1.0
52198.mp4,52198,skirt,exact,1.0
52199.mp4,52199,skirt,exact,1.0
52200.mp4,52200,skirt,exact,1.0
52201.mp4,52201,skirt,exact,1.0
52203.mp4,52203,skirt,exact,1.0
52208.mp4,52208,skirt,exact,1.0
52214.mp4,52214,skunk,exact,1.0
52215.mp4,52215,skunk,exact,1.0
52216.mp4,52216,skunk,exact,1.0
52217.mp4,52217,skunk,exact,1.0
52221.mp4,52221,skunk,exact,1.0
52228.mp4,52228,sky,exact,1.0
52229.mp4,52229,sky,exact,1.0
52230.mp4,52230,sky,exact,1.0
52231.mp4,52231,sky,exact,1.0
52232.mp4,52232,sky,exact,1.0
52235.mp4,52235,sky,exact,1.0
52238.mp4,52238,sky,exact,1.0
52288.mp4,52288,slave,exact,1.0
52289.mp4,52289,slave,exact,1.0
52290.mp4,52290,slave,exact,1.0
52291.mp4,52291,slave,exact,1.0
52293.mp4,52293,slave,exact,1.0
52296.mp4,52296,slave,exact,1.0
52316.mp4,52316,sleep,exact,1.0
52317.mp4,52317,sleep,exact,1.0
52318.mp4,52318,sleep,exact,1.0
52320.mp4,52320,sleep,exact,1.0
52324.mp4,52324,sleep,exact,1.0
52344.mp4,52344,sleepy,exact,1.0
52345.mp4,52345,sleepy,exact,1.0
52348.mp4,52348,sleepy,exact,1.0
52349.mp4,52349,sleepy,exact,1.0
52354.mp4,52354,sleepy,exact,1.0
52373.mp4,52373,slice,exact,1.0
52378.mp4,52378,slice,exact,1.0
52382.mp4,52382,slice,exact,1.0
52430.mp4,52430,slip,exact,1.0
52434.mp4,52434,slip,exact,1.0
52435.mp4,52435,slip,exact,1.0
52441.mp4,52441,slip,exact,1.0
52442.mp4,52442,slip,exact,1.0
52506.mp4,52506,slow,exact,1.0
52507.mp4,52507,slow,exact,1.0
52508.mp4,52508,slow,exact,1.0
52509.mp4,52509,slow,exact,1.0
52510.mp4,52510,slow,exact,1.0
52512.mp4,52512,slow,exact,1.0
52515.mp4,52515,slow,exact,1.0
52551.mp4,52551,small,exact,1.0
52552.mp4,52552,small,exact,1.0
52554.mp4,52554,small,exact,1.0
52555.mp4,52555,small,exact,1.0
52556.mp4,52556,small,exact,1.0
52557.mp4,52557,small,exact,1.0
52560.mp4,52560,small,exact,1.0
52566.mp4,52566,small,exact,1.0
52575.mp4,52575,smart,exact,1.0
52576.mp4,52576,smart,exact,1.0
52578.mp4,52578,smart,exact,1.0
52579.mp4,52579,smart,exact,1.0
52580.mp4,52580,smart,exact,1.0
52581.mp4,52581,smart,exact,1.0
52584.mp4,52584,smart,exact,1.0
52589.mp4,52589,smart,exact,1.0
52603.mp4,52603,smell,exact,1.0
52604.mp4,52604,smell,exact,1.0
52606.mp4,52606,smell,exact,1.0
52609.mp4,52609,smell,exact,1.0
52615.mp4,52615,smile,exact,1.0
52616.mp4,52616,smile,exact,1.0
52617.mp4,52617,smile,exact,1.0
52621.mp4,52621,smile,exact,1.0
52623.mp4,52623,smile,exact,1.0
52651.mp4,52651,smoking,exact,1.0
52656.mp4,52656,smoking,exact,1.0
52660.mp4,52660,smooth,exact,1.0
52662.mp4,52662,smooth,exact,1.0
52663.mp4,52663,smooth,exact,1.0
52665.mp4,52665,smooth,exact,1.0
52668.mp4,52668,smooth,exact,1.0
52686.mp4,52686,snack,exact,1.0
52687.mp4,52687,snack,exact,1.0
52688.mp4,52688,snack,exact,1.0
52691.mp4,52691,snack,exact,1.0
52694.mp4,52694,snack,exact,1.0
52711.mp4,52711,snake,exact,1.0
52712.mp4,52712,snake,exact,1.0
52713.mp4,52713,snake,exact,1.0
52714.mp4,52714,snake,exact,1.0
52716.mp4,52716,snake,exact,1.0
52720.mp4,52720,snake,exact,1.0
52764.mp4,52764,sneeze,exact,1.0
52765.mp4,52765,sneeze,exact,1.0
52767.mp4,52767,sneeze,exact,1.0
52770.mp4,52770,sneeze,exact,1.0
52796.mp4,52796,snob,exact,1.0
52797.mp4,52797,snob,exact,1.0
52798.mp4,52798,snob,exact,1.0
52799.mp4,52799,snob,exact,1.0
52800.mp4,52800,snob,exact,1.0
52802.mp4,52802,snob,exact,1.0
52857.mp4,52857,snow,exact,1.0
52858.mp4,52858,snow,exact,1.0
52859.mp4,52859,snow,exact,1.0
52860.mp4,52860,snow,exact,1.0
52862.mp4,52862,snow,exact,1.0
52863.mp4,52863,snow,exact,1.0
52867.mp4,52867,snow,exact,1.0
52871.mp4,52871,snowman,exact,1.0
52874.mp4,52874,snowman,exact,1.0
52877.mp4,52877,snowman,exact,1.0
52917.mp4,52917,soap,exact,1.0
52918.mp4,52918,soap,exact,1.0
52919.mp4,52919,soap,exact,1.0
52920.mp4,52920,soap,exact,1.0
52921.mp4,52921,soap,exact,1.0
52926.mp4,52926,soap,exact,1.0
52940.mp4,52940,soccer,exact,1.0
52941.mp4,52941,soccer,exact,1.0
52943.mp4,52943,soccer,exact,1.0
52947.mp4,52947,soccer,exact,1.0
52992.mp4,52992,society,exact,1.0
52993.mp4,52993,society,exact,1.0
52997.mp4,52997,society,exact,1.0
53000.mp4,53000,society,exact,1.0
53013.mp4,53013,socks,exact,1.0
53014.mp4,53014,socks,exact,1.0
53015.mp4,53015,socks,exact,1.0
53016.mp4,53016,socks,exact,1.0
53022.mp4,53022,socks,exact,1.0
53024.mp4,53024,soda,exact,1.0
53025.mp4,53025,soda,exact,1.0
53026.mp4,53026,soda,exact,1.0
53028.mp4,53028,soda,exact,1.0
53030.mp4,53030,soda,exact,1.0
53037.mp4,53037,sofa,exact,1.0
53038.mp4,53038,sofa,exact,1.0
53039.mp4,53039,sofa,exact,1.0
53041.mp4,53041,sofa,exact,1.0
53064.mp4,53064,soft,exact,1.0
53065.mp4,53065,soft,exact,1.0
53066.mp4,53066,soft,exact,1.0
53067.mp4,53067,soft,exact,1.0
53068.mp4,53068,soft,exact,1.0
53070.mp4,53070,soft,exact,1.0
53073.mp4,53073,soft,exact,1.0
53119.mp4,53119,soldier,exact,1.0
53120.mp4,53120,soldier,exact,1.0
53123.mp4,53123,soldier,exact,1.0
53126.mp4,53126,soldier,exact,1.0
53153.mp4,53153,solid,exact,1.0
53154.mp4,53154,solid,exact,1.0
53155.mp4,53155,solid,exact,1.0
53157.mp4,53157,solid,exact,1.0
53160.mp4,53160,solid,exact,1.0
53178.mp4,53178,solve,exact,1.0
53179.mp4,53179,solve,exact,1.0
53180.mp4,53180,solve,exact,1.0
53182.mp4,53182,solve,exact,1.0
53196.mp4,53196,someday,exact,1.0
53198.mp4,53198,someday,exact,1.0
53199.mp4,53199,someday,exact,1.0
53200.mp4,53200,someday,exact,1.0
53203.mp4,53203,someday,exact,1.0
53207.mp4,53207,some,exact,1.0
53208.mp4,53208,some,exact,1.0
53209.mp4,53209,some,exact,1.0
53210.mp4,53210,some,exact,1.0
53212.mp4,53212,some,exact,1.0
53216.mp4,53216,some,exact,1.0
53218.mp4,53218,someone,exact,1.0
53220.mp4,53220,someone,exact,1.0
53223.mp4,53223,someone,exact,1.0
53230.mp4,53230,something,exact,1.0
53231.mp4,53231,something,exact,1.0
53233.mp4,53233,something,exact,1.0
53235.mp4,53235,something,exact,1.0
53240.mp4,53240,sometimes,exact,1.0
53241.mp4,53241,sometimes,exact,1.0
53242.mp4,53242,sometimes,exact,1.0
53243.mp4,53243,sometimes,exact,1.0
53247.mp4,53247,sometimes,exact,1.0
53252.mp4,53252,somewhere,exact,1.0
53253.mp4,53253,somewhere,exact,1.0
53255.mp4,53255,somewhere,exact,1.0
53257.mp4,53257,somewhere,exact,1.0
53261.mp4,53261,song,exact,1.0
53262.mp4,53262,song,exact,1.0
53264.mp4,53264,song,exact,1.0
53265.mp4,53265,song,exact,1.0
53267.mp4,53267,song,exact,1.0
53268.mp4,53268,son,exact,1.0
53269.mp4,53269,son,exact,1.0
53270.mp4,53270,son,exact,1.0
53271.mp4,53271,son,exact,1.0
53273.mp4,53273,son,exact,1.0
53274.mp4,53274,son,exact,1.0
53275.mp4,53275,son,exact,1.0
53279.mp4,53279,son,exact,1.0
53292.mp4,53292,soon,exact,1.0
53293.mp4,53293,soon,exact,1.0
53294.mp4,53294,soon,exact,1.0
53295.mp4,53295,soon,exact,1.0
53296.mp4,53296,soon,exact,1.0
53300.mp4,53300,soon,exact,1.0
53301.mp4,53301,soon,exact,1.0
53304.mp4,53304,soon,exact,1.0
53305.mp4,53305,soon,exact,1.0
53340.mp4,53340,sore throat,exact,1.0
53341.mp4,53341,sore throat,exact,1.0
53343.mp4,53343,sore throat,exact,1.0
53344.mp4,53344,sore throat,exact,1.0
53345.mp4,53345,sore throat,exact,1.0
53347.mp4,53347,sore throat,exact,1.0
53365.mp4,53365,sorry,exact,1.0
53366.mp4,53366,sorry,exact,1.0
53367.mp4,53367,sorry,exact,1.0
53370.mp4,53370,sorry,exact,1.0
53371.mp4,53371,sorry,exact,1.0
53375.mp4,53375,sorry,exact,1.0
53401.mp4,53401,soul,exact,1.0
53404.mp4,53404,soul,exact,1.0
53405.mp4,53405,soul,exact,1.0
53406.mp4,53406,soul,exact,1.0
53409.mp4,53409,soul,exact,1.0
53414.mp4,53414,sound,exact,1.0
53415.mp4,53415,sound,exact,1.0
53416.mp4,53416,sound,exact,1.0
53417.mp4,53417,sound,exact,1.0
53420.mp4,53420,sound,exact,1.0
53423.mp4,53423,sound,exact,1.0
53428.mp4,53428,soup,exact,1.0
53429.mp4,53429,soup,exact,1.0
53431.mp4,53431,soup,exact,1.0
53434.mp4,53434,soup,exact,1.0
53443.mp4,53443,sour,exact,1.0
53444.mp4,53444,sour,exact,1.0
53445.mp4,53445,sour,exact,1.0
53447.mp4,53447,sour,exact,1.0
53448.mp4,53448,sour,exact,1.0
53449.mp4,53449,sour,exact,1.0
53452.mp4,53452,sour,exact,1.0
53457.mp4,53457,south america,exact,1.0
53458.mp4,53458,south america,exact,1.0
53459.mp4,53459,south america,exact,1.0
53460.mp4,53460,south america,exact,1.0
53463.mp4,53463,south america,exact,1.0
53464.mp4,53464,south america,exact,1.0
53482.mp4,53482,south,exact,1.0
53483.mp4,53483,south,exact,1.0
53484.mp4,53484,south,exact,1.0
53485.mp4,53485,south,exact,1.0
53486.mp4,53486,south,exact,1.0
53488.mp4,53488,south,exact,1.0
53493.mp4,53493,south,exact,1.0
53544.mp4,53544,spain,exact,1.0
53545.mp4,53545,spain,exact,1.0
53546.mp4,53546,spain,exact,1.0
53547.mp4,53547,spain,exact,1.0
53548.mp4,53548,spain,exact,1.0
53552.mp4,53552,spain,exact,1.0
53564.mp4,53564,spanish,exact,1.0
53565.mp4,53565,spanish,exact,1.0
53566.mp4,53566,spanish,exact,1.0
53570.mp4,53570,spanish,exact,1.0
53620.mp4,53620,speak,exact,1.0
53621.mp4,53621,speak,exact,1.0
53622.mp4,53622,speak,exact,1.0
53623.mp4,53623,speak,exact,1.0
53626.mp4,53626,speak,exact,1.0
53642.mp4,53642,special,exact,1.0
53643.mp4,53643,special,exact,1.0
53644.mp4,53644,special,exact,1.0
53646.mp4,53646,special,exact,1.0
53648.mp4,53648,special,exact,1.0
53667.mp4,53667,specific,exact,1.0
53668.mp4,53668,specific,exact,1.0
53670.mp4,53670,specific,exact,1.0
53671.mp4,53671,specific,exact,1.0
53672.mp4,53672,specific,exact,1.0
53675.mp4,53675,specific,exact,1.0
53696.mp4,53696,speech,exact,1.0
53697.mp4,53697,speech,exact,1.0
53698.mp4,53698,speech,exact,1.0
53699.mp4,53699,speech,exact,1.0
53700.mp4,53700,speech,exact,1.0
53701.mp4,53701,speech,exact,1.0
53706.mp4,53706,speech,exact,1.0
53707.mp4,53707,speech,exact,1.0
53709.mp4,53709,speech,exact,1.0
53710.mp4,53710,speech,exact,1.0
53736.mp4,53736,speed,exact,1.0
53737.mp4,53737,speed,exact,1.0
53738.mp4,53738,speed,exact,1.0
53741.mp4,53741,speed,exact,1.0
53744.mp4,53744,speed,exact,1.0
53771.mp4,53771,spell,exact,1.0
53772.mp4,53772,spell,exact,1.0
53773.mp4,53773,spell,exact,1.0
53775.mp4,53775,spell,exact,1.0
53778.mp4,53778,spell,exact,1.0
53825.mp4,53825,spider,exact,1.0
53826.mp4,53826,spider,exact,1.0
53827.mp4,53827,spider,exact,1.0
53829.mp4,53829,spider,exact,1.0
53831.mp4,53831,spider,exact,1.0
53850.mp4,53850,spill,exact,1.0
53851.mp4,53851,spill,exact,1.0
53854.mp4,53854,spill,exact,1.0
53855.mp4,53855,spill,exact,1.0
53872.mp4,53872,spin,exact,1.0
53873.mp4,53873,spin,exact,1.0
53874.mp4,53874,spin,exact,1.0
53875.mp4,53875,spin,exact,1.0
53876.mp4,53876,spin,exact,1.0
53878.mp4,53878,spin,exact,1.0
53879.mp4,53879,spin,exact,1.0
53881.mp4,53881,spin,exact,1.0
53901.mp4,53901,spirit,exact,1.0
53902.mp4,53902,spirit,exact,1.0
53903.mp4,53903,spirit,exact,1.0
53906.mp4,53906,spirit,exact,1.0
53907.mp4,53907,spirit,exact,1.0
53908.mp4,53908,spirit,exact,1.0
53910.mp4,53910,spirit,exact,1.0
53921.mp4,53921,spit,exact,1.0
53922.mp4,53922,spit,exact,1.0
53924.mp4,53924,spit,exact,1.0
53926.mp4,53926,spit,exact,1.0
54004.mp4,54004,spoon,exact,1.0
54007.mp4,54007,spoon,exact,1.0
54008.mp4,54008,spoon,exact,1.0
54014.mp4,54014,spoon,exact,1.0
54074.mp4,54074,spray,exact,1.0
54076.mp4,54076,spray,exact,1.0
54077.mp4,54077,spray,exact,1.0
54080.mp4,54080,spray,exact,1.0
54081.mp4,54081,spray,exact,1.0
54082.mp4,54082,spray,exact,1.0
54083.mp4,54083,spray,exact,1.0
54087.mp4,54087,spray,exact,1.0
54090.mp4,54090,spread,exact,1.0
54092.mp4,54092,spread,exact,1.0
54093.mp4,54093,spread,exact,1.0
54095.mp4,54095,spread,exact,1.0
54116.mp4,54116,spring,exact,1.0
54117.mp4,54117,spring,exact,1.0
54118.mp4,54118,spring,exact,1.0
54119.mp4,54119,spring,exact,1.0
54121.mp4,54121,spring,exact,1.0
54124.mp4,54124,spring,exact,1.0
54138.mp4,54138,sprint,exact,1.0
54139.mp4,54139,sprint,exact,1.0
54140.mp4,54140,sprint,exact,1.0
54143.mp4,54143,sprint,exact,1.0
54144.mp4,54144,sprint,exact,1.0
54146.mp4,54146,sprint,exact,1.0
54170.mp4,54170,square,exact,1.0
54172.mp4,54172,square,exact,1.0
54173.mp4,54173,square,exact,1.0
54176.mp4,54176,square,exact,1.0
54180.mp4,54180,square,exact,1.0
54189.mp4,54189,squeeze,exact,1.0
54190.mp4,54190,squeeze,exact,1.0
54191.mp4,54191,squeeze,exact,1.0
54195.mp4,54195,squeeze,exact,1.0
54205.mp4,54205,squirrel,exact,1.0
54206.mp4,54206,squirrel,exact,1.0
54207.mp4,54207,squirrel,exact,1.0
54209.mp4,54209,squirrel,exact,1.0
54213.mp4,54213,squirrel,exact,1.0
54248.mp4,54248,stadium,exact,1.0
54249.mp4,54249,stadium,exact,1.0
54250.mp4,54250,stadium,exact,1.0
54251.mp4,54251,stadium,exact,1.0
54252.mp4,54252,stadium,exact,1.0
54254.mp4,54254,stadium,exact,1.0
54256.mp4,54256,staff,exact,1.0
54257.mp4,54257,staff,exact,1.0
54258.mp4,54258,staff,exact,1.0
54260.mp4,54260,staff,exact,1.0
54264.mp4,54264,staff,exact,1.0
54296.mp4,54296,stairs,exact,1.0
54297.mp4,54297,stairs,exact,1.0
54298.mp4,54298,stairs,exact,1.0
54300.mp4,54300,stairs,exact,1.0
54302.mp4,54302,stairs,exact,1.0
54341.mp4,54341,stamp,exact,1.0
54343.mp4,54343,stamp,exact,1.0
54347.mp4,54347,stamp,exact,1.0
54348.mp4,54348,stamp,exact,1.0
54349.mp4,54349,stamp,exact,1.0
54363.mp4,54363,standard,exact,1.0
54364.mp4,54364,standard,exact,1.0
54366.mp4,54366,standard,exact,1.0
54368.mp4,54368,standard,exact,1.0
54370.mp4,54370,standard,exact,1.0
54377.mp4,54377,stand,exact,1.0
54378.mp4,54378,stand,exact,1.0
54381.mp4,54381,stand,exact,1.0
54385.mp4,54385,stand,exact,1.0
54424.mp4,54424,stare,exact,1.0
54425.mp4,54425,stare,exact,1.0
54426.mp4,54426,stare,exact,1.0
54427.mp4,54427,stare,exact,1.0
54428.mp4,54428,stare,exact,1.0
54431.mp4,54431,stare,exact,1.0
54433.mp4,54433,stare,exact,1.0
54437.mp4,54437,star,exact,1.0
54438.mp4,54438,star,exact,1.0
54439.mp4,54439,star,exact,1.0
54440.mp4,54440,star,exact,1.0
54443.mp4,54443,star,exact,1.0
54444.mp4,54444,star,exact,1.0
54447.mp4,54447,star,exact,1.0
54457.mp4,54457,start,exact,1.0
54458.mp4,54458,start,exact,1.0
54461.mp4,54461,start,exact,1.0
54464.mp4,54464,start,exact,1.0
54530.mp4,54530,statistics,exact,1.0
54531.mp4,54531,statistics,exact,1.0
54533.mp4,54533,statistics,exact,1.0
54536.mp4,54536,statistics,exact,1.0
54554.mp4,54554,stay,exact,1.0
54555.mp4,54555,stay,exact,1.0
54556.mp4,54556,stay,exact,1.0
54557.mp4,54557,stay,exact,1.0
54558.mp4,54558,stay,exact,1.0
54561.mp4,54561,stay,exact,1.0
54562.mp4,54562,stay,exact,1.0
54563.mp4,54563,stay,exact,1.0
54567.mp4,54567,stay,exact,1.0
54588.mp4,54588,steal,exact,1.0
54589.mp4,54589,steal,exact,1.0
54591.mp4,54591,steal,exact,1.0
54592.mp4,54592,steal,exact,1.0
54593.mp4,54593,steal,exact,1.0
54597.mp4,54597,steal,exact,1.0
54600.mp4,54600,steal,exact,1.0
54609.mp4,54609,steel,exact,1.0
54610.mp4,54610,steel,exact,1.0
54612.mp4,54612,steel,exact,1.0
54613.mp4,54613,steel,exact,1.0
54614.mp4,54614,steel,exact,1.0
54616.mp4,54616,steel,exact,1.0
54667.mp4,54667,stepfather,exact,1.0
54672.mp4,54672,stepfather,exact,1.0
54762.mp4,54762,sticky,exact,1.0
54763.mp4,54763,sticky,exact,1.0
54764.mp4,54764,sticky,exact,1.0
54766.mp4,54766,sticky,exact,1.0
54768.mp4,54768,sticky,exact,1.0
54780.mp4,54780,still,exact,1.0
54781.mp4,54781,still,exact,1.0
54787.mp4,54787,still,exact,1.0
54791.mp4,54791,still,exact,1.0
54805.mp4,54805,sting,exact,1.0
54807.mp4,54807,sting,exact,1.0
54810.mp4,54810,sting,exact,1.0
54820.mp4,54820,stink,exact,1.0
54821.mp4,54821,stink,exact,1.0
54822.mp4,54822,stink,exact,1.0
54823.mp4,54823,stink,exact,1.0
54825.mp4,54825,stink,exact,1.0
54828.mp4,54828,stink,exact,1.0
54832.mp4,54832,stir,exact,1.0
54833.mp4,54833,stir,exact,1.0
54834.mp4,54834,stir,exact,1.0
54837.mp4,54837,stir,exact,1.0
54840.mp4,54840,stitch,exact,1.0
54841.mp4,54841,stitch,exact,1.0
54843.mp4,54843,stitch,exact,1.0
54845.mp4,54845,stitch,exact,1.0
54878.mp4,54878,stomach,exact,1.0
54879.mp4,54879,stomach,exact,1.0
54880.mp4,54880,stomach,exact,1.0
54882.mp4,54882,stomach,exact,1.0
54883.mp4,54883,stomach,exact,1.0
54886.mp4,54886,stomach,exact,1.0
54922.mp4,54922,stop,exact,1.0
54923.mp4,54923,stop,exact,1.0
54925.mp4,54925,stop,exact,1.0
54928.mp4,54928,stop,exact,1.0
54932.mp4,54932,stop,exact,1.0
54955.mp4,54955,store,exact,1.0
54956.mp4,54956,store,exact,1.0
54957.mp4,54957,store,exact,1.0
54962.mp4,54962,store,exact,1.0
54965.mp4,54965,store,exact,1.0
54966.mp4,54966,store,exact,1.0
54995.mp4,54995,story,exact,1.0
54998.mp4,54998,story,exact,1.0
54999.mp4,54999,story,exact,1.0
55000.mp4,55000,story,exact,1.0
55003.mp4,55003,story,exact,1.0
55043.mp4,55043,straight,exact,1.0
55044.mp4,55044,straight,exact,1.0
55045.mp4,55045,straight,exact,1.0
55048.mp4,55048,straight,exact,1.0
55050.mp4,55050,straight,exact,1.0
55055.mp4,55055,straight,exact,1.0
55056.mp4,55056,straight,exact,1.0
55070.mp4,55070,strange,exact,1.0
55071.mp4,55071,strange,exact,1.0
55072.mp4,55072,strange,exact,1.0
55074.mp4,55074,strange,exact,1.0
55077.mp4,55077,strange,exact,1.0
55105.mp4,55105,strawberry,exact,1.0
55106.mp4,55106,strawberry,exact,1.0
55110.mp4,55110,strawberry,exact,1.0
55111.mp4,55111,strawberry,exact,1.0
55114.mp4,55114,strawberry,exact,1.0
55117.mp4,55117,straw,exact,1.0
55118.mp4,55118,straw,exact,1.0
55119.mp4,55119,straw,exact,1.0
55120.mp4,55120,straw,exact,1.0
55122.mp4,55122,straw,exact,1.0
55123.mp4,55123,straw,exact,1.0
55126.mp4,55126,straw,exact,1.0
55150.mp4,55150,street,exact,1.0
55151.mp4,55151,street,exact,1.0
55152.mp4,55152,street,exact,1.0
55154.mp4,55154,street,exact,1.0
55157.mp4,55157,street,exact,1.0
55176.mp4,55176,stress,exact,1.0
55177.mp4,55177,stress,exact,1.0
55178.mp4,55178,stress,exact,1.0
55179.mp4,55179,stress,exact,1.0
55181.mp4,55181,stress,exact,1.0
55182.mp4,55182,stress,exact,1.0
55184.mp4,55184,stress,exact,1.0
55188.mp4,55188,stretch,exact,1.0
55189.mp4,55189,stretch,exact,1.0
55191.mp4,55191,stretch,exact,1.0
55195.mp4,55195,stretch,exact,1.0
55198.mp4,55198,strict,exact,1.0
55199.mp4,55199,strict,exact,1.0
55200.mp4,55200,strict,exact,1.0
55202.mp4,55202,strict,exact,1.0
55206.mp4,55206,strict,exact,1.0
55276.mp4,55276,strong,exact,1.0
55277.mp4,55277,strong,exact,1.0
55278.mp4,55278,strong,exact,1.0
55279.mp4,55279,strong,exact,1.0
55283.mp4,55283,strong,exact,1.0
55286.mp4,55286,strong,exact,1.0
55288.mp4,55288,structure,exact,1.0
55289.mp4,55289,structure,exact,1.0
55290.mp4,55290,structure,exact,1.0
55291.mp4,55291,structure,exact,1.0
55292.mp4,55292,structure,exact,1.0
55294.mp4,55294,structure,exact,1.0
55295.mp4,55295,structure,exact,1.0
55299.mp4,55299,struggle,exact,1.0
55300.mp4,55300,struggle,exact,1.0
55301.mp4,55301,struggle,exact,1.0
55302.mp4,55302,struggle,exact,1.0
55304.mp4,55304,struggle,exact,1.0
55308.mp4,55308,struggle,exact,1.0
55313.mp4,55313,stubborn,exact,1.0
55314.mp4,55314,stubborn,exact,1.0
55315.mp4,55315,stubborn,exact,1.0
55316.mp4,55316,stubborn,exact,1.0
55318.mp4,55318,stubborn,exact,1.0
55321.mp4,55321,stubborn,exact,1.0
55323.mp4,55323,stuck,exact,1.0
55324.mp4,55324,stuck,exact,1.0
55326.mp4,55326,stuck,exact,1.0
55328.mp4,55328,stuck,exact,1.0
55337.mp4,55337,student,exact,1.0
55338.mp4,55338,student,exact,1.0
55339.mp4,55339,student,exact,1.0
55340.mp4,55340,student,exact,1.0
55341.mp4,55341,student,exact,1.0
55343.mp4,55343,student,exact,1.0
55348.mp4,55348,student,exact,1.0
55361.mp4,55361,study,exact,1.0
55362.mp4,55362,study,exact,1.0
55363.mp4,55363,study,exact,1.0
55364.mp4,55364,study,exact,1.0
55365.mp4,55365,study,exact,1.0
55366.mp4,55366,study,exact,1.0
55368.mp4,55368,study,exact,1.0
55369.mp4,55369,study,exact,1.0
55375.mp4,55375,study,exact,1.0
55419.mp4,55419,stupid,exact,1.0
55421.mp4,55421,stupid,exact,1.0
55423.mp4,55423,stupid,exact,1.0
55425.mp4,55425,stupid,exact,1.0
55431.mp4,55431,stupid,exact,1.0
55533.mp4,55533,subtract,exact,1.0
55534.mp4,55534,subtract,exact,1.0
55535.mp4,55535,subtract,exact,1.0
55536.mp4,55536,subtract,exact,1.0
55539.mp4,55539,subtract,exact,1.0
55553.mp4,55553,subway,exact,1.0
55554.mp4,55554,subway,exact,1.0
55555.mp4,55555,subway,exact,1.0
55557.mp4,55557,subway,exact,1.0
55560.mp4,55560,subway,exact,1.0
55627.mp4,55627,sue,exact,1.0
55628.mp4,55628,sue,exact,1.0
55631.mp4,55631,sue,exact,1.0
55632.mp4,55632,sue,exact,1.0
55636.mp4,55636,suffer,exact,1.0
55637.mp4,55637,suffer,exact,1.0
55638.mp4,55638,suffer,exact,1.0
55640.mp4,55640,suffer,exact,1.0
55644.mp4,55644,suffer,exact,1.0
55658.mp4,55658,sugar,exact,1.0
55659.mp4,55659,sugar,exact,1.0
55660.mp4,55660,sugar,exact,1.0
55661.mp4,55661,sugar,exact,1.0
55663.mp4,55663,sugar,exact,1.0
55664.mp4,55664,sugar,exact,1.0
55668.mp4,55668,sugar,exact,1.0
55670.mp4,55670,suggest,exact,1.0
55671.mp4,55671,suggest,exact,1.0
55672.mp4,55672,suggest,exact,1.0
55673.mp4,55673,suggest,exact,1.0
55675.mp4,55675,suggest,exact,1.0
55678.mp4,55678,suggest,exact,1.0
55731.mp4,55731,summer,exact,1.0
55732.mp4,55732,summer,exact,1.0
55733.mp4,55733,summer,exact,1.0
55735.mp4,55735,summer,exact,1.0
55738.mp4,55738,summer,exact,1.0
55746.mp4,55746,summon,exact,1.0
55747.mp4,55747,summon,exact,1.0
55750.mp4,55750,summon,exact,1.0
55751.mp4,55751,summon,exact,1.0
55755.mp4,55755,summon,exact,1.0
55769.mp4,55769,sunday,exact,1.0
55770.mp4,55770,sunday,exact,1.0
55771.mp4,55771,sunday,exact,1.0
55772.mp4,55772,sunday,exact,1.0
55773.mp4,55773,sunday,exact,1.0
55776.mp4,55776,sunday,exact,1.0
55777.mp4,55777,sunday,exact,1.0
55782.mp4,55782,sunday,exact,1.0
55803.mp4,55803,sun,exact,1.0
55804.mp4,55804,sun,exact,1.0
55805.mp4,55805,sun,exact,1.0
55806.mp4,55806,sun,exact,1.0
55808.mp4,55808,sun,exact,1.0
55814.mp4,55814,sun,exact,1.0
55841.mp4,55841,sunrise,exact,1.0
55842.mp4,55842,sunrise,exact,1.0
55849.mp4,55849,sunrise,exact,1.0
55854.mp4,55854,sunset,exact,1.0
55855.mp4,55855,sunset,exact,1.0
55856.mp4,55856,sunset,exact,1.0
55857.mp4,55857,sunset,exact,1.0
55859.mp4,55859,sunset,exact,1.0
55860.mp4,55860,sunset,exact,1.0
55864.mp4,55864,sunset,exact,1.0
55866.mp4,55866,sunshine,exact,1.0
55867.mp4,55867,sunshine,exact,1.0
55868.mp4,55868,sunshine,exact,1.0
55869.mp4,55869,sunshine,exact,1.0
55871.mp4,55871,sunshine,exact,1.0
55910.mp4,55910,superman,exact,1.0
55911.mp4,55911,superman,exact,1.0
55913.mp4,55913,superman,exact,1.0
55917.mp4,55917,superman,exact,1.0
55976.mp4,55976,support,exact,1.0
55977.mp4,55977,support,exact,1.0
55978.mp4,55978,support,exact,1.0
55979.mp4,55979,support,exact,1.0
55981.mp4,55981,support,exact,1.0
55984.mp4,55984,support,exact,1.0
55996.mp4,55996,suppose,exact,1.0
55999.mp4,55999,suppose,exact,1.0
56003.mp4,56003,suppose,exact,1.0
56029.mp4,56029,sure,exact,1.0
56030.mp4,56030,sure,exact,1.0
56031.mp4,56031,sure,exact,1.0
56035.mp4,56035,sure,exact,1.0
56038.mp4,56038,sure,exact,1.0
56047.mp4,56047,surface,exact,1.0
56048.mp4,56048,surface,exact,1.0
56049.mp4,56049,surface,exact,1.0
56051.mp4,56051,surface,exact,1.0
56052.mp4,56052,surface,exact,1.0
56054.mp4,56054,surface,exact,1.0
56073.mp4,56073,surgeon,exact,1.0
56076.mp4,56076,surgeon,exact,1.0
56078.mp4,56078,surgeon,exact,1.0
56081.mp4,56081,surgery,exact,1.0
56082.mp4,56082,surgery,exact,1.0
56083.mp4,56083,surgery,exact,1.0
56084.mp4,56084,surgery,exact,1.0
56085.mp4,56085,surgery,exact,1.0
56086.mp4,56086,surgery,exact,1.0
56089.mp4,56089,surgery,exact,1.0
56105.mp4,56105,surprise,exact,1.0
56106.mp4,56106,surprise,exact,1.0
56107.mp4,56107,surprise,exact,1.0
56108.mp4,56108,surprise,exact,1.0
56111.mp4,56111,surprise,exact,1.0
56114.mp4,56114,surrender,exact,1.0
56115.mp4,56115,surrender,exact,1.0
56117.mp4,56117,surrender,exact,1.0
56119.mp4,56119,surrender,exact,1.0
56158.mp4,56158,suspect,exact,1.0
56159.mp4,56159,suspect,exact,1.0
56160.mp4,56160,suspect,exact,1.0
56161.mp4,56161,suspect,exact,1.0
56163.mp4,56163,suspect,exact,1.0
56167.mp4,56167,suspect,exact,1.0
56175.mp4,56175,suspend,exact,1.0
56176.mp4,56176,suspend,exact,1.0
56178.mp4,56178,suspend,exact,1.0
56180.mp4,56180,suspend,exact,1.0
56193.mp4,56193,swallow,exact,1.0
56194.mp4,56194,swallow,exact,1.0
56195.mp4,56195,swallow,exact,1.0
56196.mp4,56196,swallow,exact,1.0
56198.mp4,56198,swallow,exact,1.0
56199.mp4,56199,swallow,exact,1.0
56202.mp4,56202,swallow,exact,1.0
56247.mp4,56247,sweater,exact,1.0
56248.mp4,56248,sweater,exact,1.0
56249.mp4,56249,sweater,exact,1.0
56251.mp4,56251,sweater,exact,1.0
56254.mp4,56254,sweater,exact,1.0
56271.mp4,56271,sweden,exact,1.0
56272.mp4,56272,sweden,exact,1.0
56273.mp4,56273,sweden,exact,1.0
56276.mp4,56276,sweden,exact,1.0
56281.mp4,56281,sweep,exact,1.0
56282.mp4,56282,sweep,exact,1.0
56284.mp4,56284,sweep,exact,1.0
56290.mp4,56290,sweep,exact,1.0
56295.mp4,56295,sweetheart,exact,1.0
56296.mp4,56296,sweetheart,exact,1.0
56297.mp4,56297,sweetheart,exact,1.0
56298.mp4,56298,sweetheart,exact,1.0
56300.mp4,56300,sweetheart,exact,1.0
56305.mp4,56305,sweetheart,exact,1.0
56306.mp4,56306,sweet,exact,1.0
56307.mp4,56307,sweet,exact,1.0
56308.mp4,56308,sweet,exact,1.0
56309.mp4,56309,sweet,exact,1.0
56312.mp4,56312,sweet,exact,1.0
56313.mp4,56313,sweet,exact,1.0
56314.mp4,56314,sweet,exact,1.0
56317.mp4,56317,sweet,exact,1.0
56341.mp4,56341,swim,exact,1.0
56343.mp4,56343,swim,exact,1.0
56344.mp4,56344,swim,exact,1.0
56348.mp4,56348,swim,exact,1.0
56354.mp4,56354,swimming,exact,1.0
56355.mp4,56355,swimming,exact,1.0
56356.mp4,56356,swimming,exact,1.0
56357.mp4,56357,swimming,exact,1.0
56359.mp4,56359,swimming,exact,1.0
56360.mp4,56360,swimming,exact,1.0
56367.mp4,56367,swimsuit,exact,1.0
56370.mp4,56370,swimsuit,exact,1.0
56371.mp4,56371,swimsuit,exact,1.0
56372.mp4,56372,swimsuit,exact,1.0
56373.mp4,56373,swimsuit,exact,1.0
56387.mp4,56387,swing,exact,1.0
56388.mp4,56388,swing,exact,1.0
56390.mp4,56390,swing,exact,1.0
56394.mp4,56394,swing,exact,1.0
56423.mp4,56423,switzerland,exact,1.0
56424.mp4,56424,switzerland,exact,1.0
56425.mp4,56425,switzerland,exact,1.0
56426.mp4,56426,switzerland,exact,1.0
56427.mp4,56427,switzerland,exact,1.0
56429.mp4,56429,switzerland,exact,1.0
56461.mp4,56461,symbol,exact,1.0
56462.mp4,56462,symbol,exact,1.0
56463.mp4,56463,symbol,exact,1.0
56464.mp4,56464,symbol,exact,1.0
56465.mp4,56465,symbol,exact,1.0
56471.mp4,56471,symbol,exact,1.0
56481.mp4,56481,sympathy,exact,1.0
56482.mp4,56482,sympathy,exact,1.0
56485.mp4,56485,sympathy,exact,1.0
56488.mp4,56488,sympathy,exact,1.0
56556.mp4,56556,table,exact,1.0
56557.mp4,56557,table,exact,1.0
56558.mp4,56558,table,exact,1.0
56563.mp4,56563,table,exact,1.0
56579.mp4,56579,table,exact,1.0
56692.mp4,56692,take,exact,1.0
56693.mp4,56693,take,exact,1.0
56694.mp4,56694,take,exact,1.0
56698.mp4,56698,take,exact,1.0
56699.mp4,56699,take,exact,1.0
56700.mp4,56700,take,exact,1.0
56701.mp4,56701,take,exact,1.0
56702.mp4,56702,take,exact,1.0
56704.mp4,56704,take,exact,1.0
56705.mp4,56705,take,exact,1.0
56762.mp4,56762,take turns,exact,1.0
56763.mp4,56763,take turns,exact,1.0
56764.mp4,56764,take turns,exact,1.0
56766.mp4,56766,take turns,exact,1.0
56767.mp4,56767,take turns,exact,1.0
56768.mp4,56768,take turns,exact,1.0
56769.mp4,56769,take turns,exact,1.0
56771.mp4,56771,take up,exact,1.0
56772.mp4,56772,take up,exact,1.0
56773.mp4,56773,take up,exact,1.0
56775.mp4,56775,take up,exact,1.0
56779.mp4,56779,tale,exact,1.0
56780.mp4,56780,tale,exact,1.0
56782.mp4,56782,tale,exact,1.0
56783.mp4,56783,tale,exact,1.0
56784.mp4,56784,tale,exact,1.0
56787.mp4,56787,tale,exact,1.0
56792.mp4,56792,talent,exact,1.0
56793.mp4,56793,talent,exact,1.0
56795.mp4,56795,talent,exact,1.0
56798.mp4,56798,talent,exact,1.0
56811.mp4,56811,talk,exact,1.0
56813.mp4,56813,talk,exact,1.0
56816.mp4,56816,talk,exact,1.0
56819.mp4,56819,talk,exact,1.0
56820.mp4,56820,talk,exact,1.0
56821.mp4,56821,talk,exact,1.0
56830.mp4,56830,talk,exact,1.0
56837.mp4,56837,tall,exact,1.0
56838.mp4,56838,tall,exact,1.0
56839.mp4,56839,tall,exact,1.0
56840.mp4,56840,tall,exact,1.0
56841.mp4,56841,tall,exact,1.0
56842.mp4,56842,tall,exact,1.0
56843.mp4,56843,tall,exact,1.0
56844.mp4,56844,tall,exact,1.0
56846.mp4,56846,tall,exact,1.0
56848.mp4,56848,tall,exact,1.0
56852.mp4,56852,tall,exact,1.0
56874.mp4,56874,tan,exact,1.0
56875.mp4,56875,tan,exact,1.0
56876.mp4,56876,tan,exact,1.0
56878.mp4,56878,tan,exact,1.0
56881.mp4,56881,tan,exact,1.0
56970.mp4,56970,taste,exact,1.0
56971.mp4,56971,taste,exact,1.0
56972.mp4,56972,taste,exact,1.0
56973.mp4,56973,taste,exact,1.0
56975.mp4,56975,taste,exact,1.0
56978.mp4,56978,taste,exact,1.0
57039.mp4,57039,teacher,exact,1.0
57040.mp4,57040,teacher,exact,1.0
57041.mp4,57041,teacher,exact,1.0
57042.mp4,57042,teacher,exact,1.0
57044.mp4,57044,teacher,exact,1.0
57045.mp4,57045,teacher,exact,1.0
57051.mp4,57051,teacher,exact,1.0
57058.mp4,57058,teach,exact,1.0
57059.mp4,57059,teach,exact,1.0
57060.mp4,57060,teach,exact,1.0
57061.mp4,57061,teach,exact,1.0
57063.mp4,57063,teach,exact,1.0
57064.mp4,57064,teach,exact,1.0
57068.mp4,57068,teach,exact,1.0
57076.mp4,57076,tea,exact,1.0
57077.mp4,57077,tea,exact,1.0
57078.mp4,57078,tea,exact,1.0
57079.mp4,57079,tea,exact,1.0
57080.mp4,57080,tea,exact,1.0
57082.mp4,57082,tea,exact,1.0
57087.mp4,57087,tea,exact,1.0
57090.mp4,57090,team,exact,1.0
57091.mp4,57091,team,exact,1.0
57092.mp4,57092,team,exact,1.0
57093.mp4,57093,team,exact,1.0
57096.mp4,57096,team,exact,1.0
57099.mp4,57099,team,exact,1.0
57132.mp4,57132,tease,exact,1.0
57133.mp4,57133,tease,exact,1.0
57134.mp4,57134,tease,exact,1.0
57136.mp4,57136,tease,exact,1.0
57137.mp4,57137,tease,exact,1.0
57138.mp4,57138,tease,exact,1.0
57139.mp4,57139,tease,exact,1.0
57141.mp4,57141,tease,exact,1.0
57168.mp4,57168,technology,exact,1.0
57169.mp4,57169,technology,exact,1.0
57170.mp4,57170,technology,exact,1.0
57172.mp4,57172,technology,exact,1.0
57175.mp4,57175,technology,exact,1.0
57205.mp4,57205,teeth,exact,1.0
57206.mp4,57206,teeth,exact,1.0
57208.mp4,57208,teeth,exact,1.0
57211.mp4,57211,teeth,exact,1.0
57236.mp4,57236,telephone,exact,1.0
57237.mp4,57237,telephone,exact,1.0
57238.mp4,57238,telephone,exact,1.0
57239.mp4,57239,telephone,exact,1.0
57241.mp4,57241,telephone,exact,1.0
57243.mp4,57243,telephone,exact,1.0
57251.mp4,57251,telescope,exact,1.0
57252.mp4,57252,telescope,exact,1.0
57253.mp4,57253,telescope,exact,1.0
57255.mp4,57255,telescope,exact,1.0
57257.mp4,57257,telescope,exact,1.0
57261.mp4,57261,television,exact,1.0
57262.mp4,57262,television,exact,1.0
57263.mp4,57263,television,exact,1.0
57265.mp4,57265,television,exact,1.0
57266.mp4,57266,television,exact,1.0
57271.mp4,57271,television,exact,1.0
57276.mp4,57276,tell,exact,1.0
57277.mp4,57277,tell,exact,1.0
57278.mp4,57278,tell,exact,1.0
57282.mp4,57282,tell,exact,1.0
57283.mp4,57283,tell,exact,1.0
57284.mp4,57284,tell,exact,1.0
57285.mp4,57285,tell,exact,1.0
57286.mp4,57286,tell,exact,1.0
57287.mp4,57287,tell,exact,1.0
57291.mp4,57291,tell,exact,1.0
57300.mp4,57300,temperature,exact,1.0
57301.mp4,57301,temperature,exact,1.0
57302.mp4,57302,temperature,exact,1.0
57303.mp4,57303,temperature,exact,1.0
57304.mp4,57304,temperature,exact,1.0
57306.mp4,57306,temperature,exact,1.0
57307.mp4,57307,temperature,exact,1.0
57313.mp4,57313,temperature,exact,1.0
57321.mp4,57321,temple,exact,1.0
57322.mp4,57322,temple,exact,1.0
57323.mp4,57323,temple,exact,1.0
57324.mp4,57324,temple,exact,1.0
57327.mp4,57327,temple,exact,1.0
57329.mp4,57329,temple,exact,1.0
57349.mp4,57349,tempt,exact,1.0
57351.mp4,57351,tempt,exact,1.0
57354.mp4,57354,tempt,exact,1.0
57368.mp4,57368,tender,exact,1.0
57369.mp4,57369,tender,exact,1.0
57371.mp4,57371,tender,exact,1.0
57373.mp4,57373,tender,exact,1.0
57374.mp4,57374,tender,exact,1.0
57375.mp4,57375,tender,exact,1.0
57378.mp4,57378,tend,exact,1.0
57380.mp4,57380,tend,exact,1.0
57385.mp4,57385,tend,exact,1.0
57391.mp4,57391,ten,exact,1.0
57392.mp4,57392,ten,exact,1.0
57393.mp4,57393,ten,exact,1.0
57395.mp4,57395,ten,exact,1.0
57397.mp4,57397,ten,exact,1.0
57410.mp4,57410,tennis,exact,1.0
57411.mp4,57411,tennis,exact,1.0
57412.mp4,57412,tennis,exact,1.0
57413.mp4,57413,tennis,exact,1.0
57415.mp4,57415,tennis,exact,1.0
57417.mp4,57417,tennis,exact,1.0
57436.mp4,57436,tent,exact,1.0
57437.mp4,57437,tent,exact,1.0
57438.mp4,57438,tent,exact,1.0
57439.mp4,57439,tent,exact,1.0
57441.mp4,57441,tent,exact,1.0
57442.mp4,57442,tent,exact,1.0
57447.mp4,57447,tent,exact,1.0
57483.mp4,57483,terrible,exact,1.0
57484.mp4,57484,terrible,exact,1.0
57486.mp4,57486,terrible,exact,1.0
57487.mp4,57487,terrible,exact,1.0
57489.mp4,57489,terrible,exact,1.0
57492.mp4,57492,terrible,exact,1.0
57527.mp4,57527,test,exact,1.0
57528.mp4,57528,test,exact,1.0
57529.mp4,57529,test,exact,1.0
57530.mp4,57530,test,exact,1.0
57531.mp4,57531,test,exact,1.0
57534.mp4,57534,test,exact,1.0
57535.mp4,57535,test,exact,1.0
57541.mp4,57541,test,exact,1.0
57543.mp4,57543,testify,exact,1.0
57545.mp4,57545,testify,exact,1.0
57546.mp4,57546,testify,exact,1.0
57548.mp4,57548,testify,exact,1.0
57552.mp4,57552,testify,exact,1.0
57567.mp4,57567,texas,exact,1.0
57568.mp4,57568,texas,exact,1.0
57570.mp4,57570,texas,exact,1.0
57579.mp4,57579,text,exact,1.0
57580.mp4,57580,text,exact,1.0
57582.mp4,57582,text,exact,1.0
57584.mp4,57584,text,exact,1.0
57596.mp4,57596,thailand,exact,1.0
57597.mp4,57597,thailand,exact,1.0
57598.mp4,57598,thailand,exact,1.0
57600.mp4,57600,thailand,exact,1.0
57601.mp4,57601,thailand,exact,1.0
57603.mp4,57603,thailand,exact,1.0
57605.mp4,57605,than,exact,1.0
57606.mp4,57606,than,exact,1.0
57610.mp4,57610,than,exact,1.0
57612.mp4,57612,thankful,exact,1.0
57613.mp4,57613,thankful,exact,1.0
57617.mp4,57617,thankful,exact,1.0
57618.mp4,57618,thankful,exact,1.0
57619.mp4,57619,thankful,exact,1.0
57628.mp4,57628,thanksgiving,exact,1.0
57629.mp4,57629,thanksgiving,exact,1.0
57630.mp4,57630,thanksgiving,exact,1.0
57631.mp4,57631,thanksgiving,exact,1.0
57632.mp4,57632,thanksgiving,exact,1.0
57633.mp4,57633,thanksgiving,exact,1.0
57634.mp4,57634,thanksgiving,exact,1.0
57635.mp4,57635,thanksgiving,exact,1.0
57638.mp4,57638,thanksgiving,exact,1.0
57639.mp4,57639,thanksgiving,exact,1.0
57640.mp4,57640,thanksgiving,exact,1.0
57641.mp4,57641,thanksgiving,exact,1.0
57647.mp4,57647,thanksgiving,exact,1.0
57655.mp4,57655,thank you,exact,1.0
57656.mp4,57656,thank you,exact,1.0
57657.mp4,57657,thank you,exact,1.0
57659.mp4,57659,thank you,exact,1.0
57667.mp4,57667,thank you,exact,1.0
57670.mp4,57670,that,exact,1.0
57671.mp4,57671,that,exact,1.0
57677.mp4,57677,that,exact,1.0
57706.mp4,57706,theater,exact,1.0
57707.mp4,57707,theater,exact,1.0
57709.mp4,57709,theater,exact,1.0
57712.mp4,57712,theater,exact,1.0
57725.mp4,57725,their,exact,1.0
57726.mp4,57726,their,exact,1.0
57728.mp4,57728,their,exact,1.0
57729.mp4,57729,their,exact,1.0
57730.mp4,57730,their,exact,1.0
57744.mp4,57744,theme,exact,1.0
57745.mp4,57745,theme,exact,1.0
57746.mp4,57746,theme,exact,1.0
57748.mp4,57748,theme,exact,1.0
57750.mp4,57750,theme,exact,1.0
57751.mp4,57751,them,exact,1.0
57752.mp4,57752,them,exact,1.0
57754.mp4,57754,them,exact,1.0
57756.mp4,57756,them,exact,1.0
57758.mp4,57758,themselves,exact,1.0
57759.mp4,57759,themselves,exact,1.0
57762.mp4,57762,themselves,exact,1.0
57763.mp4,57763,themselves,exact,1.0
57764.mp4,57764,themselves,exact,1.0
57765.mp4,57765,themselves,exact,1.0
57768.mp4,57768,themselves,exact,1.0
57771.mp4,57771,then,exact,1.0
57772.mp4,57772,then,exact,1.0
57774.mp4,57774,then,exact,1.0
57777.mp4,57777,then,exact,1.0
57782.mp4,57782,theory,exact,1.0
57783.mp4,57783,theory,exact,1.0
57784.mp4,57784,theory,exact,1.0
57785.mp4,57785,theory,exact,1.0
57788.mp4,57788,theory,exact,1.0
57789.mp4,57789,theory,exact,1.0
57791.mp4,57791,theory,exact,1.0
57794.mp4,57794,theory,exact,1.0
57802.mp4,57802,therapy,exact,1.0
57803.mp4,57803,therapy,exact,1.0
57804.mp4,57804,therapy,exact,1.0
57806.mp4,57806,therapy,exact,1.0
57807.mp4,57807,therapy,exact,1.0
57819.mp4,57819,therefore,exact,1.0
57820.mp4,57820,therefore,exact,1.0
57822.mp4,57822,therefore,exact,1.0
57825.mp4,57825,there,exact,1.0
57826.mp4,57826,there,exact,1.0
57827.mp4,57827,there,exact,1.0
57828.mp4,57828,there,exact,1.0
57829.mp4,57829,there,exact,1.0
57832.mp4,57832,there,exact,1.0
57840.mp4,57840,thermometer,exact,1.0
57842.mp4,57842,thermometer,exact,1.0
57843.mp4,57843,thermometer,exact,1.0
57849.mp4,57849,thermometer,exact,1.0
57850.mp4,57850,thermometer,exact,1.0
57874.mp4,57874,they,exact,1.0
57875.mp4,57875,they,exact,1.0
57876.mp4,57876,they,exact,1.0
57880.mp4,57880,they,exact,1.0
57883.mp4,57883,they,exact,1.0
57890.mp4,57890,thick,exact,1.0
57892.mp4,57892,thick,exact,1.0
57893.mp4,57893,thick,exact,1.0
57896.mp4,57896,thick,exact,1.0
57901.mp4,57901,thick,exact,1.0
57922.mp4,57922,thing,exact,1.0
57923.mp4,57923,thing,exact,1.0
57925.mp4,57925,thing,exact,1.0
57928.mp4,57928,thing,exact,1.0
57933.mp4,57933,thin,exact,1.0
57934.mp4,57934,thin,exact,1.0
57935.mp4,57935,thin,exact,1.0
57936.mp4,57936,thin,exact,1.0
57937.mp4,57937,thin,exact,1.0
57939.mp4,57939,thin,exact,1.0
57940.mp4,57940,thin,exact,1.0
57941.mp4,57941,thin,exact,1.0
57942.mp4,57942,thin,exact,1.0
57943.mp4,57943,thin,exact,1.0
57947.mp4,57947,thin,exact,1.0
57948.mp4,57948,thin,exact,1.0
57949.mp4,57949,thin,exact,1.0
57953.mp4,57953,thin,exact,1.0
57973.mp4,57973,think,exact,1.0
57974.mp4,57974,think,exact,1.0
57975.mp4,57975,think,exact,1.0
57977.mp4,57977,think,exact,1.0
57982.mp4,57982,think,exact,1.0
58006.mp4,58006,third,exact,1.0
58008.mp4,58008,third,exact,1.0
58009.mp4,58009,third,exact,1.0
58013.mp4,58013,third,exact,1.0
58014.mp4,58014,third,exact,1.0
58016.mp4,58016,third,exact,1.0
58024.mp4,58024,thirsty,exact,1.0
58025.mp4,58025,thirsty,exact,1.0
58026.mp4,58026,thirsty,exact,1.0
58027.mp4,58027,thirsty,exact,1.0
58029.mp4,58029,thirsty,exact,1.0
58031.mp4,58031,thirsty,exact,1.0
58072.mp4,58072,this,exact,1.0
58077.mp4,58077,this,exact,1.0
58132.mp4,58132,thousand,exact,1.0
58133.mp4,58133,thousand,exact,1.0
58136.mp4,58136,thousand,exact,1.0
58137.mp4,58137,thousand,exact,1.0
58139.mp4,58139,thousand,exact,1.0
58182.mp4,58182,three,exact,1.0
58183.mp4,58183,three,exact,1.0
58185.mp4,58185,three,exact,1.0
58186.mp4,58186,three,exact,1.0
58188.mp4,58188,three,exact,1.0
58243.mp4,58243,thrill,exact,1.0
58244.mp4,58244,thrill,exact,1.0
58245.mp4,58245,thrill,exact,1.0
58247.mp4,58247,thrill,exact,1.0
58252.mp4,58252,throat,exact,1.0
58253.mp4,58253,throat,exact,1.0
58254.mp4,58254,throat,exact,1.0
58256.mp4,58256,throat,exact,1.0
58258.mp4,58258,throat,exact,1.0
58274.mp4,58274,through,exact,1.0
58275.mp4,58275,through,exact,1.0
58276.mp4,58276,through,exact,1.0
58278.mp4,58278,through,exact,1.0
58281.mp4,58281,through,exact,1.0
58293.mp4,58293,throw,exact,1.0
58294.mp4,58294,throw,exact,1.0
58295.mp4,58295,throw,exact,1.0
58296.mp4,58296,throw,exact,1.0
58300.mp4,58300,throw,exact,1.0
58303.mp4,58303,throw,exact,1.0
58323.mp4,58323,t,exact,1.0
58325.mp4,58325,t,exact,1.0
58327.mp4,58327,t,exact,1.0
58360.mp4,58360,thursday,exact,1.0
58361.mp4,58361,thursday,exact,1.0
58362.mp4,58362,thursday,exact,1.0
58363.mp4,58363,thursday,exact,1.0
58365.mp4,58365,thursday,exact,1.0
58366.mp4,58366,thursday,exact,1.0
58370.mp4,58370,thursday,exact,1.0
58387.mp4,58387,ticket,exact,1.0
58388.mp4,58388,ticket,exact,1.0
58389.mp4,58389,ticket,exact,1.0
58392.mp4,58392,ticket,exact,1.0
58393.mp4,58393,ticket,exact,1.0
58397.mp4,58397,ticket,exact,1.0
58427.mp4,58427,tie,exact,1.0
58428.mp4,58428,tie,exact,1.0
58430.mp4,58430,tie,exact,1.0
58434.mp4,58434,tie,exact,1.0
58435.mp4,58435,tie,exact,1.0
58439.mp4,58439,tie,exact,1.0
58444.mp4,58444,tiger,exact,1.0
58445.mp4,58445,tiger,exact,1.0
58446.mp4,58446,tiger,exact,1.0
58447.mp4,58447,tiger,exact,1.0
58448.mp4,58448,tiger,exact,1.0
58450.mp4,58450,tiger,exact,1.0
58452.mp4,58452,tiger,exact,1.0
58497.mp4,58497,time,exact,1.0
58498.mp4,58498,time,exact,1.0
58499.mp4,58499,time,exact,1.0
58502.mp4,58502,time,exact,1.0
58503.mp4,58503,time,exact,1.0
58508.mp4,58508,time,exact,1.0
58575.mp4,58575,tiptoe,exact,1.0
58579.mp4,58579,tiptoe,exact,1.0
58580.mp4,58580,tiptoe,exact,1.0
58582.mp4,58582,tiptoe,exact,1.0
58589.mp4,58589,tired,exact,1.0
58590.mp4,58590,tired,exact,1.0
58591.mp4,58591,tired,exact,1.0
58592.mp4,58592,tired,exact,1.0
58593.mp4,58593,tired,exact,1.0
58594.mp4,58594,tired,exact,1.0
58600.mp4,58600,tired,exact,1.0
58611.mp4,58611,tissue,exact,1.0
58612.mp4,58612,tissue,exact,1.0
58613.mp4,58613,tissue,exact,1.0
58614.mp4,58614,tissue,exact,1.0
58616.mp4,58616,tissue,exact,1.0
58620.mp4,58620,title,exact,1.0
58621.mp4,58621,title,exact,1.0
58623.mp4,58623,title,exact,1.0
58626.mp4,58626,title,exact,1.0
58649.mp4,58649,toast,exact,1.0
58651.mp4,58651,toast,exact,1.0
58652.mp4,58652,toast,exact,1.0
58653.mp4,58653,toast,exact,1.0
58654.mp4,58654,toast,exact,1.0
58655.mp4,58655,toast,exact,1.0
58657.mp4,58657,toast,exact,1.0
58658.mp4,58658,toast,exact,1.0
58661.mp4,58661,toast,exact,1.0
58664.mp4,58664,tobacco,exact,1.0
58665.mp4,58665,tobacco,exact,1.0
58667.mp4,58667,tobacco,exact,1.0
58669.mp4,58669,tobacco,exact,1.0
58677.mp4,58677,today,exact,1.0
58678.mp4,58678,today,exact,1.0
58679.mp4,58679,today,exact,1.0
58681.mp4,58681,today,exact,1.0
58682.mp4,58682,today,exact,1.0
58683.mp4,58683,today,exact,1.0
58684.mp4,58684,today,exact,1.0
58687.mp4,58687,today,exact,1.0
58706.mp4,58706,together,exact,1.0
58707.mp4,58707,together,exact,1.0
58709.mp4,58709,together,exact,1.0
58710.mp4,58710,together,exact,1.0
58714.mp4,58714,together,exact,1.0
58721.mp4,58721,to,exact,1.0
58722.mp4,58722,to,exact,1.0
58723.mp4,58723,to,exact,1.0
58724.mp4,58724,to,exact,1.0
58725.mp4,58725,to,exact,1.0
58727.mp4,58727,to,exact,1.0
58730.mp4,58730,to,exact,1.0
58732.mp4,58732,toilet,exact,1.0
58733.mp4,58733,toilet,exact,1.0
58734.mp4,58734,toilet,exact,1.0
58736.mp4,58736,toilet,exact,1.0
58742.mp4,58742,toilet,exact,1.0
58745.mp4,58745,toilet paper,exact,1.0
58746.mp4,58746,toilet paper,exact,1.0
58748.mp4,58748,toilet paper,exact,1.0
58750.mp4,58750,toilet paper,exact,1.0
58769.mp4,58769,tolerate,exact,1.0
58770.mp4,58770,tolerate,exact,1.0
58772.mp4,58772,tolerate,exact,1.0
58774.mp4,58774,tolerate,exact,1.0
58784.mp4,58784,tomato,exact,1.0
58785.mp4,58785,tomato,exact,1.0
58786.mp4,58786,tomato,exact,1.0
58787.mp4,58787,tomato,exact,1.0
58788.mp4,58788,tomato,exact,1.0
58791.mp4,58791,tomato,exact,1.0
58795.mp4,58795,tomato,exact,1.0
58805.mp4,58805,tomorrow,exact,1.0
58806.mp4,58806,tomorrow,exact,1.0
58807.mp4,58807,tomorrow,exact,1.0
58808.mp4,58808,tomorrow,exact,1.0
58810.mp4,58810,tomorrow,exact,1.0
58814.mp4,58814,tomorrow,exact,1.0
58822.mp4,58822,tongue,exact,1.0
58824.mp4,58824,tongue,exact,1.0
58826.mp4,58826,tongue,exact,1.0
58829.mp4,58829,tongue,exact,1.0
58834.mp4,58834,tonight,exact,1.0
58835.mp4,58835,tonight,exact,1.0
58836.mp4,58836,tonight,exact,1.0
58838.mp4,58838,tonight,exact,1.0
58840.mp4,58840,tonight,exact,1.0
58895.mp4,58895,toothbrush,exact,1.0
58897.mp4,58897,toothbrush,exact,1.0
58899.mp4,58899,toothbrush,exact,1.0
58902.mp4,58902,toothbrush,exact,1.0
58908.mp4,58908,tooth,exact,1.0
58909.mp4,58909,tooth,exact,1.0
58910.mp4,58910,tooth,exact,1.0
58911.mp4,58911,tooth,exact,1.0
58913.mp4,58913,tooth,exact,1.0
58915.mp4,58915,tooth,exact,1.0
58935.mp4,58935,top,exact,1.0
58936.mp4,58936,top,exact,1.0
58937.mp4,58937,top,exact,1.0
58940.mp4,58940,top,exact,1.0
58944.mp4,58944,top,exact,1.0
58946.mp4,58946,topic,exact,1.0
58947.mp4,58947,topic,exact,1.0
58948.mp4,58948,topic,exact,1.0
58949.mp4,58949,topic,exact,1.0
58951.mp4,58951,topic,exact,1.0
58953.mp4,58953,topic,exact,1.0
58972.mp4,58972,tornado,exact,1.0
58977.mp4,58977,tornado,exact,1.0
58979.mp4,58979,tornado,exact,1.0
58980.mp4,58980,tornado,exact,1.0
58983.mp4,58983,tornado,exact,1.0
59001.mp4,59001,torture,exact,1.0
59002.mp4,59002,torture,exact,1.0
59003.mp4,59003,torture,exact,1.0
59005.mp4,59005,torture,exact,1.0
59032.mp4,59032,total,exact,1.0
59033.mp4,59033,total,exact,1.0
59034.mp4,59034,total,exact,1.0
59037.mp4,59037,total,exact,1.0
59039.mp4,59039,total,exact,1.0
59051.mp4,59051,touch,exact,1.0
59052.mp4,59052,touch,exact,1.0
59053.mp4,59053,touch,exact,1.0
59055.mp4,59055,touch,exact,1.0
59058.mp4,59058,touch,exact,1.0
59071.mp4,59071,tough,exact,1.0
59072.mp4,59072,tough,exact,1.0
59073.mp4,59073,tough,exact,1.0
59079.mp4,59079,tough,exact,1.0
59080.mp4,59080,tough,exact,1.0
59082.mp4,59082,tough,exact,1.0
59103.mp4,59103,tournament,exact,1.0
59104.mp4,59104,tournament,exact,1.0
59105.mp4,59105,tournament,exact,1.0
59106.mp4,59106,tournament,exact,1.0
59107.mp4,59107,tournament,exact,1.0
59108.mp4,59108,tournament,exact,1.0
59110.mp4,59110,tournament,exact,1.0
59122.mp4,59122,towel,exact,1.0
59123.mp4,59123,towel,exact,1.0
59124.mp4,59124,towel,exact,1.0
59127.mp4,59127,towel,exact,1.0
59129.mp4,59129,towel,exact,1.0
59133.mp4,59133,tower,exact,1.0
59135.mp4,59135,tower,exact,1.0
59139.mp4,59139,tower,exact,1.0
59146.mp4,59146,town,exact,1.0
59147.mp4,59147,town,exact,1.0
59148.mp4,59148,town,exact,1.0
59149.mp4,59149,town,exact,1.0
59150.mp4,59150,town,exact,1.0
59151.mp4,59151,town,exact,1.0
59153.mp4,59153,town,exact,1.0
59155.mp4,59155,town,exact,1.0
59204.mp4,59204,trade,exact,1.0
59205.mp4,59205,trade,exact,1.0
59206.mp4,59206,trade,exact,1.0
59207.mp4,59207,trade,exact,1.0
59208.mp4,59208,trade,exact,1.0
59209.mp4,59209,trade,exact,1.0
59210.mp4,59210,trade,exact,1.0
59211.mp4,59211,trade,exact,1.0
59212.mp4,59212,trade,exact,1.0
59214.mp4,59214,trade,exact,1.0
59215.mp4,59215,trade,exact,1.0
59216.mp4,59216,trade,exact,1.0
59219.mp4,59219,trade,exact,1.0
59228.mp4,59228,tradition,exact,1.0
59229.mp4,59229,tradition,exact,1.0
59233.mp4,59233,tradition,exact,1.0
59237.mp4,59237,tradition,exact,1.0
59246.mp4,59246,traffic,exact,1.0
59248.mp4,59248,traffic,exact,1.0
59249.mp4,59249,traffic,exact,1.0
59251.mp4,59251,traffic,exact,1.0
59252.mp4,59252,traffic,exact,1.0
59307.mp4,59307,train,exact,1.0
59308.mp4,59308,train,exact,1.0
59309.mp4,59309,train,exact,1.0
59310.mp4,59310,train,exact,1.0
59314.mp4,59314,train,exact,1.0
59316.mp4,59316,train,exact,1.0
59319.mp4,59319,train,exact,1.0
59320.mp4,59320,train,exact,1.0
59349.mp4,59349,tranquil,exact,1.0
59350.mp4,59350,tranquil,exact,1.0
59352.mp4,59352,tranquil,exact,1.0
59353.mp4,59353,tranquil,exact,1.0
59354.mp4,59354,tranquil,exact,1.0
59367.mp4,59367,transfer,exact,1.0
59368.mp4,59368,transfer,exact,1.0
59369.mp4,59369,transfer,exact,1.0
59370.mp4,59370,transfer,exact,1.0
59371.mp4,59371,transfer,exact,1.0
59373.mp4,59373,transfer,exact,1.0
59378.mp4,59378,transfer,exact,1.0
59383.mp4,59383,transform,exact,1.0
59384.mp4,59384,transform,exact,1.0
59386.mp4,59386,transform,exact,1.0
59389.mp4,59389,transform,exact,1.0
59405.mp4,59405,translate,exact,1.0
59406.mp4,59406,translate,exact,1.0
59407.mp4,59407,translate,exact,1.0
59409.mp4,59409,translate,exact,1.0
59411.mp4,59411,translate,exact,1.0
59495.mp4,59495,travel,exact,1.0
59496.mp4,59496,travel,exact,1.0
59497.mp4,59497,travel,exact,1.0
59499.mp4,59499,travel,exact,1.0
59500.mp4,59500,travel,exact,1.0
59502.mp4,59502,travel,exact,1.0
59503.mp4,59503,travel,exact,1.0
59506.mp4,59506,travel,exact,1.0
59546.mp4,59546,tree,exact,1.0
59547.mp4,59547,tree,exact,1.0
59548.mp4,59548,tree,exact,1.0
59551.mp4,59551,tree,exact,1.0
59555.mp4,59555,tree,exact,1.0
59596.mp4,59596,triangle,exact,1.0
59597.mp4,59597,triangle,exact,1.0
59598.mp4,59598,triangle,exact,1.0
59602.mp4,59602,triangle,exact,1.0
59603.mp4,59603,triangle,exact,1.0
59609.mp4,59609,triangle,exact,1.0
59666.mp4,59666,trip,exact,1.0
59669.mp4,59669,trip,exact,1.0
59670.mp4,59670,trip,exact,1.0
59672.mp4,59672,trip,exact,1.0
59673.mp4,59673,trip,exact,1.0
59723.mp4,59723,trophy,exact,1.0
59724.mp4,59724,trophy,exact,1.0
59725.mp4,59725,trophy,exact,1.0
59727.mp4,59727,trophy,exact,1.0
59729.mp4,59729,trophy,exact,1.0
59735.mp4,59735,trouble,exact,1.0
59736.mp4,59736,trouble,exact,1.0
59741.mp4,59741,trouble,exact,1.0
59744.mp4,59744,trouble,exact,1.0
59764.mp4,59764,truck,exact,1.0
59765.mp4,59765,truck,exact,1.0
59768.mp4,59768,truck,exact,1.0
59774.mp4,59774,truck,exact,1.0
59791.mp4,59791,true,exact,1.0
59792.mp4,59792,true,exact,1.0
59793.mp4,59793,true,exact,1.0
59795.mp4,59795,true,exact,1.0
59797.mp4,59797,true,exact,1.0
59829.mp4,59829,trust,exact,1.0
59830.mp4,59830,trust,exact,1.0
59831.mp4,59831,trust,exact,1.0
59833.mp4,59833,trust,exact,1.0
59834.mp4,59834,trust,exact,1.0
59836.mp4,59836,trust,exact,1.0
59839.mp4,59839,truth,exact,1.0
59840.mp4,59840,truth,exact,1.0
59842.mp4,59842,truth,exact,1.0
59843.mp4,59843,truth,exact,1.0
59846.mp4,59846,truth,exact,1.0
59848.mp4,59848,try,exact,1.0
59849.mp4,59849,try,exact,1.0
59851.mp4,59851,try,exact,1.0
59854.mp4,59854,try,exact,1.0
59903.mp4,59903,tuesday,exact,1.0
59904.mp4,59904,tuesday,exact,1.0
59905.mp4,59905,tuesday,exact,1.0
59906.mp4,59906,tuesday,exact,1.0
59909.mp4,59909,tuesday,exact,1.0
59910.mp4,59910,tuesday,exact,1.0
59913.mp4,59913,tuesday,exact,1.0
59952.mp4,59952,turkey,exact,1.0
59953.mp4,59953,turkey,exact,1.0
59954.mp4,59954,turkey,exact,1.0
59956.mp4,59956,turkey,exact,1.0
59959.mp4,59959,turkey,exact,1.0
59966.mp4,59966,turkey,exact,1.0
59991.mp4,59991,turn,exact,1.0
59992.mp4,59992,turn,exact,1.0
59996.mp4,59996,turn,exact,1.0
60044.mp4,60044,turtle,exact,1.0
60045.mp4,60045,turtle,exact,1.0
60046.mp4,60046,turtle,exact,1.0
60048.mp4,60048,turtle,exact,1.0
60052.mp4,60052,turtle,exact,1.0
60057.mp4,60057,tutor,exact,1.0
60058.mp4,60058,tutor,exact,1.0
60059.mp4,60059,tutor,exact,1.0
60062.mp4,60062,tutor,exact,1.0
60064.mp4,60064,tutor,exact,1.0
60075.mp4,60075,tv,exact,1.0
60155.mp4,60155,twin,exact,1.0
60156.mp4,60156,twin,exact,1.0
60159.mp4,60159,twin,exact,1.0
60161.mp4,60161,twin,exact,1.0
60164.mp4,60164,twin,exact,1.0
60220.mp4,60220,two,exact,1.0
60221.mp4,60221,two,exact,1.0
60224.mp4,60224,two,exact,1.0
60225.mp4,60225,two,exact,1.0
60227.mp4,60227,two,exact,1.0
60304.mp4,60304,type,exact,1.0
60305.mp4,60305,type,exact,1.0
60308.mp4,60308,type,exact,1.0
60309.mp4,60309,type,exact,1.0
60312.mp4,60312,type,exact,1.0
60346.mp4,60346,ugly,exact,1.0
60347.mp4,60347,ugly,exact,1.0
60348.mp4,60348,ugly,exact,1.0
60349.mp4,60349,ugly,exact,1.0
60350.mp4,60350,ugly,exact,1.0
60352.mp4,60352,ugly,exact,1.0
60353.mp4,60353,ugly,exact,1.0
60354.mp4,60354,ugly,exact,1.0
60357.mp4,60357,ugly,exact,1.0
60358.mp4,60358,u,exact,1.0
60360.mp4,60360,u,exact,1.0
60362.mp4,60362,u,exact,1.0
60379.mp4,60379,umbrella,exact,1.0
60380.mp4,60380,umbrella,exact,1.0
60381.mp4,60381,umbrella,exact,1.0
60383.mp4,60383,umbrella,exact,1.0
60385.mp4,60385,umbrella,exact,1.0
60457.mp4,60457,uncle,exact,1.0
60458.mp4,60458,uncle,exact,1.0
60459.mp4,60459,uncle,exact,1.0
60460.mp4,60460,uncle,exact,1.0
60462.mp4,60462,uncle,exact,1.0
60465.mp4,60465,uncle,exact,1.0
60520.mp4,60520,under,exact,1.0
60521.mp4,60521,under,exact,1.0
60522.mp4,60522,under,exact,1.0
60527.mp4,60527,under,exact,1.0
60531.mp4,60531,under,exact,1.0
60545.mp4,60545,understand,exact,1.0
60546.mp4,60546,understand,exact,1.0
60547.mp4,60547,understand,exact,1.0
60548.mp4,60548,understand,exact,1.0
60551.mp4,60551,understand,exact,1.0
60556.mp4,60556,understand,exact,1.0
60571.mp4,60571,underwear,exact,1.0
60572.mp4,60572,underwear,exact,1.0
60574.mp4,60574,underwear,exact,1.0
60575.mp4,60575,underwear,exact,1.0
60576.mp4,60576,underwear,exact,1.0
60579.mp4,60579,underwear,exact,1.0
60583.mp4,60583,underwear,exact,1.0
60702.mp4,60702,unique,exact,1.0
60703.mp4,60703,unique,exact,1.0
60704.mp4,60704,unique,exact,1.0
60705.mp4,60705,unique,exact,1.0
60708.mp4,60708,unique,exact,1.0
60709.mp4,60709,unique,exact,1.0
60722.mp4,60722,united states,exact,1.0
60723.mp4,60723,united states,exact,1.0
60724.mp4,60724,united states,exact,1.0
60728.mp4,60728,united states,exact,1.0
60730.mp4,60730,united states,exact,1.0
60760.mp4,60760,university,exact,1.0
60761.mp4,60761,university,exact,1.0
60762.mp4,60762,university,exact,1.0
60763.mp4,60763,university,exact,1.0
60765.mp4,60765,university,exact,1.0
60768.mp4,60768,university,exact,1.0
60851.mp4,60851,until,exact,1.0
60852.mp4,60852,until,exact,1.0
60853.mp4,60853,until,exact,1.0
60854.mp4,60854,until,exact,1.0
60856.mp4,60856,until,exact,1.0
60860.mp4,60860,until,exact,1.0
60907.mp4,60907,up,exact,1.0
60909.mp4,60909,up,exact,1.0
60910.mp4,60910,up,exact,1.0
60912.mp4,60912,up,exact,1.0
60915.mp4,60915,up,exact,1.0
60948.mp4,60948,upset,exact,1.0
60949.mp4,60949,upset,exact,1.0
60950.mp4,60950,upset,exact,1.0
60951.mp4,60951,upset,exact,1.0
60952.mp4,60952,upset,exact,1.0
60954.mp4,60954,upset,exact,1.0
60956.mp4,60956,upset,exact,1.0
60967.mp4,60967,upstairs,exact,1.0
60968.mp4,60968,upstairs,exact,1.0
60970.mp4,60970,upstairs,exact,1.0
61056.mp4,61056,use,exact,1.0
61057.mp4,61057,use,exact,1.0
61058.mp4,61058,use,exact,1.0
61062.mp4,61062,use,exact,1.0
61070.mp4,61070,use,exact,1.0
61135.mp4,61135,vacant,exact,1.0
61136.mp4,61136,vacant,exact,1.0
61138.mp4,61138,vacant,exact,1.0
61140.mp4,61140,vacant,exact,1.0
61142.mp4,61142,vacation,exact,1.0
61143.mp4,61143,vacation,exact,1.0
61144.mp4,61144,vacation,exact,1.0
61146.mp4,61146,vacation,exact,1.0
61150.mp4,61150,vacation,exact,1.0
61188.mp4,61188,vague,exact,1.0
61189.mp4,61189,vague,exact,1.0
61191.mp4,61191,vague,exact,1.0
61193.mp4,61193,vague,exact,1.0
61221.mp4,61221,valley,exact,1.0
61222.mp4,61222,valley,exact,1.0
61224.mp4,61224,valley,exact,1.0
61226.mp4,61226,valley,exact,1.0
61233.mp4,61233,value,exact,1.0
61236.mp4,61236,value,exact,1.0
61237.mp4,61237,value,exact,1.0
61246.mp4,61246,vampire,exact,1.0
61247.mp4,61247,vampire,exact,1.0
61249.mp4,61249,vampire,exact,1.0
61251.mp4,61251,vampire,exact,1.0
61365.mp4,61365,vegetable,exact,1.0
61368.mp4,61368,vegetable,exact,1.0
61370.mp4,61370,vegetable,exact,1.0
61371.mp4,61371,vegetable,exact,1.0
61442.mp4,61442,verb,exact,1.0
61443.mp4,61443,verb,exact,1.0
61444.mp4,61444,verb,exact,1.0
61449.mp4,61449,verb,exact,1.0
61509.mp4,61509,very,exact,1.0
61510.mp4,61510,very,exact,1.0
61512.mp4,61512,very,exact,1.0
61515.mp4,61515,very,exact,1.0
61561.mp4,61561,v,exact,1.0
61563.mp4,61563,v,exact,1.0
61565.mp4,61565,v,exact,1.0
61588.mp4,61588,vice president,exact,1.0
61590.mp4,61590,vice president,exact,1.0
61592.mp4,61592,vice president,exact,1.0
61595.mp4,61595,vice president,exact,1.0
61697.mp4,61697,viewpoint,exact,1.0
61699.mp4,61699,viewpoint,exact,1.0
61700.mp4,61700,viewpoint,exact,1.0
61701.mp4,61701,viewpoint,exact,1.0
61702.mp4,61702,viewpoint,exact,1.0
61738.mp4,61738,violin,exact,1.0
61739.mp4,61739,violin,exact,1.0
61740.mp4,61740,violin,exact,1.0
61742.mp4,61742,violin,exact,1.0
61743.mp4,61743,violin,exact,1.0
61745.mp4,61745,violin,exact,1.0
61805.mp4,61805,visit,exact,1.0
61806.mp4,61806,visit,exact,1.0
61807.mp4,61807,visit,exact,1.0
61808.mp4,61808,visit,exact,1.0
61809.mp4,61809,visit,exact,1.0
61810.mp4,61810,visit,exact,1.0
61812.mp4,61812,visit,exact,1.0
61819.mp4,61819,visit,exact,1.0
61826.mp4,61826,visitor,exact,1.0
61827.mp4,61827,visitor,exact,1.0
61829.mp4,61829,visitor,exact,1.0
61831.mp4,61831,visitor,exact,1.0
61846.mp4,61846,visualize,exact,1.0
61848.mp4,61848,visualize,exact,1.0
61850.mp4,61850,visualize,exact,1.0
61851.mp4,61851,visualize,exact,1.0
61869.mp4,61869,vlog,exact,1.0
61870.mp4,61870,vlog,exact,1.0
61874.mp4,61874,vlog,exact,1.0
61879.mp4,61879,vocabulary,exact,1.0
61881.mp4,61881,vocabulary,exact,1.0
61882.mp4,61882,vocabulary,exact,1.0
61886.mp4,61886,vocabulary,exact,1.0
61889.mp4,61889,vocabulary,exact,1.0
61914.mp4,61914,voice,exact,1.0
61915.mp4,61915,voice,exact,1.0
61916.mp4,61916,voice,exact,1.0
61917.mp4,61917,voice,exact,1.0
61918.mp4,61918,voice,exact,1.0
61920.mp4,61920,voice,exact,1.0
61921.mp4,61921,voice,exact,1.0
61924.mp4,61924,voice,exact,1.0
61947.mp4,61947,volleyball,exact,1.0
61948.mp4,61948,volleyball,exact,1.0
61950.mp4,61950,volleyball,exact,1.0
61952.mp4,61952,volleyball,exact,1.0
61953.mp4,61953,volleyball,exact,1.0
61966.mp4,61966,volunteer,exact,1.0
61967.mp4,61967,volunteer,exact,1.0
61968.mp4,61968,volunteer,exact,1.0
61969.mp4,61969,volunteer,exact,1.0
61971.mp4,61971,volunteer,exact,1.0
61973.mp4,61973,volunteer,exact,1.0
61978.mp4,61978,vomit,exact,1.0
61979.mp4,61979,vomit,exact,1.0
61980.mp4,61980,vomit,exact,1.0
61982.mp4,61982,vomit,exact,1.0
61983.mp4,61983,vomit,exact,1.0
61984.mp4,61984,vomit,exact,1.0
61986.mp4,61986,vomit,exact,1.0
61987.mp4,61987,vomit,exact,1.0
61990.mp4,61990,vomit,exact,1.0
61992.mp4,61992,vote,exact,1.0
61993.mp4,61993,vote,exact,1.0
61994.mp4,61994,vote,exact,1.0
61995.mp4,61995,vote,exact,1.0
61996.mp4,61996,vote,exact,1.0
61997.mp4,61997,vote,exact,1.0
62000.mp4,62000,vote,exact,1.0
62003.mp4,62003,vote,exact,1.0
62087.mp4,62087,waiter,exact,1.0
62088.mp4,62088,waiter,exact,1.0
62092.mp4,62092,waiter,exact,1.0
62097.mp4,62097,wait,exact,1.0
62098.mp4,62098,wait,exact,1.0
62100.mp4,62100,wait,exact,1.0
62101.mp4,62101,wait,exact,1.0
62102.mp4,62102,wait,exact,1.0
62103.mp4,62103,wait,exact,1.0
62106.mp4,62106,wait,exact,1.0
62107.mp4,62107,wait,exact,1.0
62113.mp4,62113,wait,exact,1.0
62143.mp4,62143,wake up,exact,1.0
62145.mp4,62145,wake up,exact,1.0
62146.mp4,62146,wake up,exact,1.0
62148.mp4,62148,wake up,exact,1.0
62150.mp4,62150,wake up,exact,1.0
62158.mp4,62158,walk,exact,1.0
62159.mp4,62159,walk,exact,1.0
62160.mp4,62160,walk,exact,1.0
62163.mp4,62163,walk,exact,1.0
62164.mp4,62164,walk,exact,1.0
62168.mp4,62168,walk,exact,1.0
62169.mp4,62169,walk,exact,1.0
62170.mp4,62170,walk,exact,1.0
62175.mp4,62175,walk,exact,1.0
62189.mp4,62189,wallet,exact,1.0
62190.mp4,62190,wallet,exact,1.0
62191.mp4,62191,wallet,exact,1.0
62192.mp4,62192,wallet,exact,1.0
62195.mp4,62195,wallet,exact,1.0
62196.mp4,62196,wall,exact,1.0
62197.mp4,62197,wall,exact,1.0
62199.mp4,62199,wall,exact,1.0
62203.mp4,62203,wall,exact,1.0
62229.mp4,62229,wander,exact,1.0
62230.mp4,62230,wander,exact,1.0
62231.mp4,62231,wander,exact,1.0
62234.mp4,62234,wander,exact,1.0
62236.mp4,62236,wander,exact,1.0
62244.mp4,62244,want,exact,1.0
62245.mp4,62245,want,exact,1.0
62246.mp4,62246,want,exact,1.0
62247.mp4,62247,want,exact,1.0
62248.mp4,62248,want,exact,1.0
62250.mp4,62250,want,exact,1.0
62251.mp4,62251,want,exact,1.0
62259.mp4,62259,want,exact,1.0
62273.mp4,62273,war,exact,1.0
62274.mp4,62274,war,exact,1.0
62275.mp4,62275,war,exact,1.0
62276.mp4,62276,war,exact,1.0
62279.mp4,62279,war,exact,1.0
62284.mp4,62284,war,exact,1.0
62289.mp4,62289,warm,exact,1.0
62290.mp4,62290,warm,exact,1.0
62291.mp4,62291,warm,exact,1.0
62294.mp4,62294,warm,exact,1.0
62297.mp4,62297,warm,exact,1.0
62302.mp4,62302,warn,exact,1.0
62303.mp4,62303,warn,exact,1.0
62305.mp4,62305,warn,exact,1.0
62309.mp4,62309,warn,exact,1.0
62349.mp4,62349,wash face,exact,1.0
62356.mp4,62356,wash,exact,1.0
62357.mp4,62357,wash,exact,1.0
62358.mp4,62358,wash,exact,1.0
62365.mp4,62365,wash,exact,1.0
62367.mp4,62367,wash,exact,1.0
62372.mp4,62372,wash,exact,1.0
62393.mp4,62393,washington,exact,1.0
62394.mp4,62394,washington,exact,1.0
62395.mp4,62395,washington,exact,1.0
62396.mp4,62396,washington,exact,1.0
62398.mp4,62398,washington,exact,1.0
62423.mp4,62423,waste,exact,1.0
62424.mp4,62424,waste,exact,1.0
62427.mp4,62427,waste,exact,1.0
62430.mp4,62430,waste,exact,1.0
62439.mp4,62439,watch,exact,1.0
62440.mp4,62440,watch,exact,1.0
62443.mp4,62443,watch,exact,1.0
62444.mp4,62444,watch,exact,1.0
62445.mp4,62445,watch,exact,1.0
62452.mp4,62452,watch,exact,1.0
62453.mp4,62453,watch,exact,1.0
62458.mp4,62458,watch,exact,1.0
62488.mp4,62488,waterfall,exact,1.0
62489.mp4,62489,waterfall,exact,1.0
62490.mp4,62490,waterfall,exact,1.0
62492.mp4,62492,waterfall,exact,1.0
62493.mp4,62493,waterfall,exact,1.0
62499.mp4,62499,water,exact,1.0
62500.mp4,62500,water,exact,1.0
62501.mp4,62501,water,exact,1.0
62502.mp4,62502,water,exact,1.0
62503.mp4,62503,water,exact,1.0
62505.mp4,62505,water,exact,1.0
62506.mp4,62506,water,exact,1.0
62510.mp4,62510,water,exact,1.0
62516.mp4,62516,watermelon,exact,1.0
62517.mp4,62517,watermelon,exact,1.0
62519.mp4,62519,watermelon,exact,1.0
62521.mp4,62521,watermelon,exact,1.0
62524.mp4,62524,watermelon,exact,1.0
62570.mp4,62570,way,exact,1.0
62571.mp4,62571,way,exact,1.0
62572.mp4,62572,way,exact,1.0
62575.mp4,62575,way,exact,1.0
62577.mp4,62577,way,exact,1.0
62585.mp4,62585,weak,exact,1.0
62586.mp4,62586,weak,exact,1.0
62587.mp4,62587,weak,exact,1.0
62588.mp4,62588,weak,exact,1.0
62590.mp4,62590,weak,exact,1.0
62591.mp4,62591,weak,exact,1.0
62593.mp4,62593,weak,exact,1.0
62614.mp4,62614,wear,exact,1.0
62615.mp4,62615,wear,exact,1.0
62618.mp4,62618,wear,exact,1.0
62619.mp4,62619,wear,exact,1.0
62622.mp4,62622,wear,exact,1.0
62638.mp4,62638,weather,exact,1.0
62639.mp4,62639,weather,exact,1.0
62641.mp4,62641,weather,exact,1.0
62642.mp4,62642,weather,exact,1.0
62643.mp4,62643,weather,exact,1.0
62645.mp4,62645,weather,exact,1.0
62646.mp4,62646,weather,exact,1.0
62650.mp4,62650,weather,exact,1.0
62689.mp4,62689,wedding,exact,1.0
62690.mp4,62690,wedding,exact,1.0
62691.mp4,62691,wedding,exact,1.0
62692.mp4,62692,wedding,exact,1.0
62694.mp4,62694,wedding,exact,1.0
62697.mp4,62697,wedding,exact,1.0
62707.mp4,62707,wednesday,exact,1.0
62708.mp4,62708,wednesday,exact,1.0
62709.mp4,62709,wednesday,exact,1.0
62710.mp4,62710,wednesday,exact,1.0
62712.mp4,62712,wednesday,exact,1.0
62713.mp4,62713,wednesday,exact,1.0
62717.mp4,62717,wednesday,exact,1.0
62730.mp4,62730,weekend,exact,1.0
62731.mp4,62731,weekend,exact,1.0
62732.mp4,62732,weekend,exact,1.0
62733.mp4,62733,weekend,exact,1.0
62734.mp4,62734,weekend,exact,1.0
62736.mp4,62736,weekend,exact,1.0
62738.mp4,62738,weekend,exact,1.0
62740.mp4,62740,week,exact,1.0
62741.mp4,62741,week,exact,1.0
62742.mp4,62742,week,exact,1.0
62743.mp4,62743,week,exact,1.0
62746.mp4,62746,week,exact,1.0
62747.mp4,62747,week,exact,1.0
62748.mp4,62748,week,exact,1.0
62752.mp4,62752,week,exact,1.0
62754.mp4,62754,weekly,exact,1.0
62756.mp4,62756,weekly,exact,1.0
62757.mp4,62757,weekly,exact,1.0
62761.mp4,62761,weekly,exact,1.0
62774.mp4,62774,we,exact,1.0
62775.mp4,62775,we,exact,1.0
62776.mp4,62776,we,exact,1.0
62778.mp4,62778,we,exact,1.0
62780.mp4,62780,we,exact,1.0
62782.mp4,62782,weigh,exact,1.0
62783.mp4,62783,weigh,exact,1.0
62785.mp4,62785,weigh,exact,1.0
62790.mp4,62790,weight,exact,1.0
62791.mp4,62791,weight,exact,1.0
62792.mp4,62792,weight,exact,1.0
62793.mp4,62793,weight,exact,1.0
62796.mp4,62796,weight,exact,1.0
62797.mp4,62797,weight,exact,1.0
62818.mp4,62818,weird,exact,1.0
62819.mp4,62819,weird,exact,1.0
62821.mp4,62821,weird,exact,1.0
62824.mp4,62824,weird,exact,1.0
62829.mp4,62829,welcome,exact,1.0
62833.mp4,62833,welcome,exact,1.0
62837.mp4,62837,welcome,exact,1.0
62906.mp4,62906,west,exact,1.0
62907.mp4,62907,west,exact,1.0
62908.mp4,62908,west,exact,1.0
62909.mp4,62909,west,exact,1.0
62910.mp4,62910,west,exact,1.0
62912.mp4,62912,west,exact,1.0
62915.mp4,62915,west,exact,1.0
62922.mp4,62922,wet,exact,1.0
62923.mp4,62923,wet,exact,1.0
62924.mp4,62924,wet,exact,1.0
62925.mp4,62925,wet,exact,1.0
62927.mp4,62927,wet,exact,1.0
62930.mp4,62930,wet,exact,1.0
62933.mp4,62933,whale,exact,1.0
62934.mp4,62934,whale,exact,1.0
62936.mp4,62936,whale,exact,1.0
62937.mp4,62937,whale,exact,1.0
62942.mp4,62942,whale,exact,1.0
62952.mp4,62952,whatever,exact,1.0
62953.mp4,62953,whatever,exact,1.0
62955.mp4,62955,whatever,exact,1.0
62964.mp4,62964,what,exact,1.0
62965.mp4,62965,what,exact,1.0
62966.mp4,62966,what,exact,1.0
62967.mp4,62967,what,exact,1.0
62968.mp4,62968,what,exact,1.0
62970.mp4,62970,what,exact,1.0
62975.mp4,62975,what,exact,1.0
62979.mp4,62979,what,exact,1.0
62987.mp4,62987,what,exact,1.0
62988.mp4,62988,what,exact,1.0
63044.mp4,63044,wheelchair,exact,1.0
63046.mp4,63046,wheelchair,exact,1.0
63047.mp4,63047,wheelchair,exact,1.0
63050.mp4,63050,wheelchair,exact,1.0
63066.mp4,63066,when,exact,1.0
63067.mp4,63067,when,exact,1.0
63069.mp4,63069,when,exact,1.0
63070.mp4,63070,when,exact,1.0
63072.mp4,63072,when,exact,1.0
63077.mp4,63077,when,exact,1.0
63081.mp4,63081,where,exact,1.0
63082.mp4,63082,where,exact,1.0
63083.mp4,63083,where,exact,1.0
63084.mp4,63084,where,exact,1.0
63087.mp4,63087,where,exact,1.0
63091.mp4,63091,where,exact,1.0
63104.mp4,63104,which,exact,1.0
63105.mp4,63105,which,exact,1.0
63106.mp4,63106,which,exact,1.0
63108.mp4,63108,which,exact,1.0
63113.mp4,63113,which,exact,1.0
63119.mp4,63119,while,exact,1.0
63120.mp4,63120,while,exact,1.0
63122.mp4,63122,while,exact,1.0
63124.mp4,63124,while,exact,1.0
63126.mp4,63126,while,exact,1.0
63186.mp4,63186,whistle,exact,1.0
63188.mp4,63188,whistle,exact,1.0
63190.mp4,63190,whistle,exact,1.0
63200.mp4,63200,white,exact,1.0
63201.mp4,63201,white,exact,1.0
63202.mp4,63202,white,exact,1.0
63203.mp4,63203,white,exact,1.0
63204.mp4,63204,white,exact,1.0
63205.mp4,63205,white,exact,1.0
63207.mp4,63207,white,exact,1.0
63208.mp4,63208,white,exact,1.0
63214.mp4,63214,white,exact,1.0
63225.mp4,63225,who,exact,1.0
63226.mp4,63226,who,exact,1.0
63227.mp4,63227,who,exact,1.0
63228.mp4,63228,who,exact,1.0
63229.mp4,63229,who,exact,1.0
63230.mp4,63230,who,exact,1.0
63231.mp4,63231,who,exact,1.0
63232.mp4,63232,who,exact,1.0
63236.mp4,63236,who,exact,1.0
63237.mp4,63237,who,exact,1.0
63242.mp4,63242,who,exact,1.0
63274.mp4,63274,w,exact,1.0
63276.mp4,63276,w,exact,1.0
63278.mp4,63278,w,exact,1.0
63280.mp4,63280,why,exact,1.0
63281.mp4,63281,why,exact,1.0
63282.mp4,63282,why,exact,1.0
63283.mp4,63283,why,exact,1.0
63284.mp4,63284,why,exact,1.0
63285.mp4,63285,why,exact,1.0
63287.mp4,63287,why,exact,1.0
63288.mp4,63288,why,exact,1.0
63289.mp4,63289,why,exact,1.0
63292.mp4,63292,why,exact,1.0
63310.mp4,63310,wide,exact,1.0
63311.mp4,63311,wide,exact,1.0
63312.mp4,63312,wide,exact,1.0
63314.mp4,63314,wide,exact,1.0
63316.mp4,63316,wide,exact,1.0
63326.mp4,63326,wife,exact,1.0
63327.mp4,63327,wife,exact,1.0
63328.mp4,63328,wife,exact,1.0
63329.mp4,63329,wife,exact,1.0
63332.mp4,63332,wife,exact,1.0
63337.mp4,63337,wife,exact,1.0
63360.mp4,63360,will,exact,1.0
63364.mp4,63364,will,exact,1.0
63374.mp4,63374,will,exact,1.0
63377.mp4,63377,willing,exact,1.0
63378.mp4,63378,willing,exact,1.0
63380.mp4,63380,willing,exact,1.0
63381.mp4,63381,willing,exact,1.0
63383.mp4,63383,willing,exact,1.0
63402.mp4,63402,wind,exact,1.0
63403.mp4,63403,wind,exact,1.0
63404.mp4,63404,wind,exact,1.0
63405.mp4,63405,wind,exact,1.0
63407.mp4,63407,wind,exact,1.0
63408.mp4,63408,wind,exact,1.0
63410.mp4,63410,wind,exact,1.0
63417.mp4,63417,window,exact,1.0
63418.mp4,63418,window,exact,1.0
63419.mp4,63419,window,exact,1.0
63422.mp4,63422,window,exact,1.0
63427.mp4,63427,window,exact,1.0
63448.mp4,63448,wine,exact,1.0
63449.mp4,63449,wine,exact,1.0
63450.mp4,63450,wine,exact,1.0
63452.mp4,63452,wine,exact,1.0
63455.mp4,63455,wine,exact,1.0
63468.mp4,63468,win,exact,1.0
63469.mp4,63469,win,exact,1.0
63470.mp4,63470,win,exact,1.0
63471.mp4,63471,win,exact,1.0
63473.mp4,63473,win,exact,1.0
63478.mp4,63478,win,exact,1.0
63495.mp4,63495,winter,exact,1.0
63496.mp4,63496,winter,exact,1.0
63497.mp4,63497,winter,exact,1.0
63499.mp4,63499,winter,exact,1.0
63502.mp4,63502,winter,exact,1.0
63504.mp4,63504,winter,exact,1.0
63556.mp4,63556,wish,exact,1.0
63560.mp4,63560,wish,exact,1.0
63563.mp4,63563,wish,exact,1.0
63587.mp4,63587,with,exact,1.0
63588.mp4,63588,with,exact,1.0
63589.mp4,63589,with,exact,1.0
63590.mp4,63590,with,exact,1.0
63592.mp4,63592,with,exact,1.0
63596.mp4,63596,with,exact,1.0
63598.mp4,63598,within,exact,1.0
63599.mp4,63599,within,exact,1.0
63600.mp4,63600,within,exact,1.0
63603.mp4,63603,within,exact,1.0
63604.mp4,63604,within,exact,1.0
63607.mp4,63607,without,exact,1.0
63608.mp4,63608,without,exact,1.0
63609.mp4,63609,without,exact,1.0
63610.mp4,63610,without,exact,1.0
63612.mp4,63612,without,exact,1.0
63615.mp4,63615,without,exact,1.0
63622.mp4,63622,witness,exact,1.0
63623.mp4,63623,witness,exact,1.0
63628.mp4,63628,witness,exact,1.0
63629.mp4,63629,witness,exact,1.0
63630.mp4,63630,witness,exact,1.0
63640.mp4,63640,witness,exact,1.0
63653.mp4,63653,wolf,exact,1.0
63654.mp4,63654,wolf,exact,1.0
63656.mp4,63656,wolf,exact,1.0
63657.mp4,63657,wolf,exact,1.0
63659.mp4,63659,wolf,exact,1.0
63664.mp4,63664,woman,exact,1.0
63665.mp4,63665,woman,exact,1.0
63666.mp4,63666,woman,exact,1.0
63667.mp4,63667,woman,exact,1.0
63668.mp4,63668,woman,exact,1.0
63669.mp4,63669,woman,exact,1.0
63672.mp4,63672,woman,exact,1.0
63673.mp4,63673,woman,exact,1.0
63679.mp4,63679,woman,exact,1.0
63689.mp4,63689,wonderful,exact,1.0
63690.mp4,63690,wonderful,exact,1.0
63691.mp4,63691,wonderful,exact,1.0
63693.mp4,63693,wonderful,exact,1.0
63694.mp4,63694,wonderful,exact,1.0
63695.mp4,63695,wonder,exact,1.0
63696.mp4,63696,wonder,exact,1.0
63697.mp4,63697,wonder,exact,1.0
63701.mp4,63701,wonder,exact,1.0
63722.mp4,63722,wood,exact,1.0
63723.mp4,63723,wood,exact,1.0
63724.mp4,63724,wood,exact,1.0
63726.mp4,63726,wood,exact,1.0
63729.mp4,63729,wood,exact,1.0
63752.mp4,63752,word,exact,1.0
63753.mp4,63753,word,exact,1.0
63754.mp4,63754,word,exact,1.0
63755.mp4,63755,word,exact,1.0
63756.mp4,63756,word,exact,1.0
63760.mp4,63760,word,exact,1.0
63763.mp4,63763,word,exact,1.0
63780.mp4,63780,worker,exact,1.0
63781.mp4,63781,worker,exact,1.0
63783.mp4,63783,worker,exact,1.0
63785.mp4,63785,worker,exact,1.0
63788.mp4,63788,work,exact,1.0
63789.mp4,63789,work,exact,1.0
63790.mp4,63790,work,exact,1.0
63791.mp4,63791,work,exact,1.0
63792.mp4,63792,work,exact,1.0
63793.mp4,63793,work,exact,1.0
63795.mp4,63795,work,exact,1.0
63799.mp4,63799,work,exact,1.0
63806.mp4,63806,work,exact,1.0
63821.mp4,63821,workshop,exact,1.0
63822.mp4,63822,workshop,exact,1.0
63824.mp4,63824,workshop,exact,1.0
63827.mp4,63827,workshop,exact,1.0
63831.mp4,63831,world,exact,1.0
63832.mp4,63832,world,exact,1.0
63836.mp4,63836,world,exact,1.0
63837.mp4,63837,world,exact,1.0
63841.mp4,63841,world,exact,1.0
63850.mp4,63850,worm,exact,1.0
63851.mp4,63851,worm,exact,1.0
63853.mp4,63853,worm,exact,1.0
63856.mp4,63856,worm,exact,1.0
63873.mp4,63873,worry,exact,1.0
63875.mp4,63875,worry,exact,1.0
63876.mp4,63876,worry,exact,1.0
63879.mp4,63879,worry,exact,1.0
63885.mp4,63885,worse,exact,1.0
63886.mp4,63886,worse,exact,1.0
63887.mp4,63887,worse,exact,1.0
63889.mp4,63889,worse,exact,1.0
63891.mp4,63891,worse,exact,1.0
63917.mp4,63917,worthless,exact,1.0
63918.mp4,63918,worthless,exact,1.0
63920.mp4,63920,worthless,exact,1.0
63922.mp4,63922,worthless,exact,1.0
63948.mp4,63948,wow,exact,1.0
63949.mp4,63949,wow,exact,1.0
63951.mp4,63951,wow,exact,1.0
63953.mp4,63953,wow,exact,1.0
63955.mp4,63955,wow,exact,1.0
63958.mp4,63958,wow,exact,1.0
63962.mp4,63962,wow,exact,1.0
63964.mp4,63964,wow,exact,1.0
63968.mp4,63968,wow,exact,1.0
63970.mp4,63970,wrap,exact,1.0
63971.mp4,63971,wrap,exact,1.0
63974.mp4,63974,wrap,exact,1.0
63975.mp4,63975,wrap,exact,1.0
63978.mp4,63978,wrap,exact,1.0
64001.mp4,64001,wrench,exact,1.0
64003.mp4,64003,wrench,exact,1.0
64013.mp4,64013,wrench,exact,1.0
64042.mp4,64042,wristwatch,exact,1.0
64043.mp4,64043,wristwatch,exact,1.0
64044.mp4,64044,wristwatch,exact,1.0
64046.mp4,64046,wristwatch,exact,1.0
64048.mp4,64048,wristwatch,exact,1.0
64056.mp4,64056,write,exact,1.0
64057.mp4,64057,write,exact,1.0
64058.mp4,64058,write,exact,1.0
64059.mp4,64059,write,exact,1.0
64060.mp4,64060,write,exact,1.0
64061.mp4,64061,write,exact,1.0
64065.mp4,64065,write,exact,1.0
64068.mp4,64068,write,exact,1.0
64084.mp4,64084,wrong,exact,1.0
64085.mp4,64085,wrong,exact,1.0
64086.mp4,64086,wrong,exact,1.0
64087.mp4,64087,wrong,exact,1.0
64088.mp4,64088,wrong,exact,1.0
64090.mp4,64090,wrong,exact,1.0
64091.mp4,64091,wrong,exact,1.0
64097.mp4,64097,wrong,exact,1.0
64209.mp4,64209,year,exact,1.0
64210.mp4,64210,year,exact,1.0
64211.mp4,64211,year,exact,1.0
64212.mp4,64212,year,exact,1.0
64213.mp4,64213,year,exact,1.0
64218.mp4,64218,year,exact,1.0
64219.mp4,64219,year,exact,1.0
64224.mp4,64224,year,exact,1.0
64261.mp4,64261,yellow,exact,1.0
64262.mp4,64262,yellow,exact,1.0
64263.mp4,64263,yellow,exact,1.0
64264.mp4,64264,yellow,exact,1.0
64266.mp4,64266,yellow,exact,1.0
64271.mp4,64271,yellow,exact,1.0
64280.mp4,64280,yes,exact,1.0
64281.mp4,64281,yes,exact,1.0
64283.mp4,64283,yes,exact,1.0
64284.mp4,64284,yes,exact,1.0
64287.mp4,64287,yes,exact,1.0
64288.mp4,64288,yes,exact,1.0
64291.mp4,64291,yes,exact,1.0
64292.mp4,64292,yes,exact,1.0
64293.mp4,64293,yes,exact,1.0
64300.mp4,64300,yes,exact,1.0
64304.mp4,64304,yesterday,exact,1.0
64305.mp4,64305,yesterday,exact,1.0
64306.mp4,64306,yesterday,exact,1.0
64307.mp4,64307,yesterday,exact,1.0
64308.mp4,64308,yesterday,exact,1.0
64309.mp4,64309,yesterday,exact,1.0
64311.mp4,64311,yesterday,exact,1.0
64315.mp4,64315,yesterday,exact,1.0
64379.mp4,64379,you,exact,1.0
64380.mp4,64380,you,exact,1.0
64381.mp4,64381,you,exact,1.0
64382.mp4,64382,you,exact,1.0
64383.mp4,64383,you,exact,1.0
64385.mp4,64385,you,exact,1.0
64391.mp4,64391,you,exact,1.0
64411.mp4,64411,young,exact,1.0
64413.mp4,64413,young,exact,1.0
64414.mp4,64414,young,exact,1.0
64416.mp4,64416,young,exact,1.0
64419.mp4,64419,young,exact,1.0
64427.mp4,64427,your,exact,1.0
64428.mp4,64428,your,exact,1.0
64429.mp4,64429,your,exact,1.0
64430.mp4,64430,your,exact,1.0
64433.mp4,64433,your,exact,1.0
64434.mp4,64434,your,exact,1.0
64445.mp4,64445,yourself,exact,1.0
64446.mp4,64446,yourself,exact,1.0
64447.mp4,64447,yourself,exact,1.0
64448.mp4,64448,yourself,exact,1.0
64451.mp4,64451,yourself,exact,1.0
64544.mp4,64544,zero,exact,1.0
64547.mp4,64547,zero,exact,1.0
64551.mp4,64551,zero,exact,1.0
65002.mp4,65002,about,exact,1.0
65003.mp4,65003,about,exact,1.0
65004.mp4,65004,above,exact,1.0
65006.mp4,65006,accent,exact,1.0
65007.mp4,65007,accept,exact,1.0
65009.mp4,65009,accident,exact,1.0
65010.mp4,65010,accomplish,exact,1.0
65011.mp4,65011,accountant,exact,1.0
65014.mp4,65014,act,exact,1.0
65015.mp4,65015,action,exact,1.0
65016.mp4,65016,activity,exact,1.0
65017.mp4,65017,actor,exact,1.0
65018.mp4,65018,add,exact,1.0
65020.mp4,65020,admire,exact,1.0
65021.mp4,65021,admit,exact,1.0
65022.mp4,65022,adopt,exact,1.0
65024.mp4,65024,adult,exact,1.0
65025.mp4,65025,advantage,exact,1.0
65029.mp4,65029,africa,exact,1.0
65030.mp4,65030,after,exact,1.0
65031.mp4,65031,afternoon,exact,1.0
65032.mp4,65032,again,exact,1.0
65033.mp4,65033,against,exact,1.0
65034.mp4,65034,age,exact,1.0
65037.mp4,65037,agreement,exact,1.0
65038.mp4,65038,airplane,exact,1.0
65040.mp4,65040,alarm,exact,1.0
65043.mp4,65043,all,exact,1.0
65050.mp4,65050,allergy,exact,1.0
65051.mp4,65051,allergy,exact,1.0
65052.mp4,65052,allow,exact,1.0
65053.mp4,65053,allow,exact,1.0
65054.mp4,65054,allow,exact,1.0
65056.mp4,65056,almost,exact,1.0
65057.mp4,65057,alone,exact,1.0
65058.mp4,65058,alphabet,exact,1.0
65059.mp4,65059,also,exact,1.0
65061.mp4,65061,always,exact,1.0
65063.mp4,65063,amazing,exact,1.0
65064.mp4,65064,america,exact,1.0
65066.mp4,65066,analyze,exact,1.0
65067.mp4,65067,and,exact,1.0
65071.mp4,65071,angel,exact,1.0
65072.mp4,65072,angry,exact,1.0
65073.mp4,65073,animal,exact,1.0
65074.mp4,65074,announce,exact,1.0
65076.mp4,65076,answer,exact,1.0
65079.mp4,65079,any,exact,1.0
65081.mp4,65081,apart,exact,1.0
65082.mp4,65082,apostrophe,exact,1.0
65083.mp4,65083,appear,exact,1.0
65084.mp4,65084,apple,exact,1.0
65085.mp4,65085,apple,exact,1.0
65086.mp4,65086,apple,exact,1.0
65087.mp4,65087,appointment,exact,1.0
65088.mp4,65088,approach,exact,1.0
65091.mp4,65091,area,exact,1.0
65092.mp4,65092,argue,exact,1.0
65093.mp4,65093,arizona,exact,1.0
65094.mp4,65094,arm,exact,1.0
65095.mp4,65095,army,exact,1.0
65096.mp4,65096,arrive,exact,1.0
65097.mp4,65097,art,exact,1.0
65098.mp4,65098,article,exact,1.0
65100.mp4,65100,asia,exact,1.0
65101.mp4,65101,ask,exact,1.0
65107.mp4,65107,attention,exact,1.0
65108.mp4,65108,attitude,exact,1.0
65110.mp4,65110,aunt,exact,1.0
65111.mp4,65111,australia,exact,1.0
65113.mp4,65113,autumn,exact,1.0
65114.mp4,65114,avoid,exact,1.0
65116.mp4,65116,awake,exact,1.0
65117.mp4,65117,away,exact,1.0
65118.mp4,65118,awful,exact,1.0
65119.mp4,65119,baby,exact,1.0
65120.mp4,65120,back,exact,1.0
65122.mp4,65122,background,exact,1.0
65123.mp4,65123,backpack,exact,1.0
65124.mp4,65124,bacon,exact,1.0
65125.mp4,65125,bad,exact,1.0
65127.mp4,65127,bake,exact,1.0
65128.mp4,65128,bake,exact,1.0
65129.mp4,65129,balance,exact,1.0
65130.mp4,65130,bald,exact,1.0
65131.mp4,65131,ball,exact,1.0
65132.mp4,65132,balloon,exact,1.0
65133.mp4,65133,balloon,exact,1.0
65134.mp4,65134,banana,exact,1.0
65135.mp4,65135,banana,exact,1.0
65137.mp4,65137,bar,exact,1.0
65138.mp4,65138,barely,exact,1.0
65139.mp4,65139,bark,exact,1.0
65140.mp4,65140,baseball,exact,1.0
65141.mp4,65141,baseball,exact,1.0
65142.mp4,65142,basement,exact,1.0
65143.mp4,65143,basic,exact,1.0
65144.mp4,65144,basketball,exact,1.0
65145.mp4,65145,basketball,exact,1.0
65147.mp4,65147,bath,exact,1.0
65148.mp4,65148,bathroom,exact,1.0
65149.mp4,65149,battery,exact,1.0
65155.mp4,65155,bear,exact,1.0
65156.mp4,65156,beard,exact,1.0
65158.mp4,65158,because,exact,1.0
65159.mp4,65159,because,exact,1.0
65160.mp4,65160,become,exact,1.0
65161.mp4,65161,bed,exact,1.0
65162.mp4,65162,bed,exact,1.0
65163.mp4,65163,bed,exact,1.0
65164.mp4,65164,bedroom,exact,1.0
65165.mp4,65165,bee,exact,1.0
65166.mp4,65166,beer,exact,1.0
65167.mp4,65167,before,exact,1.0
65168.mp4,65168,beg,exact,1.0
65169.mp4,65169,behind,exact,1.0
65170.mp4,65170,believe,exact,1.0
65171.mp4,65171,believe,exact,1.0
65173.mp4,65173,belt,exact,1.0
65175.mp4,65175,benefit,exact,1.0
65176.mp4,65176,berry,exact,1.0
65179.mp4,65179,better,exact,1.0
65180.mp4,65180,between,exact,1.0
65181.mp4,65181,bicycle,exact,1.0
65182.mp4,65182,big,exact,1.0
65183.mp4,65183,big,exact,1.0
65185.mp4,65185,binoculars,exact,1.0
65186.mp4,65186,biology,exact,1.0
65187.mp4,65187,bird,exact,1.0
65189.mp4,65189,birth,exact,1.0
65190.mp4,65190,birth,exact,1.0
65192.mp4,65192,birthday,exact,1.0
65199.mp4,65199,bite,exact,1.0
65200.mp4,65200,black,exact,1.0
65202.mp4,65202,blame,exact,1.0
65204.mp4,65204,blanket,exact,1.0
65205.mp4,65205,blanket,exact,1.0
65206.mp4,65206,bless,exact,1.0
65209.mp4,65209,blind,exact,1.0
65212.mp4,65212,blood,exact,1.0
65216.mp4,65216,blue,exact,1.0
65221.mp4,65221,boat,exact,1.0
65222.mp4,65222,body,exact,1.0
65224.mp4,65224,bone,exact,1.0
65226.mp4,65226,boots,exact,1.0
65229.mp4,65229,bored,exact,1.0
65230.mp4,65230,borrow,exact,1.0
65231.mp4,65231,boss,exact,1.0
65233.mp4,65233,both,exact,1.0
65234.mp4,65234,bother,exact,1.0
65235.mp4,65235,bottle,exact,1.0
65240.mp4,65240,bowl,exact,1.0
65241.mp4,65241,bowling,exact,1.0
65242.mp4,65242,bowling,exact,1.0
65244.mp4,65244,box,exact,1.0
65245.mp4,65245,boy,exact,1.0
65246.mp4,65246,bra,exact,1.0
65247.mp4,65247,bracelet,exact,1.0
65248.mp4,65248,brag,exact,1.0
65249.mp4,65249,brag,exact,1.0
65251.mp4,65251,brave,exact,1.0
65252.mp4,65252,break,exact,1.0
65253.mp4,65253,breakdown,exact,1.0
65256.mp4,65256,breathe,exact,1.0
65259.mp4,65259,bridge,exact,1.0
65260.mp4,65260,bring,exact,1.0
65262.mp4,65262,brother,exact,1.0
65263.mp4,65263,brown,exact,1.0
65264.mp4,65264,brush,exact,1.0
65265.mp4,65265,brush,exact,1.0
65267.mp4,65267,bug,exact,1.0
65268.mp4,65268,build,exact,1.0
65269.mp4,65269,building,exact,1.0
65275.mp4,65275,business,exact,1.0
65277.mp4,65277,busy,exact,1.0
65278.mp4,65278,but,exact,1.0
65279.mp4,65279,butter,exact,1.0
65280.mp4,65280,butterfly,exact,1.0
65281.mp4,65281,button,exact,1.0
65282.mp4,65282,buy,exact,1.0
65284.mp4,65284,cafeteria,exact,1.0
65285.mp4,65285,cake,exact,1.0
65286.mp4,65286,cake,exact,1.0
65289.mp4,65289,california,exact,1.0
65290.mp4,65290,call,exact,1.0
65292.mp4,65292,camera,exact,1.0
65293.mp4,65293,camping,exact,1.0
65294.mp4,65294,can,exact,1.0
65295.mp4,65295,canada,exact,1.0
65297.mp4,65297,candle,exact,1.0
65298.mp4,65298,candy,exact,1.0
65299.mp4,65299,candy,exact,1.0
65300.mp4,65300,candy,exact,1.0
65301.mp4,65301,cannot,exact,1.0
65303.mp4,65303,caption,exact,1.0
65304.mp4,65304,card,exact,1.0
65305.mp4,65305,cards,exact,1.0
65306.mp4,65306,careful,exact,1.0
65307.mp4,65307,careful,exact,1.0
65308.mp4,65308,carrot,exact,1.0
65309.mp4,65309,carry,exact,1.0
65312.mp4,65312,cat,exact,1.0
65313.mp4,65313,cat,exact,1.0
65314.mp4,65314,catch,exact,1.0
65316.mp4,65316,catholic,exact,1.0
65319.mp4,65319,cause,exact,1.0
65320.mp4,65320,ceiling,exact,1.0
65321.mp4,65321,celebrate,exact,1.0
65322.mp4,65322,cemetery,exact,1.0
65323.mp4,65323,cent,exact,1.0
65324.mp4,65324,center,exact,1.0
65325.mp4,65325,cereal,exact,1.0
65326.mp4,65326,certificate,exact,1.0
65327.mp4,65327,chain,exact,1.0
65328.mp4,65328,chair,exact,1.0
65329.mp4,65329,challenge,exact,1.0
65330.mp4,65330,champion,exact,1.0
65331.mp4,65331,chance,exact,1.0
65334.mp4,65334,character,exact,1.0
65337.mp4,65337,chase,exact,1.0
65338.mp4,65338,chat,exact,1.0
65340.mp4,65340,cheap,exact,1.0
65341.mp4,65341,cheat,exact,1.0
65342.mp4,65342,cheat,exact,1.0
65343.mp4,65343,check,exact,1.0
65344.mp4,65344,cheerleader,exact,1.0
65345.mp4,65345,cheese,exact,1.0
65347.mp4,65347,cherry,exact,1.0
65349.mp4,65349,chicken,exact,1.0
65351.mp4,65351,child,exact,1.0
65352.mp4,65352,children,exact,1.0
65354.mp4,65354,chocolate,exact,1.0
65355.mp4,65355,chop,exact,1.0
65356.mp4,65356,christian,exact,1.0
65357.mp4,65357,christmas,exact,1.0
65359.mp4,65359,cigarette,exact,1.0
65360.mp4,65360,circle,exact,1.0
65362.mp4,65362,city,exact,1.0
65363.mp4,65363,city,exact,1.0
65364.mp4,65364,class,exact,1.0
65365.mp4,65365,clean,exact,1.0
65366.mp4,65366,clear,exact,1.0
65372.mp4,65372,clown,exact,1.0
65373.mp4,65373,cochlear implant,exact,1.0
65374.mp4,65374,coconut,exact,1.0
65375.mp4,65375,coffee,exact,1.0
65377.mp4,65377,cold,exact,1.0
65379.mp4,65379,college,exact,1.0
65381.mp4,65381,comfortable,exact,1.0
65382.mp4,65382,comment,exact,1.0
65383.mp4,65383,committee,exact,1.0
65386.mp4,65386,compare,exact,1.0
65388.mp4,65388,complex,exact,1.0
65389.mp4,65389,complex,exact,1.0
65392.mp4,65392,concept,exact,1.0
65393.mp4,65393,concern,exact,1.0
65394.mp4,65394,conflict,exact,1.0
65395.mp4,65395,confused,exact,1.0
65396.mp4,65396,confused,exact,1.0
65397.mp4,65397,connect,exact,1.0
65398.mp4,65398,consume,exact,1.0
65400.mp4,65400,convince,exact,1.0
65401.mp4,65401,convince,exact,1.0
65402.mp4,65402,cool,exact,1.0
65403.mp4,65403,cool,exact,1.0
65405.mp4,65405,copy,exact,1.0
65407.mp4,65407,corner,exact,1.0
65408.mp4,65408,corn,exact,1.0
65409.mp4,65409,corn,exact,1.0
65410.mp4,65410,correct,exact,1.0
65411.mp4,65411,cough,exact,1.0
65412.mp4,65412,counsel,exact,1.0
65413.mp4,65413,count,exact,1.0
65414.mp4,65414,country,exact,1.0
65415.mp4,65415,cousin,exact,1.0
65416.mp4,65416,cover,exact,1.0
65420.mp4,65420,crave,exact,1.0
65421.mp4,65421,crazy,exact,1.0
65422.mp4,65422,crazy,exact,1.0
65425.mp4,65425,crocodile,exact,1.0
65427.mp4,65427,cry,exact,1.0
65428.mp4,65428,culture,exact,1.0
65429.mp4,65429,curious,exact,1.0
65431.mp4,65431,curriculum,exact,1.0
65433.mp4,65433,daily,exact,1.0
65434.mp4,65434,dance,exact,1.0
65436.mp4,65436,dancer,exact,1.0
65437.mp4,65437,dangerous,exact,1.0
65438.mp4,65438,dangerous,exact,1.0
65439.mp4,65439,dark,exact,1.0
65440.mp4,65440,dark,exact,1.0
65442.mp4,65442,date,exact,1.0
65443.mp4,65443,daughter,exact,1.0
65444.mp4,65444,day,exact,1.0
65445.mp4,65445,deaf,exact,1.0
65449.mp4,65449,decide,exact,1.0
65450.mp4,65450,decide,exact,1.0
65451.mp4,65451,decorate,exact,1.0
65453.mp4,65453,deep,exact,1.0
65454.mp4,65454,degree,exact,1.0
65457.mp4,65457,delicious,exact,1.0
65458.mp4,65458,demand,exact,1.0
65460.mp4,65460,dentist,exact,1.0
65461.mp4,65461,deny,exact,1.0
65462.mp4,65462,deodorant,exact,1.0
65464.mp4,65464,department,exact,1.0
65465.mp4,65465,depend,exact,1.0
65466.mp4,65466,depressed,exact,1.0
65467.mp4,65467,desert,exact,1.0
65468.mp4,65468,design,exact,1.0
65470.mp4,65470,dessert,exact,1.0
65471.mp4,65471,destroy,exact,1.0
65472.mp4,65472,develop,exact,1.0
65473.mp4,65473,develop,exact,1.0
65474.mp4,65474,devil,exact,1.0
65476.mp4,65476,diamond,exact,1.0
65477.mp4,65477,diaper,exact,1.0
65478.mp4,65478,dice,exact,1.0
65479.mp4,65479,die,exact,1.0
65480.mp4,65480,different,exact,1.0
65483.mp4,65483,dinosaur,exact,1.0
65484.mp4,65484,director,exact,1.0
65485.mp4,65485,dirty,exact,1.0
65488.mp4,65488,disconnect,exact,1.0
65489.mp4,65489,disconnect,exact,1.0
65491.mp4,65491,discuss,exact,1.0
65492.mp4,65492,disgusted,exact,1.0
65494.mp4,65494,dissolve,exact,1.0
65495.mp4,65495,dive,exact,1.0
65499.mp4,65499,divide,exact,1.0
65501.mp4,65501,dizzy,exact,1.0
65503.mp4,65503,doctor,exact,1.0
65504.mp4,65504,doctor,exact,1.0
65505.mp4,65505,document,exact,1.0
65506.mp4,65506,dog,exact,1.0
65507.mp4,65507,dog,exact,1.0
65510.mp4,65510,doll,exact,1.0
65518.mp4,65518,don't want,exact,1.0
65520.mp4,65520,door,exact,1.0
65522.mp4,65522,dormitory,exact,1.0
65523.mp4,65523,double,exact,1.0
65524.mp4,65524,doubt,exact,1.0
65526.mp4,65526,down,exact,1.0
65531.mp4,65531,draw,exact,1.0
65532.mp4,65532,drawer,exact,1.0
65533.mp4,65533,dream,exact,1.0
65534.mp4,65534,dream,exact,1.0
65535.mp4,65535,dress,exact,1.0
65539.mp4,65539,drink,exact,1.0
65540.mp4,65540,drink,exact,1.0
65542.mp4,65542,drive,exact,1.0
65544.mp4,65544,drop,exact,1.0
65547.mp4,65547,drum,exact,1.0
65548.mp4,65548,drunk,exact,1.0
65549.mp4,65549,dry,exact,1.0
65551.mp4,65551,duck,exact,1.0
65552.mp4,65552,due,exact,1.0
65553.mp4,65553,dumb,exact,1.0
65554.mp4,65554,duty,exact,1.0
65556.mp4,65556,call,exact,1.0
65558.mp4,65558,come here,exact,1.0
65575.mp4,65575,perfect,exact,1.0
65577.mp4,65577,scold,exact,1.0
65588.mp4,65588,eagle,exact,1.0
65589.mp4,65589,eagle,exact,1.0
65590.mp4,65590,ear,exact,1.0
65591.mp4,65591,ear,exact,1.0
65594.mp4,65594,earn,exact,1.0
65595.mp4,65595,earring,exact,1.0
65596.mp4,65596,earthquake,exact,1.0
65597.mp4,65597,east,exact,1.0
65599.mp4,65599,easter,exact,1.0
65600.mp4,65600,easy,exact,1.0
65601.mp4,65601,eat,exact,1.0
65606.mp4,65606,education,exact,1.0
65607.mp4,65607,egg,exact,1.0
65609.mp4,65609,egypt,exact,1.0
65614.mp4,65614,eighteen,exact,1.0
65617.mp4,65617,either,exact,1.0
65618.mp4,65618,electrician,exact,1.0
65620.mp4,65620,elephant,exact,1.0
65621.mp4,65621,elevator,exact,1.0
65625.mp4,65625,email,exact,1.0
65626.mp4,65626,embarrass,exact,1.0
65627.mp4,65627,empty,exact,1.0
65628.mp4,65628,encourage,exact,1.0
65630.mp4,65630,energy,exact,1.0
65633.mp4,65633,engage,exact,1.0
65634.mp4,65634,english,exact,1.0
65635.mp4,65635,enjoy,exact,1.0
65637.mp4,65637,enough,exact,1.0
65638.mp4,65638,environment,exact,1.0
65639.mp4,65639,environment,exact,1.0
65640.mp4,65640,equal,exact,1.0
65641.mp4,65641,erase,exact,1.0
65644.mp4,65644,escape,exact,1.0
65647.mp4,65647,event,exact,1.0
65649.mp4,65649,everything,exact,1.0
65650.mp4,65650,exact,exact,1.0
65652.mp4,65652,example,exact,1.0
65653.mp4,65653,example,exact,1.0
65654.mp4,65654,example,exact,1.0
65655.mp4,65655,excited,exact,1.0
65656.mp4,65656,excuse,exact,1.0
65657.mp4,65657,exercise,exact,1.0
65659.mp4,65659,experience,exact,1.0
65660.mp4,65660,experiment,exact,1.0
65662.mp4,65662,explode,exact,1.0
65664.mp4,65664,express,exact,1.0
65665.mp4,65665,eye,exact,1.0
65667.mp4,65667,eyes,exact,1.0
65668.mp4,65668,face,exact,1.0
65669.mp4,65669,face,exact,1.0
65671.mp4,65671,faculty,exact,1.0
65672.mp4,65672,fail,exact,1.0
65674.mp4,65674,fake,exact,1.0
65677.mp4,65677,family,exact,1.0
65678.mp4,65678,famous,exact,1.0
65680.mp4,65680,fancy,exact,1.0
65682.mp4,65682,far,exact,1.0
65685.mp4,65685,farm,exact,1.0
65689.mp4,65689,fast,exact,1.0
65690.mp4,65690,fast,exact,1.0
65691.mp4,65691,fast,exact,1.0
65692.mp4,65692,fat,exact,1.0
65694.mp4,65694,favorite,exact,1.0
65695.mp4,65695,feedback,exact,1.0
65696.mp4,65696,feel,exact,1.0
65699.mp4,65699,fence,exact,1.0
65711.mp4,65711,fight,exact,1.0
65721.mp4,65721,finish,exact,1.0
65726.mp4,65726,firefighter,exact,1.0
65728.mp4,65728,first,exact,1.0
65729.mp4,65729,first,exact,1.0
65730.mp4,65730,first,exact,1.0
65731.mp4,65731,fish,exact,1.0
65732.mp4,65732,fishing,exact,1.0
65734.mp4,65734,five,exact,1.0
65739.mp4,65739,flag,exact,1.0
65744.mp4,65744,flirt,exact,1.0
65746.mp4,65746,flower,exact,1.0
65747.mp4,65747,flute,exact,1.0
65748.mp4,65748,fly,exact,1.0
65750.mp4,65750,fold,exact,1.0
65751.mp4,65751,follow,exact,1.0
65752.mp4,65752,follow,exact,1.0
65754.mp4,65754,fool,exact,1.0
65755.mp4,65755,football,exact,1.0
65756.mp4,65756,for,exact,1.0
65757.mp4,65757,forbid,exact,1.0
65759.mp4,65759,forest,exact,1.0
65760.mp4,65760,forever,exact,1.0
65761.mp4,65761,forget,exact,1.0
65762.mp4,65762,fork,exact,1.0
65764.mp4,65764,former,exact,1.0
65768.mp4,65768,four,exact,1.0
65774.mp4,65774,fourth,exact,1.0
65775.mp4,65775,fox,exact,1.0
65777.mp4,65777,france,exact,1.0
65778.mp4,65778,free,exact,1.0
65779.mp4,65779,freeze,exact,1.0
65780.mp4,65780,french fries,exact,1.0
65781.mp4,65781,friday,exact,1.0
65782.mp4,65782,friend,exact,1.0
65783.mp4,65783,friendly,exact,1.0
65784.mp4,65784,frog,exact,1.0
65785.mp4,65785,from,exact,1.0
65786.mp4,65786,front,exact,1.0
65789.mp4,65789,fruit,exact,1.0
65792.mp4,65792,full,exact,1.0
65793.mp4,65793,fun,exact,1.0
65796.mp4,65796,function,exact,1.0
65797.mp4,65797,future,exact,1.0
65798.mp4,65798,future,exact,1.0
65799.mp4,65799,gallaudet,exact,1.0
65800.mp4,65800,game,exact,1.0
65802.mp4,65802,gas,exact,1.0
65803.mp4,65803,gather,exact,1.0
65804.mp4,65804,gay,exact,1.0
65806.mp4,65806,germany,exact,1.0
65808.mp4,65808,get,exact,1.0
65814.mp4,65814,get up,exact,1.0
65815.mp4,65815,ghost,exact,1.0
65816.mp4,65816,giraffe,exact,1.0
65817.mp4,65817,girl,exact,1.0
65820.mp4,65820,give up,exact,1.0
65821.mp4,65821,glass,exact,1.0
65822.mp4,65822,glasses,exact,1.0
65824.mp4,65824,go,exact,1.0
65829.mp4,65829,goal,exact,1.0
65830.mp4,65830,goat,exact,1.0
65832.mp4,65832,god,exact,1.0
65833.mp4,65833,golf,exact,1.0
65834.mp4,65834,gone,exact,1.0
65835.mp4,65835,good,exact,1.0
65838.mp4,65838,gorilla,exact,1.0
65840.mp4,65840,government,exact,1.0
65841.mp4,65841,grab,exact,1.0
65843.mp4,65843,graduate,exact,1.0
65845.mp4,65845,grammar,exact,1.0
65846.mp4,65846,grandfather,exact,1.0
65847.mp4,65847,grandmother,exact,1.0
65849.mp4,65849,grapes,exact,1.0
65850.mp4,65850,grass,exact,1.0
65852.mp4,65852,gray,exact,1.0
65853.mp4,65853,greece,exact,1.0
65854.mp4,65854,green,exact,1.0
65859.mp4,65859,group,exact,1.0
65860.mp4,65860,group,exact,1.0
65863.mp4,65863,grow up,exact,1.0
65864.mp4,65864,guess,exact,1.0
65865.mp4,65865,guilty,exact,1.0
65866.mp4,65866,guilty,exact,1.0
65867.mp4,65867,guitar,exact,1.0
65868.mp4,65868,gum,exact,1.0
65870.mp4,65870,hair,exact,1.0
65873.mp4,65873,halloween,exact,1.0
65874.mp4,65874,halloween,exact,1.0
65875.mp4,65875,hammer,exact,1.0
65881.mp4,65881,headache,exact,1.0
65883.mp4,65883,heap,exact,1.0
65884.mp4,65884,hearing,exact,1.0
65885.mp4,65885,hearing aid,exact,1.0
65887.mp4,65887,heaven,exact,1.0
65888.mp4,65888,helicopter,exact,1.0
65889.mp4,65889,help,exact,1.0
65890.mp4,65890,help,exact,1.0
65891.mp4,65891,help,exact,1.0
65892.mp4,65892,here,exact,1.0
65893.mp4,65893,high,exact,1.0
65894.mp4,65894,history,exact,1.0
65895.mp4,65895,hockey,exact,1.0
65898.mp4,65898,honey,exact,1.0
65899.mp4,65899,honey,exact,1.0
65905.mp4,65905,hope,exact,1.0
65909.mp4,65909,hug,exact,1.0
65912.mp4,65912,hunt,exact,1.0
65913.mp4,65913,husband,exact,1.0
65918.mp4,65918,idea,exact,1.0
65919.mp4,65919,identify,exact,1.0
65923.mp4,65923,ignore,exact,1.0
65925.mp4,65925,impact,exact,1.0
65926.mp4,65926,important,exact,1.0
65927.mp4,65927,impossible,exact,1.0
65929.mp4,65929,improve,exact,1.0
65932.mp4,65932,independent,exact,1.0
65933.mp4,65933,individual,exact,1.0
65938.mp4,65938,infection,exact,1.0
65939.mp4,65939,influence,exact,1.0
65940.mp4,65940,inform,exact,1.0
65942.mp4,65942,inside,exact,1.0
65943.mp4,65943,inspire,exact,1.0
65945.mp4,65945,instead,exact,1.0
65947.mp4,65947,institute,exact,1.0
65950.mp4,65950,interest,exact,1.0
65954.mp4,65954,interpreter,exact,1.0
65956.mp4,65956,interview,exact,1.0
65958.mp4,65958,introduce,exact,1.0
65959.mp4,65959,invest,exact,1.0
65961.mp4,65961,invite,exact,1.0
65962.mp4,65962,involve,exact,1.0
65963.mp4,65963,ireland,exact,1.0
65964.mp4,65964,iron,exact,1.0
65966.mp4,65966,island,exact,1.0
65969.mp4,65969,italy,exact,1.0
65978.mp4,65978,jewelry,exact,1.0
65979.mp4,65979,jewish,exact,1.0
65981.mp4,65981,join,exact,1.0
65983.mp4,65983,jump,exact,1.0
65986.mp4,65986,kangaroo,exact,1.0
65987.mp4,65987,keep,exact,1.0
65989.mp4,65989,key,exact,1.0
65990.mp4,65990,kick,exact,1.0
65991.mp4,65991,kid,exact,1.0
65992.mp4,65992,kill,exact,1.0
65994.mp4,65994,king,exact,1.0
65996.mp4,65996,kiss,exact,1.0
65997.mp4,65997,kitchen,exact,1.0
66000.mp4,66000,knife,exact,1.0
66001.mp4,66001,knock,exact,1.0
66002.mp4,66002,know,exact,1.0
66006.mp4,66006,label,exact,1.0
66007.mp4,66007,language,exact,1.0
66008.mp4,66008,language,exact,1.0
66009.mp4,66009,laptop,exact,1.0
66010.mp4,66010,last,exact,1.0
66011.mp4,66011,last week,exact,1.0
66012.mp4,66012,last year,exact,1.0
66013.mp4,66013,late,exact,1.0
66014.mp4,66014,later,exact,1.0
66015.mp4,66015,later,exact,1.0
66016.mp4,66016,laugh,exact,1.0
66017.mp4,66017,law,exact,1.0
66019.mp4,66019,lazy,exact,1.0
66020.mp4,66020,lead,exact,1.0
66021.mp4,66021,leaf,exact,1.0
66022.mp4,66022,league,exact,1.0
66024.mp4,66024,learn,exact,1.0
66025.mp4,66025,leave,exact,1.0
66030.mp4,66030,lemon,exact,1.0
66031.mp4,66031,lemon,exact,1.0
66032.mp4,66032,lemon,exact,1.0
66033.mp4,66033,lemon,exact,1.0
66034.mp4,66034,lend,exact,1.0
66035.mp4,66035,lesbian,exact,1.0
66037.mp4,66037,lesson,exact,1.0
66038.mp4,66038,letter,exact,1.0
66039.mp4,66039,a,exact,1.0
66040.mp4,66040,b,exact,1.0
66042.mp4,66042,d,exact,1.0
66043.mp4,66043,e,exact,1.0
66044.mp4,66044,f,exact,1.0
66045.mp4,66045,g,exact,1.0
66046.mp4,66046,h,exact,1.0
66047.mp4,66047,i,exact,1.0
66048.mp4,66048,j,exact,1.0
66049.mp4,66049,k,exact,1.0
66051.mp4,66051,m,exact,1.0
66052.mp4,66052,n,exact,1.0
66053.mp4,66053,o,exact,1.0
66054.mp4,66054,p,exact,1.0
66055.mp4,66055,q,exact,1.0
66056.mp4,66056,r,exact,1.0
66057.mp4,66057,s,exact,1.0
66058.mp4,66058,t,exact,1.0
66059.mp4,66059,u,exact,1.0
66060.mp4,66060,v,exact,1.0
66061.mp4,66061,w,exact,1.0
66065.mp4,66065,lettuce,exact,1.0
66067.mp4,66067,lie,exact,1.0
66068.mp4,66068,lift,exact,1.0
66069.mp4,66069,light,exact,1.0
66072.mp4,66072,limit,exact,1.0
66073.mp4,66073,linguistics,exact,1.0
66075.mp4,66075,list,exact,1.0
66078.mp4,66078,live,exact,1.0
66079.mp4,66079,live,exact,1.0
66080.mp4,66080,lock,exact,1.0
66081.mp4,66081,lonely,exact,1.0
66087.mp4,66087,loud,exact,1.0
66088.mp4,66088,lousy,exact,1.0
66090.mp4,66090,lucky,exact,1.0
66091.mp4,66091,machine,exact,1.0
66092.mp4,66092,magic,exact,1.0
66097.mp4,66097,man,exact,1.0
66098.mp4,66098,man,exact,1.0
66099.mp4,66099,man,exact,1.0
66100.mp4,66100,manage,exact,1.0
66104.mp4,66104,marry,exact,1.0
66106.mp4,66106,match,exact,1.0
66107.mp4,66107,math,exact,1.0
66108.mp4,66108,measure,exact,1.0
66109.mp4,66109,meat,exact,1.0
66110.mp4,66110,mechanic,exact,1.0
66111.mp4,66111,medicine,exact,1.0
66112.mp4,66112,meet,exact,1.0
66114.mp4,66114,memorize,exact,1.0
66115.mp4,66115,mention,exact,1.0
66116.mp4,66116,mention,exact,1.0
66119.mp4,66119,mexico,exact,1.0
66121.mp4,66121,microwave,exact,1.0
66122.mp4,66122,middle,exact,1.0
66123.mp4,66123,mind,exact,1.0
66127.mp4,66127,minute,exact,1.0
66128.mp4,66128,minute,exact,1.0
66129.mp4,66129,mirror,exact,1.0
66131.mp4,66131,miss,exact,1.0
66133.mp4,66133,mix,exact,1.0
66136.mp4,66136,monday,exact,1.0
66138.mp4,66138,money,exact,1.0
66140.mp4,66140,monkey,exact,1.0
66141.mp4,66141,month,exact,1.0
66142.mp4,66142,moon,exact,1.0
66145.mp4,66145,most,exact,1.0
66146.mp4,66146,mother,exact,1.0
66147.mp4,66147,mother,exact,1.0
66148.mp4,66148,motivate,exact,1.0
66149.mp4,66149,mouth,exact,1.0
66151.mp4,66151,move,exact,1.0
66154.mp4,66154,much,exact,1.0
66155.mp4,66155,museum,exact,1.0
66156.mp4,66156,music,exact,1.0
66159.mp4,66159,napkin,exact,1.0
66161.mp4,66161,neck,exact,1.0
66162.mp4,66162,necklace,exact,1.0
66164.mp4,66164,negative,exact,1.0
66165.mp4,66165,network,exact,1.0
66166.mp4,66166,never,exact,1.0
66171.mp4,66171,niece,exact,1.0
66173.mp4,66173,nine,exact,1.0
66177.mp4,66177,nineteen,exact,1.0
66178.mp4,66178,nineteen,exact,1.0
66183.mp4,66183,no,exact,1.0
66186.mp4,66186,none,exact,1.0
66189.mp4,66189,normal,exact,1.0
66192.mp4,66192,nothing,exact,1.0
66193.mp4,66193,notice,exact,1.0
66220.mp4,66220,nut,exact,1.0
66221.mp4,66221,obsess,exact,1.0
66222.mp4,66222,octopus,exact,1.0
66224.mp4,66224,office,exact,1.0
66227.mp4,66227,once,exact,1.0
66228.mp4,66228,one,exact,1.0
66239.mp4,66239,opinion,exact,1.0
66240.mp4,66240,opinion,exact,1.0
66245.mp4,66245,oral,exact,1.0
66246.mp4,66246,orange,exact,1.0
66248.mp4,66248,order,exact,1.0
66249.mp4,66249,order,exact,1.0
66253.mp4,66253,overlook,exact,1.0
66255.mp4,66255,overwhelm,exact,1.0
66256.mp4,66256,owl,exact,1.0
66258.mp4,66258,pack,exact,1.0
66261.mp4,66261,pants,exact,1.0
66263.mp4,66263,parallel,exact,1.0
66265.mp4,66265,party,exact,1.0
66267.mp4,66267,pass,exact,1.0
66270.mp4,66270,patient,exact,1.0
66271.mp4,66271,pay,exact,1.0
66272.mp4,66272,peanut butter,exact,1.0
66273.mp4,66273,pear,exact,1.0
66277.mp4,66277,pennsylvania,exact,1.0
66279.mp4,66279,period,exact,1.0
66280.mp4,66280,person,exact,1.0
66281.mp4,66281,perspective,exact,1.0
66283.mp4,66283,pet,exact,1.0
66284.mp4,66284,philadelphia,exact,1.0
66285.mp4,66285,philadelphia,exact,1.0
66287.mp4,66287,philosophy,exact,1.0
66291.mp4,66291,pick,exact,1.0
66296.mp4,66296,pink,exact,1.0
66297.mp4,66297,pizza,exact,1.0
66298.mp4,66298,plan,exact,1.0
66299.mp4,66299,plate,exact,1.0
66300.mp4,66300,player,exact,1.0
66303.mp4,66303,plus,exact,1.0
66304.mp4,66304,point,exact,1.0
66306.mp4,66306,police,exact,1.0
66307.mp4,66307,policy,exact,1.0
66308.mp4,66308,polite,exact,1.0
66309.mp4,66309,politics,exact,1.0
66311.mp4,66311,poop,exact,1.0
66312.mp4,66312,popular,exact,1.0
66313.mp4,66313,positive,exact,1.0
66316.mp4,66316,possible,exact,1.0
66318.mp4,66318,potato,exact,1.0
66319.mp4,66319,power,exact,1.0
66320.mp4,66320,practice,exact,1.0
66321.mp4,66321,precious,exact,1.0
66324.mp4,66324,prepare,exact,1.0
66326.mp4,66326,president,exact,1.0
66328.mp4,66328,pretty,exact,1.0
66330.mp4,66330,price,exact,1.0
66331.mp4,66331,principal,exact,1.0
66332.mp4,66332,print,exact,1.0
66334.mp4,66334,prison,exact,1.0
66335.mp4,66335,problem,exact,1.0
66337.mp4,66337,program,exact,1.0
66338.mp4,66338,project,exact,1.0
66339.mp4,66339,promise,exact,1.0
66340.mp4,66340,promote,exact,1.0
66341.mp4,66341,proof,exact,1.0
66343.mp4,66343,protect,exact,1.0
66346.mp4,66346,provide,exact,1.0
66351.mp4,66351,pull,exact,1.0
66352.mp4,66352,pumpkin,exact,1.0
66354.mp4,66354,punish,exact,1.0
66355.mp4,66355,purple,exact,1.0
66356.mp4,66356,push,exact,1.0
66359.mp4,66359,puzzled,exact,1.0
66360.mp4,66360,quality,exact,1.0
66362.mp4,66362,queen,exact,1.0
66363.mp4,66363,quick,exact,1.0
66364.mp4,66364,quick,exact,1.0
66365.mp4,66365,quiet,exact,1.0
66367.mp4,66367,raccoon,exact,1.0
66368.mp4,66368,raccoon,exact,1.0
66369.mp4,66369,rain,exact,1.0
66370.mp4,66370,rake,exact,1.0
66374.mp4,66374,ready,exact,1.0
66375.mp4,66375,reason,exact,1.0
66376.mp4,66376,recent,exact,1.0
66377.mp4,66377,recent,exact,1.0
66381.mp4,66381,refuse,exact,1.0
66383.mp4,66383,regular,exact,1.0
66384.mp4,66384,relationship,exact,1.0
66385.mp4,66385,relief,exact,1.0
66386.mp4,66386,religion,exact,1.0
66387.mp4,66387,remember,exact,1.0
66389.mp4,66389,remote control,exact,1.0
66390.mp4,66390,remove,exact,1.0
66392.mp4,66392,replace,exact,1.0
66393.mp4,66393,research,exact,1.0
66394.mp4,66394,resign,exact,1.0
66395.mp4,66395,resist,exact,1.0
66396.mp4,66396,respect,exact,1.0
66397.mp4,66397,responsibility,exact,1.0
66398.mp4,66398,restaurant,exact,1.0
66399.mp4,66399,result,exact,1.0
66400.mp4,66400,retire,exact,1.0
66402.mp4,66402,revenge,exact,1.0
66403.mp4,66403,revenge,exact,1.0
66405.mp4,66405,ride,exact,1.0
66407.mp4,66407,ridiculous,exact,1.0
66410.mp4,66410,river,exact,1.0
66411.mp4,66411,rock,exact,1.0
66415.mp4,66415,room,exact,1.0
66416.mp4,66416,room,exact,1.0
66417.mp4,66417,roommate,exact,1.0
66418.mp4,66418,rough,exact,1.0
66419.mp4,66419,rule,exact,1.0
66421.mp4,66421,salad,exact,1.0
66422.mp4,66422,salt,exact,1.0
66423.mp4,66423,sandwich,exact,1.0
66424.mp4,66424,sandwich,exact,1.0
66427.mp4,66427,satisfy,exact,1.0
66428.mp4,66428,saturday,exact,1.0
66429.mp4,66429,say,exact,1.0
66432.mp4,66432,scared,exact,1.0
66433.mp4,66433,scissors,exact,1.0
66434.mp4,66434,score,exact,1.0
66439.mp4,66439,second,exact,1.0
66440.mp4,66440,secret,exact,1.0
66441.mp4,66441,secretary,exact,1.0
66442.mp4,66442,seem,exact,1.0
66444.mp4,66444,senate,exact,1.0
66447.mp4,66447,sensitive,exact,1.0
66448.mp4,66448,serious,exact,1.0
66449.mp4,66449,serve,exact,1.0
66452.mp4,66452,settle,exact,1.0
66453.mp4,66453,seven,exact,1.0
66458.mp4,66458,several,exact,1.0
66459.mp4,66459,sew,exact,1.0
66461.mp4,66461,share,exact,1.0
66466.mp4,66466,shock,exact,1.0
66468.mp4,66468,shop,exact,1.0
66469.mp4,66469,short,exact,1.0
66472.mp4,66472,shoulder,exact,1.0
66473.mp4,66473,show,exact,1.0
66474.mp4,66474,shy,exact,1.0
66475.mp4,66475,sick,exact,1.0
66477.mp4,66477,side,exact,1.0
66478.mp4,66478,sign,exact,1.0
66481.mp4,66481,silly,exact,1.0
66482.mp4,66482,since,exact,1.0
66483.mp4,66483,since,exact,1.0
66484.mp4,66484,single,exact,1.0
66486.mp4,66486,siren,exact,1.0
66487.mp4,66487,siren,exact,1.0
66488.mp4,66488,sister,exact,1.0
66489.mp4,66489,situation,exact,1.0
66490.mp4,66490,six,exact,1.0
66494.mp4,66494,sixteen,exact,1.0
66502.mp4,66502,skill,exact,1.0
66504.mp4,66504,skip,exact,1.0
66505.mp4,66505,slice,exact,1.0
66507.mp4,66507,slip,exact,1.0
66508.mp4,66508,slow,exact,1.0
66510.mp4,66510,smell,exact,1.0
66511.mp4,66511,smile,exact,1.0
66512.mp4,66512,smile,exact,1.0
66515.mp4,66515,snake,exact,1.0
66518.mp4,66518,snow,exact,1.0
66519.mp4,66519,snow,exact,1.0
66520.mp4,66520,snowman,exact,1.0
66521.mp4,66521,snowman,exact,1.0
66522.mp4,66522,soap,exact,1.0
66523.mp4,66523,soccer,exact,1.0
66526.mp4,66526,society,exact,1.0
66527.mp4,66527,socks,exact,1.0
66528.mp4,66528,solid,exact,1.0
66531.mp4,66531,son,exact,1.0
66532.mp4,66532,son,exact,1.0
66533.mp4,66533,soon,exact,1.0
66534.mp4,66534,soon,exact,1.0
66536.mp4,66536,sorry,exact,1.0
66537.mp4,66537,sound,exact,1.0
66538.mp4,66538,soup,exact,1.0
66541.mp4,66541,spanish,exact,1.0
66542.mp4,66542,special,exact,1.0
66543.mp4,66543,special,exact,1.0
66546.mp4,66546,spider,exact,1.0
66551.mp4,66551,squirrel,exact,1.0
66552.mp4,66552,stairs,exact,1.0
66553.mp4,66553,stand,exact,1.0
66555.mp4,66555,still,exact,1.0
66557.mp4,66557,stink,exact,1.0
66558.mp4,66558,stink,exact,1.0
66560.mp4,66560,stomach,exact,1.0
66561.mp4,66561,story,exact,1.0
66562.mp4,66562,story,exact,1.0
66563.mp4,66563,straight,exact,1.0
66564.mp4,66564,strange,exact,1.0
66567.mp4,66567,strawberry,exact,1.0
66568.mp4,66568,strawberry,exact,1.0
66569.mp4,66569,street,exact,1.0
66570.mp4,66570,stress,exact,1.0
66571.mp4,66571,strict,exact,1.0
66572.mp4,66572,strong,exact,1.0
66573.mp4,66573,struggle,exact,1.0
66574.mp4,66574,stubborn,exact,1.0
66575.mp4,66575,study,exact,1.0
66577.mp4,66577,subtract,exact,1.0
66579.mp4,66579,summer,exact,1.0
66580.mp4,66580,sunrise,exact,1.0
66581.mp4,66581,sunset,exact,1.0
66583.mp4,66583,surprise,exact,1.0
66584.mp4,66584,sweater,exact,1.0
66585.mp4,66585,sweet,exact,1.0
66591.mp4,66591,tall,exact,1.0
66592.mp4,66592,tall,exact,1.0
66593.mp4,66593,teacher,exact,1.0
66595.mp4,66595,text,exact,1.0
66596.mp4,66596,text,exact,1.0
66597.mp4,66597,than,exact,1.0
66598.mp4,66598,thank you,exact,1.0
66599.mp4,66599,that,exact,1.0
66602.mp4,66602,then,exact,1.0
66603.mp4,66603,theory,exact,1.0
66604.mp4,66604,theory,exact,1.0
66605.mp4,66605,therapy,exact,1.0
66606.mp4,66606,thin,exact,1.0
66607.mp4,66607,thin,exact,1.0
66608.mp4,66608,thing,exact,1.0
66609.mp4,66609,think,exact,1.0
66614.mp4,66614,third,exact,1.0
66615.mp4,66615,thirsty,exact,1.0
66628.mp4,66628,this,exact,1.0
66629.mp4,66629,thousand,exact,1.0
66630.mp4,66630,three,exact,1.0
66634.mp4,66634,thrill,exact,1.0
66636.mp4,66636,throw,exact,1.0
66637.mp4,66637,thursday,exact,1.0
66638.mp4,66638,thursday,exact,1.0
66639.mp4,66639,thursday,exact,1.0
66640.mp4,66640,thursday,exact,1.0
66642.mp4,66642,tie,exact,1.0
66643.mp4,66643,tiger,exact,1.0
66644.mp4,66644,time,exact,1.0
66649.mp4,66649,tissue,exact,1.0
66650.mp4,66650,title,exact,1.0
66652.mp4,66652,toast,exact,1.0
66653.mp4,66653,together,exact,1.0
66654.mp4,66654,tomato,exact,1.0
66655.mp4,66655,tomorrow,exact,1.0
66656.mp4,66656,tongue,exact,1.0
66657.mp4,66657,toothbrush,exact,1.0
66658.mp4,66658,top,exact,1.0
66659.mp4,66659,topic,exact,1.0
66661.mp4,66661,town,exact,1.0
66663.mp4,66663,tradition,exact,1.0
66664.mp4,66664,traffic,exact,1.0
66665.mp4,66665,train,exact,1.0
66667.mp4,66667,transfer,exact,1.0
66669.mp4,66669,translate,exact,1.0
66670.mp4,66670,translate,exact,1.0
66672.mp4,66672,travel,exact,1.0
66673.mp4,66673,tree,exact,1.0
66676.mp4,66676,trouble,exact,1.0
66677.mp4,66677,truck,exact,1.0
66678.mp4,66678,truck,exact,1.0
66680.mp4,66680,try,exact,1.0
66681.mp4,66681,try,exact,1.0
66683.mp4,66683,turkey,exact,1.0
66684.mp4,66684,turn,exact,1.0
66699.mp4,66699,umbrella,exact,1.0
66704.mp4,66704,understand,exact,1.0
66705.mp4,66705,underwear,exact,1.0
66707.mp4,66707,university,exact,1.0
66708.mp4,66708,until,exact,1.0
66709.mp4,66709,up,exact,1.0
66711.mp4,66711,upset,exact,1.0
66712.mp4,66712,upset,exact,1.0
66715.mp4,66715,vacation,exact,1.0
66718.mp4,66718,vampire,exact,1.0
66720.mp4,66720,vegetable,exact,1.0
66722.mp4,66722,very,exact,1.0
66729.mp4,66729,violin,exact,1.0
66731.mp4,66731,visit,exact,1.0
66732.mp4,66732,visitor,exact,1.0
66733.mp4,66733,visualize,exact,1.0
66734.mp4,66734,vlog,exact,1.0
66735.mp4,66735,vocabulary,exact,1.0
66736.mp4,66736,voice,exact,1.0
66739.mp4,66739,volunteer,exact,1.0
66740.mp4,66740,wait,exact,1.0
66742.mp4,66742,walk,exact,1.0
66743.mp4,66743,walk,exact,1.0
66744.mp4,66744,wall,exact,1.0
66745.mp4,66745,wallet,exact,1.0
66746.mp4,66746,war,exact,1.0
66747.mp4,66747,warn,exact,1.0
66748.mp4,66748,wash face,exact,1.0
66750.mp4,66750,waste,exact,1.0
66752.mp4,66752,water,exact,1.0
66755.mp4,66755,we,exact,1.0
66756.mp4,66756,wear,exact,1.0
66757.mp4,66757,wedding,exact,1.0
66758.mp4,66758,wednesday,exact,1.0
66759.mp4,66759,week,exact,1.0
66760.mp4,66760,weekend,exact,1.0
66761.mp4,66761,weekend,exact,1.0
66762.mp4,66762,weird,exact,1.0
66763.mp4,66763,welcome,exact,1.0
66764.mp4,66764,welcome,exact,1.0
66765.mp4,66765,west,exact,1.0
66766.mp4,66766,wet,exact,1.0
66767.mp4,66767,wet,exact,1.0
66769.mp4,66769,what,exact,1.0
66772.mp4,66772,whatever,exact,1.0
66773.mp4,66773,when,exact,1.0
66774.mp4,66774,where,exact,1.0
66775.mp4,66775,which,exact,1.0
66776.mp4,66776,while,exact,1.0
66778.mp4,66778,who,exact,1.0
66779.mp4,66779,who,exact,1.0
66781.mp4,66781,why,exact,1.0
66783.mp4,66783,wide,exact,1.0
66784.mp4,66784,wife,exact,1.0
66785.mp4,66785,wife,exact,1.0
66788.mp4,66788,willing,exact,1.0
66789.mp4,66789,win,exact,1.0
66790.mp4,66790,wind,exact,1.0
66791.mp4,66791,window,exact,1.0
66795.mp4,66795,with,exact,1.0
66796.mp4,66796,without,exact,1.0
66797.mp4,66797,wolf,exact,1.0
66798.mp4,66798,woman,exact,1.0
66799.mp4,66799,woman,exact,1.0
66800.mp4,66800,wonder,exact,1.0
66801.mp4,66801,wonderful,exact,1.0
66802.mp4,66802,wood,exact,1.0
66803.mp4,66803,word,exact,1.0
66804.mp4,66804,work,exact,1.0
66805.mp4,66805,worker,exact,1.0
66806.mp4,66806,workshop,exact,1.0
66807.mp4,66807,world,exact,1.0
66808.mp4,66808,worm,exact,1.0
66810.mp4,66810,worry,exact,1.0
66811.mp4,66811,worse,exact,1.0
66812.mp4,66812,worthless,exact,1.0
66814.mp4,66814,wristwatch,exact,1.0
66815.mp4,66815,write,exact,1.0
66816.mp4,66816,year,exact,1.0
66818.mp4,66818,year,exact,1.0
66819.mp4,66819,yellow,exact,1.0
66820.mp4,66820,yes,exact,1.0
66821.mp4,66821,yesterday,exact,1.0
66822.mp4,66822,yesterday,exact,1.0
66825.mp4,66825,zero,exact,1.0
69205.mp4,69205,add,exact,1.0
69206.mp4,69206,all,exact,1.0
69207.mp4,69207,also,exact,1.0
69210.mp4,69210,angle,exact,1.0
69211.mp4,69211,animal,exact,1.0
69212.mp4,69212,any,exact,1.0
69213.mp4,69213,apple,exact,1.0
69215.mp4,69215,arm,exact,1.0
69216.mp4,69216,away,exact,1.0
69217.mp4,69217,baby,exact,1.0
69218.mp4,69218,back,exact,1.0
69219.mp4,69219,bad,exact,1.0
69221.mp4,69221,ball,exact,1.0
69225.mp4,69225,basketball,exact,1.0
69226.mp4,69226,bear,exact,1.0
69230.mp4,69230,bet,exact,1.0
69231.mp4,69231,big,exact,1.0
69233.mp4,69233,bird,exact,1.0
69236.mp4,69236,black,exact,1.0
69238.mp4,69238,blue,exact,1.0
69239.mp4,69239,boat,exact,1.0
69240.mp4,69240,body,exact,1.0
69241.mp4,69241,book,exact,1.0
69242.mp4,69242,both,exact,1.0
69243.mp4,69243,bottle,exact,1.0
69244.mp4,69244,box,exact,1.0
69245.mp4,69245,boy,exact,1.0
69250.mp4,69250,bring,exact,1.0
69251.mp4,69251,brother,exact,1.0
69252.mp4,69252,brown,exact,1.0
69255.mp4,69255,buy,exact,1.0
69256.mp4,69256,cake,exact,1.0
69257.mp4,69257,can,exact,1.0
69258.mp4,69258,car,exact,1.0
69259.mp4,69259,carrot,exact,1.0
69260.mp4,69260,carry,exact,1.0
69261.mp4,69261,cat,exact,1.0
69262.mp4,69262,catch,exact,1.0
69264.mp4,69264,cereal,exact,1.0
69266.mp4,69266,chapter,exact,1.0
69269.mp4,69269,city,exact,1.0
69270.mp4,69270,class,exact,1.0
69271.mp4,69271,coat,exact,1.0
69274.mp4,69274,color,exact,1.0
69275.mp4,69275,come,exact,1.0
69276.mp4,69276,common,exact,1.0
69280.mp4,69280,cookie,exact,1.0
69281.mp4,69281,cool,exact,1.0
69282.mp4,69282,corn,exact,1.0
69283.mp4,69283,cow,exact,1.0
69284.mp4,69284,crash,exact,1.0
69286.mp4,69286,crush,exact,1.0
69289.mp4,69289,dad,exact,1.0
69290.mp4,69290,dark,exact,1.0
69291.mp4,69291,day,exact,1.0
69292.mp4,69292,deer,exact,1.0
69294.mp4,69294,describe,exact,1.0
69296.mp4,69296,dirty,exact,1.0
69298.mp4,69298,dog,exact,1.0
69299.mp4,69299,doll,exact,1.0
69300.mp4,69300,done,exact,1.0
69301.mp4,69301,down,exact,1.0
69302.mp4,69302,drink,exact,1.0
69303.mp4,69303,drum,exact,1.0
69304.mp4,69304,dry,exact,1.0
69305.mp4,69305,duck,exact,1.0
69306.mp4,69306,ear,exact,1.0
69307.mp4,69307,eat,exact,1.0
69309.mp4,69309,eight,exact,1.0
69311.mp4,69311,every,exact,1.0
69314.mp4,69314,eye,exact,1.0
69315.mp4,69315,fact,exact,1.0
69316.mp4,69316,family,exact,1.0
69317.mp4,69317,farm,exact,1.0
69318.mp4,69318,father,exact,1.0
69319.mp4,69319,feel,exact,1.0
69323.mp4,69323,find,exact,1.0
69325.mp4,69325,fish,exact,1.0
69326.mp4,69326,five,exact,1.0
69327.mp4,69327,fix,exact,1.0
69330.mp4,69330,food,exact,1.0
69331.mp4,69331,football,exact,1.0
69333.mp4,69333,four,exact,1.0
69337.mp4,69337,from,exact,1.0
69338.mp4,69338,fun,exact,1.0
69341.mp4,69341,get,exact,1.0
69342.mp4,69342,girl,exact,1.0
69343.mp4,69343,give,exact,1.0
69344.mp4,69344,glass,exact,1.0
69345.mp4,69345,go,exact,1.0
69347.mp4,69347,good,exact,1.0
69349.mp4,69349,grandma,exact,1.0
69352.mp4,69352,great,exact,1.0
69353.mp4,69353,green,exact,1.0
69354.mp4,69354,grow,exact,1.0
69358.mp4,69358,hard,exact,1.0
69359.mp4,69359,hat,exact,1.0
69360.mp4,69360,have,exact,1.0
69362.mp4,69362,head,exact,1.0
69364.mp4,69364,help,exact,1.0
69365.mp4,69365,here,exact,1.0
69366.mp4,69366,home,exact,1.0
69368.mp4,69368,hot,exact,1.0
69369.mp4,69369,house,exact,1.0
69370.mp4,69370,how,exact,1.0
69375.mp4,69375,if,exact,1.0
69376.mp4,69376,important,exact,1.0
69377.mp4,69377,in,exact,1.0
69380.mp4,69380,jump,exact,1.0
69382.mp4,69382,land,exact,1.0
69384.mp4,69384,leaf,exact,1.0
69386.mp4,69386,less,exact,1.0
69387.mp4,69387,lift,exact,1.0
69388.mp4,69388,lightning,exact,1.0
69389.mp4,69389,like,exact,1.0
69390.mp4,69390,line,exact,1.0
69395.mp4,69395,man,exact,1.0
69396.mp4,69396,many,exact,1.0
69397.mp4,69397,maybe,exact,1.0
69399.mp4,69399,mom,exact,1.0
69401.mp4,69401,more,exact,1.0
69402.mp4,69402,mother,exact,1.0
69403.mp4,69403,motor,exact,1.0
69404.mp4,69404,my,exact,1.0
69405.mp4,69405,name,exact,1.0
69406.mp4,69406,negative,exact,1.0
69407.mp4,69407,new,exact,1.0
69411.mp4,69411,no,exact,1.0
69412.mp4,69412,none,exact,1.0
69413.mp4,69413,now,exact,1.0
69416.mp4,69416,ocean,exact,1.0
69417.mp4,69417,octopus,exact,1.0
69418.mp4,69418,off,exact,1.0
69419.mp4,69419,old,exact,1.0
69420.mp4,69420,on,exact,1.0
69421.mp4,69421,one,exact,1.0
69422.mp4,69422,orange,exact,1.0
69426.mp4,69426,people,exact,1.0
69429.mp4,69429,pig,exact,1.0
69430.mp4,69430,pink,exact,1.0
69431.mp4,69431,pizza,exact,1.0
69432.mp4,69432,place,exact,1.0
69433.mp4,69433,play,exact,1.0
69434.mp4,69434,please,exact,1.0
69437.mp4,69437,pretty,exact,1.0
69438.mp4,69438,print,exact,1.0
69439.mp4,69439,pull,exact,1.0
69440.mp4,69440,purple,exact,1.0
69441.mp4,69441,put,exact,1.0
69442.mp4,69442,question,exact,1.0
69445.mp4,69445,really,exact,1.0
69446.mp4,69446,red,exact,1.0
69450.mp4,69450,sad,exact,1.0
69451.mp4,69451,salt,exact,1.0
69454.mp4,69454,say,exact,1.0
69455.mp4,69455,school,exact,1.0
69459.mp4,69459,sea,exact,1.0
69460.mp4,69460,see,exact,1.0
69461.mp4,69461,sell,exact,1.0
69463.mp4,69463,seven,exact,1.0
69465.mp4,69465,shape,exact,1.0
69466.mp4,69466,she,exact,1.0
69467.mp4,69467,shelf,exact,1.0
69470.mp4,69470,sick,exact,1.0
69472.mp4,69472,since,exact,1.0
69474.mp4,69474,six,exact,1.0
69475.mp4,69475,size,exact,1.0
69476.mp4,69476,skate,exact,1.0
69477.mp4,69477,sky,exact,1.0
69479.mp4,69479,sleep,exact,1.0
69481.mp4,69481,snow,exact,1.0
69482.mp4,69482,soda,exact,1.0
69483.mp4,69483,soft,exact,1.0
69484.mp4,69484,some,exact,1.0
69485.mp4,69485,soup,exact,1.0
69486.mp4,69486,special,exact,1.0
69487.mp4,69487,spell,exact,1.0
69489.mp4,69489,store,exact,1.0
69491.mp4,69491,strange,exact,1.0
69492.mp4,69492,strawberry,exact,1.0
69493.mp4,69493,strong,exact,1.0
69494.mp4,69494,student,exact,1.0
69495.mp4,69495,summer,exact,1.0
69497.mp4,69497,suppose,exact,1.0
69499.mp4,69499,sweet,exact,1.0
69500.mp4,69500,take,exact,1.0
69501.mp4,69501,tent,exact,1.0
69502.mp4,69502,thank you,exact,1.0
69503.mp4,69503,them,exact,1.0
69504.mp4,69504,thing,exact,1.0
69505.mp4,69505,think,exact,1.0
69506.mp4,69506,thirsty,exact,1.0
69507.mp4,69507,this,exact,1.0
69508.mp4,69508,three,exact,1.0
69510.mp4,69510,tiger,exact,1.0
69511.mp4,69511,time,exact,1.0
69512.mp4,69512,today,exact,1.0
69520.mp4,69520,tv,exact,1.0
69521.mp4,69521,two,exact,1.0
69522.mp4,69522,up,exact,1.0
69523.mp4,69523,very,exact,1.0
69524.mp4,69524,want,exact,1.0
69527.mp4,69527,we,exact,1.0
69529.mp4,69529,wet,exact,1.0
69530.mp4,69530,whale,exact,1.0
69531.mp4,69531,what,exact,1.0
69532.mp4,69532,when,exact,1.0
69533.mp4,69533,white,exact,1.0
69534.mp4,69534,who,exact,1.0
69536.mp4,69536,will,exact,1.0
69538.mp4,69538,wish,exact,1.0
69539.mp4,69539,with,exact,1.0
69541.mp4,69541,worm,exact,1.0
69542.mp4,69542,wrap,exact,1.0
69544.mp4,69544,write,exact,1.0
69545.mp4,69545,yellow,exact,1.0
69546.mp4,69546,yes,exact,1.0
69547.mp4,69547,you,exact,1.0
